row_id,source,actual_kwh,predicted_kwh,evaluation
6683,synthetic,1.3770581709264331,1.4330952,synthetic_holdout
5086,synthetic,12.82145709358647,10.072162,synthetic_holdout
2673,synthetic,0.5175655528095835,0.50279766,synthetic_holdout
4701,synthetic,0.0356887404833533,0.034651626,synthetic_holdout
5777,synthetic,0.0436126214965687,0.038574867,synthetic_holdout
5350,synthetic,0.388726970748568,0.45045626,synthetic_holdout
4822,synthetic,0.0867682676725004,0.08067824,synthetic_holdout
4627,synthetic,0.4239134709093986,0.4235212,synthetic_holdout
11872,synthetic,0.6484222609402887,0.8561008,synthetic_holdout
11247,synthetic,0.1316732835748961,0.13679339,synthetic_holdout
9887,synthetic,2.391175672651345,2.352552,synthetic_holdout
3073,synthetic,0.0855105569644072,0.07690895,synthetic_holdout
4758,synthetic,0.033005909633591,0.032019593,synthetic_holdout
11765,synthetic,0.0151721233736808,0.016133368,synthetic_holdout
4303,synthetic,0.3316043710614589,0.4427426,synthetic_holdout
7622,synthetic,3.703152331225053,3.5682347,synthetic_holdout
1049,synthetic,0.0165150058044473,0.01546359,synthetic_holdout
6029,synthetic,2.417514254102376,2.1008399,synthetic_holdout
7575,synthetic,0.2410554913931475,0.25973368,synthetic_holdout
1852,synthetic,0.0176312763203817,0.015972309,synthetic_holdout
8014,synthetic,0.1076087013543808,0.12463378,synthetic_holdout
760,synthetic,1.7569096295146285,2.2408917,synthetic_holdout
8833,synthetic,3.2577516344763966,3.4527895,synthetic_holdout
995,synthetic,2.6487673980993587,2.420963,synthetic_holdout
10455,synthetic,1.3499859827636496,1.1333604,synthetic_holdout
10956,synthetic,0.2334240507567435,0.21978524,synthetic_holdout
5398,synthetic,0.3993259604822824,0.28503257,synthetic_holdout
5595,synthetic,1.4290855678044865,1.1869563,synthetic_holdout
10721,synthetic,3.024170564798577,3.492476,synthetic_holdout
8387,synthetic,0.0312775217102245,0.02441987,synthetic_holdout
11581,synthetic,1.1825687815914936,1.0913819,synthetic_holdout
3546,synthetic,2.22240608282809,2.0431714,synthetic_holdout
3761,synthetic,2.9442705267846714,3.6348386,synthetic_holdout
9350,synthetic,1.839568463635873,1.7219065,synthetic_holdout
6887,synthetic,0.0321268784977071,0.03131391,synthetic_holdout
6620,synthetic,0.0135103229100078,0.013412131,synthetic_holdout
10157,synthetic,0.2044208375414346,0.2357911,synthetic_holdout
1692,synthetic,0.0449439340339475,0.050735604,synthetic_holdout
7672,synthetic,0.0185305568531271,0.015836975,synthetic_holdout
7314,synthetic,0.1533975486072552,0.12571248,synthetic_holdout
8828,synthetic,1.1250725603480558,1.2792963,synthetic_holdout
1944,synthetic,0.5134915035162575,0.5201709,synthetic_holdout
4340,synthetic,0.0217083238536822,0.017231029,synthetic_holdout
2053,synthetic,2.508409774253712,3.3668878,synthetic_holdout
9667,synthetic,0.1312552613082139,0.12305347,synthetic_holdout
2067,synthetic,0.1359141301764557,0.15546143,synthetic_holdout
2345,synthetic,0.9913440989807516,1.1115879,synthetic_holdout
4005,synthetic,0.1013485939390317,0.103621826,synthetic_holdout
1453,synthetic,0.0479946088667992,0.041895542,synthetic_holdout
4645,synthetic,0.0065214697796069,0.00759482,synthetic_holdout
792,synthetic,3.0080622908083003,3.3570395,synthetic_holdout
7942,synthetic,1.8059146674270563,1.4613823,synthetic_holdout
10044,synthetic,0.0342646380087427,0.029884368,synthetic_holdout
6715,synthetic,0.2094882893907174,0.21579134,synthetic_holdout
8569,synthetic,0.2378622454730465,0.28634217,synthetic_holdout
9817,synthetic,0.1108768856925007,0.13644254,synthetic_holdout
1266,synthetic,0.0184343056292894,0.019251866,synthetic_holdout
7597,synthetic,0.0174228389737362,0.018390235,synthetic_holdout
11334,synthetic,0.1583104744195078,0.11965205,synthetic_holdout
11098,synthetic,1.7135050979356794,1.6818415,synthetic_holdout
10389,synthetic,0.5854732007580415,0.7267436,synthetic_holdout
445,synthetic,0.0062567054305823,0.0064052483,synthetic_holdout
11469,synthetic,0.1633298444130927,0.15365748,synthetic_holdout
1674,synthetic,0.2242209820445477,0.24571516,synthetic_holdout
12217,synthetic,0.0158808914921099,0.016228313,synthetic_holdout
11069,synthetic,0.3028619905402406,0.28287423,synthetic_holdout
10588,synthetic,0.0101840066048319,0.012206643,synthetic_holdout
9690,synthetic,0.2798778956751135,0.25977987,synthetic_holdout
3804,synthetic,1.3357076289798404,1.247379,synthetic_holdout
9916,synthetic,0.2873690683423819,0.31039008,synthetic_holdout
10313,synthetic,0.8117929605332906,1.0564905,synthetic_holdout
5366,synthetic,0.0399408770062329,0.031136235,synthetic_holdout
6852,synthetic,0.2112223336672628,0.21891181,synthetic_holdout
6972,synthetic,0.8871618816413567,0.9091088,synthetic_holdout
6482,synthetic,0.0084646465085681,0.009251467,synthetic_holdout
6635,synthetic,0.281935482734212,0.27760854,synthetic_holdout
7224,synthetic,0.9752076000499462,1.0527695,synthetic_holdout
10971,synthetic,0.0623858159939069,0.062152512,synthetic_holdout
2143,synthetic,0.5347656812572007,0.5913077,synthetic_holdout
4112,synthetic,4.244001026998238,3.5890262,synthetic_holdout
2003,synthetic,0.0093864582286393,0.010409388,synthetic_holdout
11854,synthetic,0.5963096088488343,0.5654781,synthetic_holdout
1718,synthetic,0.0343427841869583,0.027629884,synthetic_holdout
9473,synthetic,0.3262512759393767,0.27664468,synthetic_holdout
11690,synthetic,1.7132517873648725,1.6505919,synthetic_holdout
11066,synthetic,0.0372794683804415,0.031137107,synthetic_holdout
700,synthetic,1.0822224682741777,1.1717044,synthetic_holdout
3378,synthetic,0.0246368861726049,0.018166421,synthetic_holdout
2787,synthetic,0.0168209549143383,0.017455686,synthetic_holdout
7280,synthetic,0.1075180483915847,0.12053693,synthetic_holdout
5541,synthetic,0.6926875349810471,0.738905,synthetic_holdout
9153,synthetic,0.2521527307378498,0.2378415,synthetic_holdout
1535,synthetic,0.0070417716448489,0.0075049507,synthetic_holdout
4462,synthetic,0.0015951474497027,0.0019156365,synthetic_holdout
6225,synthetic,0.5205531009521595,0.5236774,synthetic_holdout
1402,synthetic,0.024466586158054,0.024614485,synthetic_holdout
1169,synthetic,0.0761361795810492,0.084809154,synthetic_holdout
8165,synthetic,1.8958937394512343,2.1439743,synthetic_holdout
1776,synthetic,0.0265035038578079,0.028091235,synthetic_holdout
8642,synthetic,0.0621243322744761,0.07572526,synthetic_holdout
4267,synthetic,0.1014250413291206,0.08781936,synthetic_holdout
1143,synthetic,0.3520018615608586,0.422046,synthetic_holdout
4813,synthetic,2.215244305598668,1.9675723,synthetic_holdout
11317,synthetic,1.0040781628132538,0.8732977,synthetic_holdout
3672,synthetic,0.2875972091239471,0.30589363,synthetic_holdout
5971,synthetic,2.382570063615592,2.146587,synthetic_holdout
8991,synthetic,0.1951173226870877,0.22030334,synthetic_holdout
5757,synthetic,2.031836946250138,2.4955406,synthetic_holdout
2478,synthetic,0.4501072577188987,0.43703952,synthetic_holdout
8648,synthetic,0.0010442024142083,0.0009331703,synthetic_holdout
9694,synthetic,0.5169654301488611,0.5504098,synthetic_holdout
2617,synthetic,0.1330457993708742,0.12103435,synthetic_holdout
5045,synthetic,1.2517436064174776,1.2692633,synthetic_holdout
8637,synthetic,0.181989490353814,0.20173079,synthetic_holdout
3281,synthetic,0.2312496385383484,0.14287382,synthetic_holdout
6651,synthetic,0.0285112995897391,0.031806003,synthetic_holdout
5295,synthetic,7.377260849594728,8.240379,synthetic_holdout
2262,synthetic,0.1773703742357943,0.14706574,synthetic_holdout
973,synthetic,0.0086868692604003,0.008082009,synthetic_holdout
7442,synthetic,0.015842901908038,0.015905812,synthetic_holdout
7738,synthetic,0.001970565356112,0.0018043616,synthetic_holdout
3734,synthetic,1.3123218997706936,1.3405716,synthetic_holdout
984,synthetic,6.065541401800108,5.005519,synthetic_holdout
4844,synthetic,0.0334029102586039,0.038439732,synthetic_holdout
2915,synthetic,0.264400293274656,0.27049878,synthetic_holdout
5470,synthetic,0.1391856323360804,0.14954437,synthetic_holdout
6494,synthetic,0.019531032692483,0.0171737,synthetic_holdout
9633,synthetic,0.155928104447168,0.16603585,synthetic_holdout
5460,synthetic,0.1483183011600436,0.1355609,synthetic_holdout
1929,synthetic,0.0636346364522724,0.07520177,synthetic_holdout
4981,synthetic,0.2212963858805716,0.20683092,synthetic_holdout
4111,synthetic,0.0192682203223935,0.020424109,synthetic_holdout
9255,synthetic,0.0316038412610549,0.040653367,synthetic_holdout
5589,synthetic,0.7820236328321296,0.83735526,synthetic_holdout
11125,synthetic,0.2216812971728783,0.26486704,synthetic_holdout
9172,synthetic,0.0171582278372357,0.01533629,synthetic_holdout
3340,synthetic,2.727525537426463,2.9137974,synthetic_holdout
11407,synthetic,0.3541260499703119,0.4250508,synthetic_holdout
1299,synthetic,1.433103890190914,1.2378775,synthetic_holdout
6240,synthetic,0.5001812542037175,0.45452583,synthetic_holdout
12171,synthetic,0.9087161591610798,0.9132529,synthetic_holdout
12039,synthetic,0.0300109557643081,0.028122876,synthetic_holdout
11254,synthetic,0.1921636899836721,0.22114459,synthetic_holdout
6861,synthetic,1.2386707243715342,1.3703979,synthetic_holdout
1486,synthetic,2.580208706282677,2.4783654,synthetic_holdout
6796,synthetic,0.0402424579682212,0.040401135,synthetic_holdout
9940,synthetic,0.164560481982089,0.19531047,synthetic_holdout
7180,synthetic,0.6116152841072805,0.4979153,synthetic_holdout
8305,synthetic,0.1402468702025144,0.13052118,synthetic_holdout
4288,synthetic,0.0270417682033804,0.028856669,synthetic_holdout
1844,synthetic,0.3548753025157384,0.43528196,synthetic_holdout
2354,synthetic,0.3951910880151871,0.49774602,synthetic_holdout
4664,synthetic,0.0042195780388042,0.004281718,synthetic_holdout
11893,synthetic,0.0263325042377267,0.027575703,synthetic_holdout
10056,synthetic,0.0145524665823631,0.014049642,synthetic_holdout
4793,synthetic,2.079501177319745,2.099225,synthetic_holdout
4882,synthetic,1.3123946279009642,1.6380862,synthetic_holdout
6775,synthetic,0.0526745655954922,0.051189564,synthetic_holdout
11652,synthetic,0.0217003833473421,0.020600095,synthetic_holdout
8354,synthetic,1.0991744692655692,0.850831,synthetic_holdout
1818,synthetic,0.0715667536264198,0.081998445,synthetic_holdout
3014,synthetic,0.0141872268935895,0.013686314,synthetic_holdout
2412,synthetic,0.0007840241802218,0.00090484455,synthetic_holdout
7770,synthetic,0.2124882984495648,0.2407646,synthetic_holdout
850,synthetic,1.2281654443748928,0.9750751,synthetic_holdout
6829,synthetic,0.1139454947655315,0.10823205,synthetic_holdout
12137,synthetic,0.0078780885859121,0.007954338,synthetic_holdout
555,synthetic,0.0097827727574508,0.009698559,synthetic_holdout
1131,synthetic,0.0854966034711987,0.07181746,synthetic_holdout
10549,synthetic,0.0324252048703878,0.04005216,synthetic_holdout
1701,synthetic,1.0042159311332144,1.0099599,synthetic_holdout
9726,synthetic,0.1394972327183114,0.12769881,synthetic_holdout
5969,synthetic,0.3166704924622731,0.2973793,synthetic_holdout
3390,synthetic,0.1921169196634528,0.21687785,synthetic_holdout
4786,synthetic,1.284527892809279,1.6963773,synthetic_holdout
6047,synthetic,0.114518964559524,0.12518182,synthetic_holdout
5219,synthetic,4.865670640701115,3.9980283,synthetic_holdout
1454,synthetic,0.1052520682536405,0.10377169,synthetic_holdout
9223,synthetic,0.1179714107431209,0.13041106,synthetic_holdout
10773,synthetic,0.0094808313553526,0.0103810765,synthetic_holdout
2035,synthetic,0.1513610291236727,0.15144676,synthetic_holdout
4172,synthetic,0.166324332669386,0.19245142,synthetic_holdout
6098,synthetic,0.6940124015179813,0.5947411,synthetic_holdout
1988,synthetic,0.7095994284759644,0.8910835,synthetic_holdout
7243,synthetic,0.5426500478220935,0.5284609,synthetic_holdout
1416,synthetic,0.0085710914947023,0.007905662,synthetic_holdout
5849,synthetic,0.0569325246613383,0.062912375,synthetic_holdout
4313,synthetic,0.3437491272806131,0.28037733,synthetic_holdout
4006,synthetic,0.0357136728442982,0.02855232,synthetic_holdout
6897,synthetic,0.0043417567159441,0.0034346858,synthetic_holdout
11589,synthetic,1.4890876335917165,1.5371327,synthetic_holdout
996,synthetic,2.742027362514975,2.9966402,synthetic_holdout
9835,synthetic,1.8904945366213404,1.5980712,synthetic_holdout
2043,synthetic,0.0907936690092167,0.083700016,synthetic_holdout
3780,synthetic,0.0207277741193968,0.01714279,synthetic_holdout
7875,synthetic,0.0067732088389529,0.0078049903,synthetic_holdout
3188,synthetic,2.1851733160884965,2.0471976,synthetic_holdout
8677,synthetic,0.1083678541255223,0.100596525,synthetic_holdout
4925,synthetic,0.1334254393408775,0.1428312,synthetic_holdout
7345,synthetic,0.288394794088737,0.25295547,synthetic_holdout
4792,synthetic,0.3319613636126254,0.3386648,synthetic_holdout
6346,synthetic,0.1510299885403463,0.1263463,synthetic_holdout
10016,synthetic,0.0493773572052905,0.05546188,synthetic_holdout
8975,synthetic,3.874256104939076,3.5402958,synthetic_holdout
964,synthetic,0.017203250542336,0.018035332,synthetic_holdout
10138,synthetic,0.0007726491852782,0.00087438,synthetic_holdout
6356,synthetic,0.2793376592583891,0.2615273,synthetic_holdout
10227,synthetic,0.1923195072555138,0.22108059,synthetic_holdout
4599,synthetic,0.0018612415670091,0.0018460571,synthetic_holdout
8271,synthetic,0.0020231787515884,0.0018808203,synthetic_holdout
8817,synthetic,1.0676774489003416,0.9745544,synthetic_holdout
12040,synthetic,0.4575543892983694,0.44039673,synthetic_holdout
2600,synthetic,0.0857089351992227,0.07702346,synthetic_holdout
5093,synthetic,2.072860609366193,2.3015718,synthetic_holdout
7307,synthetic,0.5427562093318337,0.3470668,synthetic_holdout
7159,synthetic,1.184878780208236,1.044979,synthetic_holdout
7624,synthetic,0.0457593156202611,0.051069807,synthetic_holdout
3203,synthetic,0.0118547244678379,0.013275694,synthetic_holdout
4672,synthetic,0.2627035889690801,0.30984074,synthetic_holdout
3575,synthetic,0.0144101997757861,0.016323373,synthetic_holdout
2496,synthetic,0.0553471204634164,0.063212425,synthetic_holdout
10211,synthetic,4.283909003966405,4.216418,synthetic_holdout
9020,synthetic,0.0697522152629434,0.06550708,synthetic_holdout
593,synthetic,0.4335057939001721,0.4803051,synthetic_holdout
2514,synthetic,0.0174398551304936,0.016261324,synthetic_holdout
1544,synthetic,0.7807895886088206,0.7208325,synthetic_holdout
3096,synthetic,3.134125752226679,3.3701444,synthetic_holdout
8561,synthetic,0.248331237786582,0.21381724,synthetic_holdout
8375,synthetic,0.7688467382167478,0.88691086,synthetic_holdout
3297,synthetic,0.0133506297950001,0.014843301,synthetic_holdout
9747,synthetic,0.0325254028161149,0.03313746,synthetic_holdout
4719,synthetic,0.0105669852321307,0.009116465,synthetic_holdout
5014,synthetic,1.5349998504124522,1.2879369,synthetic_holdout
5783,synthetic,0.0251119425750164,0.024438411,synthetic_holdout
8692,synthetic,3.020070333030436,3.5933492,synthetic_holdout
2512,synthetic,5.9512417258421335,5.9431124,synthetic_holdout
5898,synthetic,0.2548878810784159,0.2157154,synthetic_holdout
5089,synthetic,0.2238515201888746,0.24835859,synthetic_holdout
11309,synthetic,0.1204783143337316,0.13389409,synthetic_holdout
6531,synthetic,0.1088881422289023,0.12965733,synthetic_holdout
5339,synthetic,0.0318233083753233,0.030599054,synthetic_holdout
3881,synthetic,0.2623872637794279,0.26186624,synthetic_holdout
10103,synthetic,2.014075922088752,2.6093357,synthetic_holdout
2051,synthetic,3.0240141635807443,3.3743412,synthetic_holdout
11860,synthetic,0.5974266988292791,0.6992866,synthetic_holdout
9326,synthetic,0.0625436343798461,0.059421506,synthetic_holdout
7277,synthetic,0.0283388384021961,0.026328197,synthetic_holdout
8463,synthetic,0.0165018994041452,0.018854901,synthetic_holdout
5090,synthetic,0.0332247352997779,0.0327866,synthetic_holdout
10544,synthetic,0.0044613969735715,0.0053997003,synthetic_holdout
3420,synthetic,1.9501571798235744,1.4828622,synthetic_holdout
10591,synthetic,0.127865644478254,0.107995756,synthetic_holdout
8394,synthetic,0.2160784130746322,0.21702124,synthetic_holdout
11468,synthetic,0.0184632153558526,0.020389978,synthetic_holdout
7704,synthetic,0.0045852727373756,0.0054460615,synthetic_holdout
8511,synthetic,0.2464269790065628,0.2878546,synthetic_holdout
8776,synthetic,0.5106301964209907,0.51610017,synthetic_holdout
5917,synthetic,0.1771747229431437,0.16289777,synthetic_holdout
11973,synthetic,0.0046262556298392,0.0041475273,synthetic_holdout
11470,synthetic,0.0713678931468139,0.05730497,synthetic_holdout
7039,synthetic,0.0135626888968153,0.020030377,synthetic_holdout
8436,synthetic,0.0037656494879674,0.0042326692,synthetic_holdout
1417,synthetic,0.0155971127075216,0.01545632,synthetic_holdout
5786,synthetic,0.0386350251379022,0.03203432,synthetic_holdout
825,synthetic,0.8989090322575225,0.8213354,synthetic_holdout
7373,synthetic,0.0136730246191195,0.016497344,synthetic_holdout
2290,synthetic,10.916523271065303,8.917641,synthetic_holdout
8747,synthetic,0.3814698709954305,0.33765414,synthetic_holdout
769,synthetic,0.0559805921458043,0.064292975,synthetic_holdout
6995,synthetic,0.7216962196250715,0.87633663,synthetic_holdout
907,synthetic,0.388690229009445,0.2917233,synthetic_holdout
10768,synthetic,0.0159163665743311,0.013926125,synthetic_holdout
11184,synthetic,0.0373979954988612,0.037446037,synthetic_holdout
12227,synthetic,0.062632013340738,0.07550104,synthetic_holdout
6749,synthetic,1.1069113621026874,1.0726637,synthetic_holdout
3853,synthetic,0.1483636737368546,0.15104367,synthetic_holdout
6880,synthetic,1.3414754660246635,1.7630018,synthetic_holdout
3258,synthetic,1.5204009379635215,1.6925555,synthetic_holdout
6672,synthetic,2.3460284882829585,2.0424447,synthetic_holdout
2499,synthetic,0.1117937476266923,0.11882013,synthetic_holdout
4054,synthetic,0.0176624208897146,0.015403607,synthetic_holdout
4149,synthetic,0.3205317421265009,0.32603732,synthetic_holdout
6811,synthetic,0.0110971633620424,0.013751562,synthetic_holdout
9290,synthetic,1.1543718451483491,0.97513944,synthetic_holdout
10367,synthetic,6.366078379722935,6.662369,synthetic_holdout
7569,synthetic,0.0071183891604895,0.0076781404,synthetic_holdout
885,synthetic,0.3311561686371271,0.29653546,synthetic_holdout
1580,synthetic,1.4236903556657328,1.2918745,synthetic_holdout
609,synthetic,0.0039460559295012,0.004019857,synthetic_holdout
1675,synthetic,0.0978313899958333,0.08724075,synthetic_holdout
7585,synthetic,0.0606030956785357,0.09359341,synthetic_holdout
9665,synthetic,2.1722443494352643,2.3351238,synthetic_holdout
8528,synthetic,0.0372270596325202,0.032673772,synthetic_holdout
5412,synthetic,3.5499222886419948,3.3917694,synthetic_holdout
1835,synthetic,0.4441064404795872,0.4248756,synthetic_holdout
1278,synthetic,1.193559739660924,1.0326751,synthetic_holdout
6756,synthetic,2.331069656744065,2.0801122,synthetic_holdout
2104,synthetic,0.4919625700086389,0.43524316,synthetic_holdout
8139,synthetic,0.2201981853141233,0.24814075,synthetic_holdout
689,synthetic,0.0086977072195904,0.0073732,synthetic_holdout
10359,synthetic,0.0052639779413008,0.006707523,synthetic_holdout
2731,synthetic,0.9824629409575176,0.9008691,synthetic_holdout
1563,synthetic,1.6734884195336654,1.7230717,synthetic_holdout
4801,synthetic,0.0589855067364821,0.052719194,synthetic_holdout
8931,synthetic,0.1032043578720965,0.105711184,synthetic_holdout
9679,synthetic,0.0655740473432462,0.075400345,synthetic_holdout
12031,synthetic,0.043724476662216,0.034465354,synthetic_holdout
8426,synthetic,0.0882935050089254,0.10539043,synthetic_holdout
3782,synthetic,0.065904590239698,0.06481887,synthetic_holdout
1112,synthetic,13.214175636601102,11.504694,synthetic_holdout
7823,synthetic,0.0175830010073496,0.014913291,synthetic_holdout
7394,synthetic,2.0665644104603493,2.0724669,synthetic_holdout
2712,synthetic,0.1675626365434137,0.14975509,synthetic_holdout
10822,synthetic,0.1249403477481102,0.10890385,synthetic_holdout
968,synthetic,0.0319225201971466,0.03774573,synthetic_holdout
11786,synthetic,0.4025554307508645,0.43953013,synthetic_holdout
9953,synthetic,0.027238100474392,0.02974032,synthetic_holdout
4517,synthetic,0.070007386105991,0.06789453,synthetic_holdout
9494,synthetic,0.0731984124369639,0.07632337,synthetic_holdout
12183,synthetic,0.0038464881350492,0.0041112993,synthetic_holdout
3550,synthetic,2.6666320702386384,3.461421,synthetic_holdout
1059,synthetic,2.309276976351021,2.467765,synthetic_holdout
3532,synthetic,0.2292671982412668,0.26986623,synthetic_holdout
9038,synthetic,0.416870116491447,0.4402819,synthetic_holdout
5425,synthetic,0.0326520260753802,0.033004828,synthetic_holdout
7737,synthetic,1.2234214240460046,1.3390613,synthetic_holdout
2084,synthetic,0.160570734262001,0.1654151,synthetic_holdout
2875,synthetic,0.2764844214119299,0.24737933,synthetic_holdout
2402,synthetic,4.805387906985644,4.068792,synthetic_holdout
12182,synthetic,0.1059358169028713,0.12883028,synthetic_holdout
4735,synthetic,0.262294545376963,0.27942324,synthetic_holdout
10718,synthetic,5.781129515687217,4.700646,synthetic_holdout
11871,synthetic,1.510060381005328,1.7430918,synthetic_holdout
9005,synthetic,0.2241758463758039,0.2080182,synthetic_holdout
5214,synthetic,0.1156834252755906,0.09467949,synthetic_holdout
3877,synthetic,1.3498118114834492,1.2718872,synthetic_holdout
7866,synthetic,0.0736696738786235,0.072364934,synthetic_holdout
6387,synthetic,1.0486478456082324,1.0009396,synthetic_holdout
1570,synthetic,0.9815736903748056,0.68581545,synthetic_holdout
3482,synthetic,0.1413133306792839,0.1829401,synthetic_holdout
6820,synthetic,0.0570391849564306,0.074719824,synthetic_holdout
6865,synthetic,0.0042705013473353,0.003666204,synthetic_holdout
8743,synthetic,0.0042738127289686,0.0035545575,synthetic_holdout
7285,synthetic,0.0076682829999485,0.007841561,synthetic_holdout
9333,synthetic,0.1144888050288549,0.12730905,synthetic_holdout
8289,synthetic,1.1496491592453355,0.93744373,synthetic_holdout
6107,synthetic,0.2244432970049623,0.27306008,synthetic_holdout
7099,synthetic,0.5017902512974273,0.5915424,synthetic_holdout
1931,synthetic,0.3983564773981143,0.44260108,synthetic_holdout
11995,synthetic,0.018877178295814,0.021635583,synthetic_holdout
6345,synthetic,0.0968385644057959,0.14657323,synthetic_holdout
10179,synthetic,0.4568367713816673,0.43526703,synthetic_holdout
990,synthetic,2.040343018339579,1.7463052,synthetic_holdout
10856,synthetic,0.6624852327256249,0.80344456,synthetic_holdout
4073,synthetic,0.7986998296548933,0.8604176,synthetic_holdout
6146,synthetic,1.1343285607553932,1.2322378,synthetic_holdout
12088,synthetic,1.3959926720094245,1.3787174,synthetic_holdout
721,synthetic,6.123210149927381,6.0326896,synthetic_holdout
1218,synthetic,0.0987541405752877,0.110126734,synthetic_holdout
8477,synthetic,0.1497869137008168,0.12873513,synthetic_holdout
12028,synthetic,3.5110294691943564,3.4193738,synthetic_holdout
8398,synthetic,0.4698347819920003,0.433509,synthetic_holdout
11341,synthetic,0.0435599920526077,0.039564192,synthetic_holdout
563,synthetic,3.933370669921803,3.5356944,synthetic_holdout
11010,synthetic,3.409436124672717,3.3942523,synthetic_holdout
2635,synthetic,0.0038184390492104,0.0034658266,synthetic_holdout
7512,synthetic,0.0628199785565019,0.05268559,synthetic_holdout
2910,synthetic,1.1207438364250353,1.0049081,synthetic_holdout
4734,synthetic,1.4844122804456827,1.5586103,synthetic_holdout
7399,synthetic,0.1226321015354332,0.106503926,synthetic_holdout
6546,synthetic,0.6076296114435779,0.5410922,synthetic_holdout
11524,synthetic,0.3008534333024548,0.32382983,synthetic_holdout
12090,synthetic,2.0348956976268187,2.5338936,synthetic_holdout
6781,synthetic,0.0591234255956172,0.07369001,synthetic_holdout
5583,synthetic,0.1323222602501793,0.1203491,synthetic_holdout
359,synthetic,0.0306716721438151,0.033827066,synthetic_holdout
10438,synthetic,0.4501464600591546,0.5410422,synthetic_holdout
4290,synthetic,3.8659507190336937,5.4194922,synthetic_holdout
7419,synthetic,3.478188158053754,3.4092062,synthetic_holdout
4399,synthetic,0.0030367637714246,0.0032505523,synthetic_holdout
2680,synthetic,0.3079576977238759,0.3167243,synthetic_holdout
5819,synthetic,0.0604542171703653,0.062605605,synthetic_holdout
4991,synthetic,9.483055489877916,8.707187,synthetic_holdout
10697,synthetic,2.030989638844228,1.7318796,synthetic_holdout
11251,synthetic,0.1470115220955763,0.1232655,synthetic_holdout
11368,synthetic,0.0111021131939816,0.011041113,synthetic_holdout
1693,synthetic,0.184266404372452,0.17038508,synthetic_holdout
5791,synthetic,0.0007987951617366,0.00094965217,synthetic_holdout
1583,synthetic,0.1238856885611268,0.122051805,synthetic_holdout
4379,synthetic,0.3365081575318409,0.38765693,synthetic_holdout
733,synthetic,0.3868946327697508,0.33475986,synthetic_holdout
3958,synthetic,0.1259843120082799,0.11575322,synthetic_holdout
8986,synthetic,0.0338956525621418,0.027074983,synthetic_holdout
10159,synthetic,1.3221266659803117,1.2231326,synthetic_holdout
4898,synthetic,3.876277507506233,3.6816576,synthetic_holdout
7095,synthetic,2.8561784767139304,2.428179,synthetic_holdout
6131,synthetic,2.326240525217797,1.9474837,synthetic_holdout
11569,synthetic,0.0285033412853592,0.02560991,synthetic_holdout
5383,synthetic,0.0190180096787612,0.018817369,synthetic_holdout
5771,synthetic,2.652636853085576,2.2992048,synthetic_holdout
3951,synthetic,2.268129148492603,2.4789028,synthetic_holdout
4037,synthetic,1.5077878461842096,1.6746576,synthetic_holdout
7046,synthetic,0.004860366982668,0.0064024744,synthetic_holdout
2834,synthetic,0.1010955339303623,0.091991834,synthetic_holdout
668,synthetic,0.0191258973824163,0.016658615,synthetic_holdout
971,synthetic,0.6352855143957375,0.6174913,synthetic_holdout
7436,synthetic,0.0370126340094463,0.033087596,synthetic_holdout
7727,synthetic,1.1612848071720745,1.0338266,synthetic_holdout
5840,synthetic,0.0214416031403881,0.021029497,synthetic_holdout
1607,synthetic,0.037787768004564,0.033161983,synthetic_holdout
7897,synthetic,0.0007833702782462,0.0009053369,synthetic_holdout
9673,synthetic,0.151608813023598,0.15827808,synthetic_holdout
1321,synthetic,0.1416092225824113,0.11462277,synthetic_holdout
9385,synthetic,0.0062996717635425,0.005487113,synthetic_holdout
9405,synthetic,0.034867197157437,0.030840239,synthetic_holdout
9137,synthetic,0.0101561564484763,0.010578569,synthetic_holdout
10113,synthetic,0.6918899104759212,0.70439845,synthetic_holdout
9728,synthetic,0.9862563168949974,1.2214721,synthetic_holdout
11622,synthetic,2.7607899503093467,2.4203923,synthetic_holdout
4352,synthetic,0.0544575436610206,0.05833537,synthetic_holdout
4671,synthetic,0.0807524656036079,0.076009825,synthetic_holdout
2241,synthetic,2.2898922769530525,2.3869376,synthetic_holdout
4093,synthetic,0.5664404040919455,0.69294876,synthetic_holdout
715,synthetic,0.1375186854778696,0.10520323,synthetic_holdout
6617,synthetic,1.970955405856255,2.098242,synthetic_holdout
6966,synthetic,0.0860679626051255,0.083459474,synthetic_holdout
6550,synthetic,0.4075971071987227,0.36801413,synthetic_holdout
1922,synthetic,0.0317365533223,0.039115388,synthetic_holdout
1992,synthetic,1.317874489788337,1.183826,synthetic_holdout
2358,synthetic,3.489648717798061,4.0427217,synthetic_holdout
4978,synthetic,2.431987259916526,2.7490141,synthetic_holdout
5665,synthetic,0.2532775373118057,0.3031556,synthetic_holdout
1532,synthetic,2.4321573496549456,2.2907345,synthetic_holdout
5617,synthetic,6.100860034948552,8.794341,synthetic_holdout
10108,synthetic,0.3437152065035319,0.34202355,synthetic_holdout
8823,synthetic,1.2359771480258592,1.3850493,synthetic_holdout
12065,synthetic,1.7753553147386667,1.3789684,synthetic_holdout
5098,synthetic,24.44211148662077,22.91308,synthetic_holdout
2449,synthetic,0.3971082812596205,0.2518187,synthetic_holdout
3367,synthetic,0.0154533333794595,0.012996942,synthetic_holdout
1876,synthetic,0.0334974695508138,0.036589213,synthetic_holdout
8220,synthetic,0.3616912133062311,0.43840936,synthetic_holdout
9991,synthetic,0.1340930388283453,0.089746684,synthetic_holdout
9107,synthetic,0.0008665077073224,0.00097173505,synthetic_holdout
3008,synthetic,0.2205449714512592,0.20732754,synthetic_holdout
4982,synthetic,0.0478832415482902,0.05497183,synthetic_holdout
5484,synthetic,0.1098436530118557,0.11143176,synthetic_holdout
11696,synthetic,0.1197713812486645,0.12425518,synthetic_holdout
3051,synthetic,0.006273131223316,0.00516097,synthetic_holdout
2161,synthetic,0.3765460611822541,0.42077625,synthetic_holdout
9146,synthetic,0.1765064268046871,0.21718471,synthetic_holdout
9858,synthetic,4.491911708425791,3.7984517,synthetic_holdout
717,synthetic,0.96415543638915,0.8634673,synthetic_holdout
1282,synthetic,0.1407743012605672,0.14311446,synthetic_holdout
7410,synthetic,0.0942023888564965,0.106834844,synthetic_holdout
1773,synthetic,0.0059878702669037,0.0053548506,synthetic_holdout
4634,synthetic,0.2154383944890834,0.24640816,synthetic_holdout
9881,synthetic,0.1346306023150778,0.116438024,synthetic_holdout
3134,synthetic,0.0630018067586122,0.07417485,synthetic_holdout
10840,synthetic,0.0203423214326529,0.015423844,synthetic_holdout
9884,synthetic,0.0467093893232084,0.050288115,synthetic_holdout
7328,synthetic,1.5860048583224018,1.0351576,synthetic_holdout
11755,synthetic,0.380559628795907,0.43070933,synthetic_holdout
5062,synthetic,0.078914353231722,0.07962178,synthetic_holdout
7937,synthetic,1.1163671602433225,0.9979509,synthetic_holdout
2045,synthetic,0.7721105298212669,0.6839579,synthetic_holdout
8825,synthetic,1.085811003701325,1.0191574,synthetic_holdout
8009,synthetic,1.7768771903075484,1.6746615,synthetic_holdout
11107,synthetic,0.8278391528254905,0.8428128,synthetic_holdout
8295,synthetic,0.0161819428556308,0.021716114,synthetic_holdout
10977,synthetic,0.3353254594249322,0.33320546,synthetic_holdout
10297,synthetic,0.026482951094036,0.035136856,synthetic_holdout
6571,synthetic,0.1035765417019641,0.11086579,synthetic_holdout
10563,synthetic,0.2477086813374627,0.23010264,synthetic_holdout
2702,synthetic,0.4950038700419112,0.44148162,synthetic_holdout
3262,synthetic,0.7020438913260343,0.6727369,synthetic_holdout
11303,synthetic,0.0167038729948824,0.015510385,synthetic_holdout
3834,synthetic,0.0097318888483121,0.011056419,synthetic_holdout
5139,synthetic,0.9550825037596832,1.1223242,synthetic_holdout
3360,synthetic,0.0111349550264178,0.00925262,synthetic_holdout
12128,synthetic,0.0131531665189249,0.014999042,synthetic_holdout
2505,synthetic,0.1902028936998492,0.22069997,synthetic_holdout
6163,synthetic,1.6445923118764982,1.5538056,synthetic_holdout
7782,synthetic,0.4593078611598451,0.42354184,synthetic_holdout
9565,synthetic,0.1068625381904486,0.090754785,synthetic_holdout
5753,synthetic,0.1820435515849356,0.18540013,synthetic_holdout
6203,synthetic,1.2251307061920114,1.2314761,synthetic_holdout
6227,synthetic,4.69236661949931,3.3282428,synthetic_holdout
3988,synthetic,0.0076999675644246,0.00760217,synthetic_holdout
336,synthetic,0.6305616187806141,0.6370889,synthetic_holdout
6881,synthetic,0.4803785804603648,0.40886578,synthetic_holdout
409,synthetic,0.0695558811364738,0.06312194,synthetic_holdout
8746,synthetic,1.3533843265398258,1.1624244,synthetic_holdout
3524,synthetic,0.0258236459791671,0.027491376,synthetic_holdout
8989,synthetic,0.0862572087918115,0.08417797,synthetic_holdout
3358,synthetic,0.0694761778625719,0.0812136,synthetic_holdout
8630,synthetic,0.0465246708380188,0.039834853,synthetic_holdout
5619,synthetic,0.0655207193051568,0.073926404,synthetic_holdout
10772,synthetic,0.1478889617073936,0.15644144,synthetic_holdout
11644,synthetic,0.5294417876870792,0.59105945,synthetic_holdout
11463,synthetic,1.2154818863722143,0.9124665,synthetic_holdout
9062,synthetic,0.1564323129401924,0.17324942,synthetic_holdout
10298,synthetic,0.0445250123713988,0.041311968,synthetic_holdout
10848,synthetic,2.098447853674449,2.0562844,synthetic_holdout
7320,synthetic,0.72079746800353,0.65300703,synthetic_holdout
4698,synthetic,0.0415977391221954,0.04229956,synthetic_holdout
11688,synthetic,0.4574845170080185,0.46577653,synthetic_holdout
2763,synthetic,0.1531163429561498,0.14643723,synthetic_holdout
7952,synthetic,0.2208726022456296,0.21562254,synthetic_holdout
4860,synthetic,3.300230471941564,3.7107797,synthetic_holdout
1706,synthetic,0.1018006735969826,0.10562802,synthetic_holdout
7973,synthetic,0.2490438668421203,0.24975066,synthetic_holdout
8428,synthetic,1.4552023098244091,1.3650682,synthetic_holdout
7507,synthetic,0.0078753689927674,0.008896638,synthetic_holdout
9742,synthetic,0.068964991824114,0.0729335,synthetic_holdout
1008,synthetic,0.4513056767719335,0.44348258,synthetic_holdout
4654,synthetic,0.0848266486340211,0.07934095,synthetic_holdout
2126,synthetic,0.1225214035824248,0.13041396,synthetic_holdout
7639,synthetic,0.0041284337915323,0.0037648815,synthetic_holdout
11768,synthetic,0.2136567846959523,0.23637699,synthetic_holdout
7233,synthetic,0.0183562301120039,0.020875124,synthetic_holdout
1855,synthetic,0.0420257623583392,0.03696214,synthetic_holdout
5371,synthetic,0.2630590491056077,0.30868083,synthetic_holdout
1230,synthetic,0.608161267774978,0.5731634,synthetic_holdout
417,synthetic,0.2888160635713187,0.3389519,synthetic_holdout
10918,synthetic,0.2753250673481602,0.2378197,synthetic_holdout
3408,synthetic,1.203923639105616,1.0485655,synthetic_holdout
7114,synthetic,0.0266838524771797,0.02915129,synthetic_holdout
2846,synthetic,0.0033960652857971,0.0043878327,synthetic_holdout
7369,synthetic,0.0334664326824865,0.03167971,synthetic_holdout
5331,synthetic,0.0276677141864429,0.03062686,synthetic_holdout
3789,synthetic,0.0101826334847158,0.00893,synthetic_holdout
6369,synthetic,0.5893271801504124,0.7198937,synthetic_holdout
778,synthetic,0.1264571725483066,0.15846406,synthetic_holdout
11863,synthetic,0.1376019376672694,0.13117084,synthetic_holdout
3534,synthetic,2.833335985698765,2.775042,synthetic_holdout
9889,synthetic,0.0665719105746702,0.07397526,synthetic_holdout
1952,synthetic,1.9419678692796152,1.6163291,synthetic_holdout
11320,synthetic,0.3119587965626466,0.26114768,synthetic_holdout
11224,synthetic,0.135419864217083,0.15606141,synthetic_holdout
11814,synthetic,0.0589396052002215,0.06337546,synthetic_holdout
8818,synthetic,4.351499969329211,3.6932685,synthetic_holdout
7752,synthetic,0.2806799666528922,0.26256877,synthetic_holdout
6643,synthetic,0.0570074618523513,0.06236312,synthetic_holdout
10965,synthetic,1.8676751009622627,1.6628735,synthetic_holdout
2974,synthetic,0.2317700936937849,0.25379118,synthetic_holdout
3970,synthetic,0.1503640473850415,0.15489446,synthetic_holdout
5804,synthetic,0.0529583434691912,0.06307064,synthetic_holdout
410,synthetic,3.692455900868966,3.6050627,synthetic_holdout
3911,synthetic,0.0517609854011682,0.05293524,synthetic_holdout
2476,synthetic,0.1767448232609883,0.20012665,synthetic_holdout
4146,synthetic,0.0117044256028519,0.013334925,synthetic_holdout
11971,synthetic,0.010240376617377,0.00933386,synthetic_holdout
5642,synthetic,0.0161393193168321,0.018362693,synthetic_holdout
301,synthetic,0.1527921195613854,0.17598665,synthetic_holdout
2885,synthetic,0.6397767245738271,0.5905165,synthetic_holdout
2195,synthetic,1.1681146356290264,1.3525723,synthetic_holdout
8631,synthetic,0.1513398361383099,0.17192274,synthetic_holdout
1482,synthetic,0.1194469733871074,0.19938725,synthetic_holdout
7176,synthetic,1.145330880159994,1.27231,synthetic_holdout
9270,synthetic,0.066709038894174,0.075746484,synthetic_holdout
10537,synthetic,2.7500716579496096,2.4503274,synthetic_holdout
11850,synthetic,0.2326488605552556,0.27523687,synthetic_holdout
6857,synthetic,0.1069769277715519,0.10708421,synthetic_holdout
7968,synthetic,0.2300683790101716,0.21979485,synthetic_holdout
2475,synthetic,0.5722777846610596,0.61347044,synthetic_holdout
2224,synthetic,1.158327520668268,1.1650739,synthetic_holdout
523,synthetic,0.1424247267622621,0.17167974,synthetic_holdout
6987,synthetic,0.0533334232819414,0.045235716,synthetic_holdout
9906,synthetic,0.0038743656588092,0.0036498492,synthetic_holdout
3169,synthetic,0.0160980834269735,0.019544413,synthetic_holdout
3613,synthetic,0.0284423318486713,0.030411374,synthetic_holdout
1609,synthetic,0.0114817373351876,0.011478935,synthetic_holdout
8655,synthetic,0.5060219832237749,0.6074723,synthetic_holdout
2893,synthetic,1.376961736980361,1.2009618,synthetic_holdout
7785,synthetic,0.8007569255648216,0.8278895,synthetic_holdout
5360,synthetic,27.42702110359216,19.896421,synthetic_holdout
9403,synthetic,0.8514257696780902,0.7871473,synthetic_holdout
2443,synthetic,2.033593396947455,1.7580507,synthetic_holdout
8767,synthetic,2.9278424523606925,3.380947,synthetic_holdout
8329,synthetic,0.0709877758567309,0.06377654,synthetic_holdout
1883,synthetic,0.0716595801542313,0.08547195,synthetic_holdout
5380,synthetic,0.0889005015603878,0.07573091,synthetic_holdout
7022,synthetic,5.482041506890938,5.2414136,synthetic_holdout
5068,synthetic,0.108250069379893,0.10980616,synthetic_holdout
4909,synthetic,0.9141301925289408,0.6955085,synthetic_holdout
11194,synthetic,0.0559076686936095,0.065051556,synthetic_holdout
2099,synthetic,0.0360443214225276,0.034783717,synthetic_holdout
12126,synthetic,2.2996420748318127,2.1042023,synthetic_holdout
5249,synthetic,2.003621578589501,2.3949118,synthetic_holdout
10316,synthetic,0.0146808672876351,0.018114997,synthetic_holdout
11886,synthetic,1.5121275116064623,2.4100606,synthetic_holdout
11091,synthetic,0.4886600503827583,0.41969937,synthetic_holdout
8101,synthetic,0.0275274613428325,0.031381156,synthetic_holdout
1132,synthetic,0.0131581932481419,0.011059713,synthetic_holdout
1141,synthetic,2.964270816912675,2.7463975,synthetic_holdout
7257,synthetic,0.0675000090685874,0.06272858,synthetic_holdout
11674,synthetic,0.2491991859472593,0.26429686,synthetic_holdout
10352,synthetic,0.121377980734777,0.12815596,synthetic_holdout
10063,synthetic,0.8705142663513251,1.0373492,synthetic_holdout
2148,synthetic,0.1082164453158585,0.12968542,synthetic_holdout
8790,synthetic,0.0089591477061933,0.0070880116,synthetic_holdout
11087,synthetic,0.2629597517186648,0.2858633,synthetic_holdout
7449,synthetic,0.1777610094682012,0.15302427,synthetic_holdout
943,synthetic,0.0086590652118735,0.007503192,synthetic_holdout
5288,synthetic,0.2400595737461416,0.2461937,synthetic_holdout
6305,synthetic,1.2803446423097713,1.4483032,synthetic_holdout
476,synthetic,1.8939646937299497,1.652857,synthetic_holdout
8902,synthetic,0.7228216650317515,0.90889835,synthetic_holdout
2181,synthetic,0.5811586266572856,0.49622276,synthetic_holdout
3747,synthetic,0.0628336012680491,0.062446747,synthetic_holdout
8839,synthetic,3.2748593576427814,3.2055964,synthetic_holdout
7801,synthetic,1.5264970798997337,1.7572412,synthetic_holdout
11793,synthetic,0.1547483343276992,0.14108898,synthetic_holdout
3786,synthetic,0.0251109017160505,0.02744759,synthetic_holdout
2886,synthetic,0.1746661435136056,0.15448985,synthetic_holdout
2427,synthetic,0.0143642663734785,0.016800543,synthetic_holdout
9600,synthetic,0.2249635499227508,0.26499906,synthetic_holdout
12191,synthetic,2.399064243891463,2.1502464,synthetic_holdout
8351,synthetic,0.078982411586823,0.08652304,synthetic_holdout
7849,synthetic,0.0359435112292134,0.04379839,synthetic_holdout
3136,synthetic,0.0615262793983101,0.051297378,synthetic_holdout
3124,synthetic,0.2759041316227059,0.26042372,synthetic_holdout
9048,synthetic,0.2283242917577898,0.2670142,synthetic_holdout
5417,synthetic,0.8277149904232652,0.6839111,synthetic_holdout
9242,synthetic,1.8596078683956736,1.6348485,synthetic_holdout
2570,synthetic,0.2649934727376311,0.25021815,synthetic_holdout
12008,synthetic,0.3383238907340644,0.3006325,synthetic_holdout
8955,synthetic,0.0183713355129426,0.017882114,synthetic_holdout
355,synthetic,0.8978726767564944,0.8580285,synthetic_holdout
8357,synthetic,2.249910602386234,2.122308,synthetic_holdout
9011,synthetic,0.0098406317197824,0.009391236,synthetic_holdout
5486,synthetic,0.135139472516533,0.13039282,synthetic_holdout
2137,synthetic,0.2129307848600556,0.23233865,synthetic_holdout
9876,synthetic,0.2557920221055688,0.21634614,synthetic_holdout
6481,synthetic,0.5345046329156613,0.6380757,synthetic_holdout
4378,synthetic,1.466840278989336,1.6676075,synthetic_holdout
5373,synthetic,0.1795808110724935,0.17649212,synthetic_holdout
4371,synthetic,0.6685302703917719,0.5794285,synthetic_holdout
10306,synthetic,0.0251167928233962,0.0313987,synthetic_holdout
7429,synthetic,0.3480684262940119,0.49663854,synthetic_holdout
1919,synthetic,0.0031490122898701,0.0037605374,synthetic_holdout
11050,synthetic,1.159454182480336,1.4559331,synthetic_holdout
5876,synthetic,0.0179468289718787,0.016903015,synthetic_holdout
9918,synthetic,0.5792425197148565,0.62524927,synthetic_holdout
4198,synthetic,0.0631669716726188,0.05063895,synthetic_holdout
2869,synthetic,1.9975264065493763,1.6437968,synthetic_holdout
10703,synthetic,0.7605146387621874,0.7058176,synthetic_holdout
8806,synthetic,0.0356147716116775,0.0300617,synthetic_holdout
12116,synthetic,0.0164487802625017,0.01668679,synthetic_holdout
2367,synthetic,0.6807822971692018,0.9791415,synthetic_holdout
3707,synthetic,0.0433411840051237,0.037042785,synthetic_holdout
448,synthetic,0.0094908710474048,0.009720082,synthetic_holdout
8942,synthetic,0.0378519055881454,0.0322526,synthetic_holdout
9976,synthetic,1.6561675313838171,1.5858871,synthetic_holdout
5455,synthetic,1.5966666777648062,1.7692277,synthetic_holdout
1590,synthetic,1.0843784624578077,1.1686361,synthetic_holdout
10075,synthetic,1.4540095129799142,1.6967303,synthetic_holdout
11394,synthetic,2.0667872459300054,2.4302566,synthetic_holdout
1459,synthetic,0.0184853493743014,0.014659047,synthetic_holdout
10096,synthetic,0.0167589171753902,0.018603547,synthetic_holdout
7035,synthetic,0.0129787692511179,0.01361834,synthetic_holdout
11503,synthetic,0.277986272410381,0.20278312,synthetic_holdout
1714,synthetic,0.1197461838844504,0.10529652,synthetic_holdout
9316,synthetic,0.0258721299600232,0.027451418,synthetic_holdout
10046,synthetic,0.7403998427597749,0.9369562,synthetic_holdout
5640,synthetic,0.0311881545466658,0.036006052,synthetic_holdout
9524,synthetic,0.0184981473480848,0.026902301,synthetic_holdout
676,synthetic,0.0034261235041644,0.003632361,synthetic_holdout
3647,synthetic,0.0214287456962814,0.017498296,synthetic_holdout
9094,synthetic,0.1195746512390097,0.13163617,synthetic_holdout
4214,synthetic,4.26020361628642,3.9522672,synthetic_holdout
2327,synthetic,0.013208570058475,0.015888553,synthetic_holdout
7506,synthetic,0.0145382938099321,0.015309216,synthetic_holdout
9842,synthetic,0.1036530871608203,0.12020956,synthetic_holdout
4408,synthetic,1.4388146015526029,1.3343073,synthetic_holdout
1783,synthetic,0.9416343849582836,0.92533726,synthetic_holdout
3376,synthetic,0.0396834625118491,0.042329412,synthetic_holdout
2105,synthetic,0.0291999680262744,0.027456218,synthetic_holdout
7085,synthetic,0.0598184156106343,0.06097082,synthetic_holdout
8760,synthetic,0.0799104341542805,0.06576161,synthetic_holdout
7498,synthetic,0.1361613775938998,0.1543834,synthetic_holdout
7984,synthetic,0.7464233175262498,0.837957,synthetic_holdout
641,synthetic,1.449093719728086,1.7183254,synthetic_holdout
9826,synthetic,0.8876975163273289,1.0394655,synthetic_holdout
6637,synthetic,0.0355745721309909,0.048216254,synthetic_holdout
11162,synthetic,0.0034780012448728,0.0036079243,synthetic_holdout
482,synthetic,0.1266784756113705,0.13034046,synthetic_holdout
2410,synthetic,0.0229092365830752,0.021065963,synthetic_holdout
8548,synthetic,0.0349127511538059,0.03784389,synthetic_holdout
9731,synthetic,0.0104736689669863,0.009526594,synthetic_holdout
3724,synthetic,6.229861492666439,7.4387336,synthetic_holdout
2767,synthetic,0.0957993627719343,0.19398572,synthetic_holdout
3479,synthetic,1.5987466869420257,1.6993566,synthetic_holdout
998,synthetic,10.22193847156706,8.784144,synthetic_holdout
9509,synthetic,3.151702919038944,3.4521616,synthetic_holdout
3493,synthetic,0.6956035941707838,0.6121224,synthetic_holdout
11071,synthetic,0.181501914626457,0.22430556,synthetic_holdout
5430,synthetic,0.1764340026388334,0.276518,synthetic_holdout
3467,synthetic,0.0155416536284796,0.018240126,synthetic_holdout
4191,synthetic,0.0153842399912572,0.0135571165,synthetic_holdout
11336,synthetic,0.0105434175176798,0.009503302,synthetic_holdout
11435,synthetic,0.7526729715241293,0.9012741,synthetic_holdout
12052,synthetic,0.1846817922848078,0.2257798,synthetic_holdout
10319,synthetic,0.0073894530913572,0.009214779,synthetic_holdout
2738,synthetic,0.1941293620502942,0.18066825,synthetic_holdout
12211,synthetic,0.0209996228834589,0.017627304,synthetic_holdout
5658,synthetic,0.015971186754001,0.016163127,synthetic_holdout
2165,synthetic,0.0089420462240635,0.008454108,synthetic_holdout
4383,synthetic,0.7889713937964039,0.8407464,synthetic_holdout
9622,synthetic,0.1927324934459194,0.19114466,synthetic_holdout
437,synthetic,0.2972916873509771,0.2617543,synthetic_holdout
6451,synthetic,0.3660842671966384,0.37195802,synthetic_holdout
9824,synthetic,0.0077235919725617,0.009123725,synthetic_holdout
7168,synthetic,0.0602512059085723,0.06428085,synthetic_holdout
8710,synthetic,9.147189962000445,9.569981,synthetic_holdout
7758,synthetic,0.0678374445396746,0.07277882,synthetic_holdout
6367,synthetic,0.2145664926585819,0.21837579,synthetic_holdout
6719,synthetic,0.1678660244386508,0.17459388,synthetic_holdout
1468,synthetic,0.2117265125978138,0.26212174,synthetic_holdout
1859,synthetic,1.0878924010611375,1.206137,synthetic_holdout
5026,synthetic,0.1016523696195957,0.10655877,synthetic_holdout
3195,synthetic,0.4458010273088316,0.41301003,synthetic_holdout
4449,synthetic,0.0009659443834543,0.00090180757,synthetic_holdout
3252,synthetic,9.727839503719672,8.924495,synthetic_holdout
2281,synthetic,1.74290319955216,1.6426206,synthetic_holdout
8541,synthetic,0.1908584853388142,0.19378047,synthetic_holdout
6979,synthetic,0.0157644380644243,0.013404255,synthetic_holdout
1982,synthetic,2.7570999390254105,2.4210737,synthetic_holdout
5667,synthetic,0.1140071250384404,0.10768271,synthetic_holdout
7542,synthetic,0.4009258902383377,0.42105708,synthetic_holdout
6566,synthetic,0.0357726928731769,0.03825413,synthetic_holdout
9569,synthetic,2.230518100984679,2.4966877,synthetic_holdout
2713,synthetic,0.018201510198944,0.014265257,synthetic_holdout
8425,synthetic,0.3461819308328794,0.3119471,synthetic_holdout
3491,synthetic,3.135351307142676,2.3799512,synthetic_holdout
9482,synthetic,0.2183193366830491,0.18989496,synthetic_holdout
5887,synthetic,0.3759313284272629,0.30945876,synthetic_holdout
6159,synthetic,0.4308186275925049,0.5265019,synthetic_holdout
427,synthetic,1.7943332932506393,2.0489805,synthetic_holdout
11706,synthetic,0.0533012886782595,0.05243165,synthetic_holdout
633,synthetic,0.2702677268508093,0.29032072,synthetic_holdout
9542,synthetic,0.2562534020084575,0.2385602,synthetic_holdout
9317,synthetic,2.0468138844490413,2.4059825,synthetic_holdout
7838,synthetic,0.0090353219326626,0.009188945,synthetic_holdout
1746,synthetic,0.0016422147135078,0.0019703377,synthetic_holdout
7482,synthetic,2.3257494469476896,1.8108685,synthetic_holdout
4724,synthetic,0.0542793302504529,0.05248612,synthetic_holdout
11780,synthetic,1.0892224327389428,1.2595961,synthetic_holdout
4324,synthetic,0.0656743091015606,0.06458902,synthetic_holdout
8603,synthetic,1.268288361464729,1.9029405,synthetic_holdout
8100,synthetic,1.5254647624435576,1.4096448,synthetic_holdout
6639,synthetic,3.778061499784626,4.0819583,synthetic_holdout
4389,synthetic,0.1634540874195364,0.14036137,synthetic_holdout
9655,synthetic,0.0942256830785205,0.08198751,synthetic_holdout
7021,synthetic,0.1056955646842982,0.106149554,synthetic_holdout
3632,synthetic,1.741474151553876,1.6920781,synthetic_holdout
743,synthetic,0.6859612165838813,0.5234324,synthetic_holdout
2428,synthetic,0.0324443011348493,0.030956525,synthetic_holdout
9325,synthetic,0.1106433845034967,0.127622,synthetic_holdout
5032,synthetic,1.22877113350394,1.0092927,synthetic_holdout
8028,synthetic,0.0935905498311479,0.08056208,synthetic_holdout
5609,synthetic,1.627225106886149,1.7585406,synthetic_holdout
12032,synthetic,0.1304102723507365,0.121588,synthetic_holdout
3026,synthetic,0.51551851863888,0.48511904,synthetic_holdout
263,synthetic,0.2911144935168405,0.25228316,synthetic_holdout
2661,synthetic,0.0981397501302876,0.10250677,synthetic_holdout
8796,synthetic,0.008708601182916,0.009409722,synthetic_holdout
8461,synthetic,3.736341238278623,3.4033952,synthetic_holdout
6082,synthetic,0.0257803076687431,0.02720126,synthetic_holdout
11351,synthetic,0.0162860567793883,0.021847805,synthetic_holdout
5210,synthetic,2.0973867511770994,2.3875313,synthetic_holdout
2370,synthetic,0.1443219747717629,0.1477125,synthetic_holdout
3276,synthetic,0.8562253050204981,0.77556765,synthetic_holdout
3691,synthetic,0.0262253471310636,0.031200033,synthetic_holdout
4428,synthetic,3.472302681965089,3.5078506,synthetic_holdout
5901,synthetic,0.5039937441403027,0.4111951,synthetic_holdout
5330,synthetic,3.962709682122071,3.3561983,synthetic_holdout
2665,synthetic,0.3320249827851302,0.3229603,synthetic_holdout
2404,synthetic,2.865663302052976,3.538262,synthetic_holdout
3984,synthetic,1.1745555466075683,1.1157346,synthetic_holdout
3294,synthetic,0.5875243289365585,0.5956549,synthetic_holdout
3244,synthetic,0.0534500968007119,0.06350124,synthetic_holdout
736,synthetic,0.3866783680145241,0.42923447,synthetic_holdout
3609,synthetic,0.0388790841968447,0.03681811,synthetic_holdout
3414,synthetic,11.791540951761071,12.186168,synthetic_holdout
1262,synthetic,13.390359297870411,12.717461,synthetic_holdout
9426,synthetic,0.0849942779806252,0.079243466,synthetic_holdout
4869,synthetic,0.0206697773977556,0.02222255,synthetic_holdout
11965,synthetic,0.0055289280554303,0.005449522,synthetic_holdout
7993,synthetic,0.1528203593568362,0.14164092,synthetic_holdout
10749,synthetic,0.5281065188778,0.6346835,synthetic_holdout
10639,synthetic,0.044865297613031,0.05054896,synthetic_holdout
5103,synthetic,0.0208579975452813,0.022658413,synthetic_holdout
11048,synthetic,0.1616614964267438,0.20957486,synthetic_holdout
1399,synthetic,4.833568388815582,3.5152931,synthetic_holdout
863,synthetic,2.0613693283223857,2.1379547,synthetic_holdout
10829,synthetic,0.3173906800810948,0.2920336,synthetic_holdout
11206,synthetic,0.0020206541936469,0.00186974,synthetic_holdout
2272,synthetic,0.0156001908205452,0.013405812,synthetic_holdout
5051,synthetic,0.4809809645207198,0.50036174,synthetic_holdout
553,synthetic,0.2290936932290118,0.22345167,synthetic_holdout
1328,synthetic,1.3826574340136286,1.6356826,synthetic_holdout
3967,synthetic,0.0374224917511718,0.037429377,synthetic_holdout
9083,synthetic,0.0060960914980798,0.006818244,synthetic_holdout
1510,synthetic,0.0975822849992235,0.08437538,synthetic_holdout
10701,synthetic,0.0585281115631326,0.076969564,synthetic_holdout
5406,synthetic,0.5347030080521891,0.5152192,synthetic_holdout
3385,synthetic,0.8686833748037,0.69243884,synthetic_holdout
3557,synthetic,0.0355472265856775,0.0379285,synthetic_holdout
7608,synthetic,0.0281875211481898,0.024858247,synthetic_holdout
7905,synthetic,4.261638647042148,4.0908217,synthetic_holdout
6681,synthetic,0.0927296987169689,0.081150316,synthetic_holdout
11075,synthetic,0.4087055307222932,0.44718477,synthetic_holdout
5443,synthetic,0.2254983979468259,0.19893807,synthetic_holdout
10684,synthetic,0.8792481841732378,1.5480521,synthetic_holdout
10927,synthetic,1.7996346636257463,1.6741086,synthetic_holdout
5411,synthetic,0.0032294009606157,0.003601657,synthetic_holdout
5974,synthetic,0.020076721037557,0.017859962,synthetic_holdout
5178,synthetic,0.1108793074137605,0.1087688,synthetic_holdout
4968,synthetic,2.543454959013109,2.762312,synthetic_holdout
3968,synthetic,0.0500809339335584,0.04335263,synthetic_holdout
4779,synthetic,0.0153978161880639,0.0122019835,synthetic_holdout
5024,synthetic,0.1034210025157421,0.08202773,synthetic_holdout
9117,synthetic,0.0755786921943669,0.07226376,synthetic_holdout
2588,synthetic,0.0311664310269391,0.026959939,synthetic_holdout
7570,synthetic,0.1688679847177971,0.15315707,synthetic_holdout
688,synthetic,0.0138305978244951,0.0141298,synthetic_holdout
10905,synthetic,0.0198755166466706,0.022714745,synthetic_holdout
10539,synthetic,1.210059032098428,1.4039174,synthetic_holdout
6922,synthetic,0.9302557775753564,0.88435555,synthetic_holdout
3752,synthetic,0.3755638093597323,0.42028877,synthetic_holdout
9082,synthetic,0.0332617414693358,0.037583187,synthetic_holdout
5162,synthetic,0.0118012497535188,0.010669982,synthetic_holdout
5623,synthetic,0.0260997972588656,0.027693573,synthetic_holdout
3663,synthetic,27.821519657850903,28.296696,synthetic_holdout
3429,synthetic,0.1630755515989135,0.15625666,synthetic_holdout
3212,synthetic,0.0943296296726105,0.110562555,synthetic_holdout
5546,synthetic,0.0282151636019374,0.031199321,synthetic_holdout
3240,synthetic,0.0289810227454211,0.030929796,synthetic_holdout
2725,synthetic,0.0146539857228493,0.01869276,synthetic_holdout
3594,synthetic,0.0724441528629092,0.073630385,synthetic_holdout
8545,synthetic,4.489783748903856,3.8429081,synthetic_holdout
5981,synthetic,0.3039371612282501,0.2710618,synthetic_holdout
11798,synthetic,1.1514919166631783,1.0732888,synthetic_holdout
3705,synthetic,0.0185822310975041,0.016413296,synthetic_holdout
7909,synthetic,0.0224842322641726,0.028313152,synthetic_holdout
12120,synthetic,0.0079226310025434,0.008042794,synthetic_holdout
7538,synthetic,0.7256049649507743,0.7358129,synthetic_holdout
11400,synthetic,0.6024837545954069,0.9636502,synthetic_holdout
8132,synthetic,0.9061798993920884,1.0192109,synthetic_holdout
7217,synthetic,1.561488229754998,1.3159422,synthetic_holdout
1018,synthetic,0.8594059411478567,0.8688946,synthetic_holdout
8753,synthetic,0.0772351451088976,0.05487789,synthetic_holdout
725,synthetic,0.3810301356313003,0.40537515,synthetic_holdout
12254,synthetic,0.0042707045733186,0.0038944017,synthetic_holdout
7671,synthetic,0.6265483704522917,0.83084893,synthetic_holdout
669,synthetic,0.0429384409457142,0.03945166,synthetic_holdout
8071,synthetic,1.1911885038294212,1.4938215,synthetic_holdout
3966,synthetic,4.090379150738466,3.2099504,synthetic_holdout
2779,synthetic,0.0930813430389292,0.108394764,synthetic_holdout
5389,synthetic,0.0126686033036721,0.014440271,synthetic_holdout
9532,synthetic,0.3295329284436885,0.3093665,synthetic_holdout
5752,synthetic,0.1265783707311805,0.10587646,synthetic_holdout
10873,synthetic,0.0273460778749112,0.027766919,synthetic_holdout
11109,synthetic,0.0093575157020889,0.008092029,synthetic_holdout
9168,synthetic,0.9750762315170944,0.8853199,synthetic_holdout
837,synthetic,2.881243151786476,2.549081,synthetic_holdout
11046,synthetic,0.0052049932661916,0.005645062,synthetic_holdout
10323,synthetic,0.1972452907857749,0.1868204,synthetic_holdout
11543,synthetic,0.296077518419527,0.34168437,synthetic_holdout
6593,synthetic,0.0159040829124765,0.014012507,synthetic_holdout
4201,synthetic,0.044047609376279,0.040417008,synthetic_holdout
11261,synthetic,0.0173534367799992,0.015084265,synthetic_holdout
10737,synthetic,2.2130899436445506,2.0205743,synthetic_holdout
1742,synthetic,1.9390866618376752,2.1817875,synthetic_holdout
2651,synthetic,0.5948323797291054,0.60314363,synthetic_holdout
11437,synthetic,4.07279285229076,5.3507037,synthetic_holdout
9935,synthetic,0.0802535050102018,0.07614345,synthetic_holdout
2063,synthetic,1.1523141503461445,1.080666,synthetic_holdout
3189,synthetic,0.051675004962108,0.058718037,synthetic_holdout
4407,synthetic,0.1164849385608368,0.12531264,synthetic_holdout
10127,synthetic,0.6190207078883714,0.6397249,synthetic_holdout
911,synthetic,0.1490013870747877,0.17946635,synthetic_holdout
4349,synthetic,0.3285189381547334,0.301252,synthetic_holdout
4947,synthetic,3.165015027543225,3.3830724,synthetic_holdout
5979,synthetic,0.2698758481783866,0.26528314,synthetic_holdout
10511,synthetic,0.2885721685584254,0.2970384,synthetic_holdout
7352,synthetic,0.3133249699470486,0.3294342,synthetic_holdout
10278,synthetic,0.082337018555228,0.0749597,synthetic_holdout
1894,synthetic,0.7318294464818986,0.8849508,synthetic_holdout
7376,synthetic,0.2665691574434515,0.34457904,synthetic_holdout
4834,synthetic,0.2954443720857094,0.27048343,synthetic_holdout
2238,synthetic,1.585532598807378,2.024053,synthetic_holdout
6793,synthetic,0.0113134781944319,0.013173716,synthetic_holdout
9274,synthetic,4.559413353355413,3.9502828,synthetic_holdout
8953,synthetic,1.7638516969350095,1.624534,synthetic_holdout
10175,synthetic,0.0672208872500548,0.06268973,synthetic_holdout
391,synthetic,0.0145312111357824,0.013590071,synthetic_holdout
2388,synthetic,0.0092637025559386,0.009565379,synthetic_holdout
2791,synthetic,19.754237097533206,17.639694,synthetic_holdout
12223,synthetic,0.2962446004064436,0.3242788,synthetic_holdout
10386,synthetic,0.5327430886550438,0.56616646,synthetic_holdout
9076,synthetic,0.1260038552228093,0.12784915,synthetic_holdout
460,synthetic,0.1329089213365062,0.14390661,synthetic_holdout
9481,synthetic,0.0464881841171005,0.05444818,synthetic_holdout
7171,synthetic,0.2622479980104168,0.20455651,synthetic_holdout
10900,synthetic,0.1105299504326227,0.12153073,synthetic_holdout
11431,synthetic,3.830002809816944,3.9357328,synthetic_holdout
9474,synthetic,0.0444850587208651,0.052541807,synthetic_holdout
2546,synthetic,0.0784263600932728,0.054164317,synthetic_holdout
6170,synthetic,0.0251298918249387,0.02720474,synthetic_holdout
1473,synthetic,1.1321868987335797,1.338779,synthetic_holdout
3682,synthetic,0.0287130351309351,0.02945263,synthetic_holdout
747,synthetic,0.0204723957335748,0.02293295,synthetic_holdout
2745,synthetic,1.7486747928628266,1.7031039,synthetic_holdout
10177,synthetic,0.0261679051174272,0.024966316,synthetic_holdout
6282,synthetic,0.0143210898613944,0.012971135,synthetic_holdout
6003,synthetic,0.23951290884915,0.26298457,synthetic_holdout
7126,synthetic,0.3037459894038939,0.2650801,synthetic_holdout
5531,synthetic,0.014553739722816,0.015541918,synthetic_holdout
11216,synthetic,0.0347470361764992,0.031820167,synthetic_holdout
3223,synthetic,3.152064294425601,3.2315094,synthetic_holdout
4953,synthetic,10.564832919238135,9.973611,synthetic_holdout
8373,synthetic,1.9433448835945024,1.6947609,synthetic_holdout
2065,synthetic,0.907184530761567,0.7016893,synthetic_holdout
10782,synthetic,0.2203838545553336,0.23316012,synthetic_holdout
2933,synthetic,0.0100530029619552,0.01155196,synthetic_holdout
10447,synthetic,0.009449520965037,0.009341262,synthetic_holdout
8015,synthetic,1.2271842054418405,1.4628433,synthetic_holdout
645,synthetic,1.2969518849846913,1.2570328,synthetic_holdout
12218,synthetic,0.0038252185903198,0.0042881207,synthetic_holdout
9377,synthetic,0.0743778655760407,0.09634576,synthetic_holdout
7150,synthetic,1.134875495992385,1.1969824,synthetic_holdout
11890,synthetic,0.4937006258923819,0.49862733,synthetic_holdout
8208,synthetic,0.1214099881606493,0.10272657,synthetic_holdout
3002,synthetic,0.4770437007252907,0.43182847,synthetic_holdout
728,synthetic,1.899066322923112,2.2221076,synthetic_holdout
1071,synthetic,0.0169101847542351,0.018344982,synthetic_holdout
6582,synthetic,0.2533322937062194,0.20398827,synthetic_holdout
2672,synthetic,0.0209318193275918,0.018025111,synthetic_holdout
11459,synthetic,5.810961178090123,7.5072265,synthetic_holdout
9620,synthetic,0.0645118025028805,0.04909863,synthetic_holdout
4713,synthetic,2.098445665165164,1.9678848,synthetic_holdout
8755,synthetic,0.0682046586903124,0.06509108,synthetic_holdout
11908,synthetic,0.0533503395756145,0.05280718,synthetic_holdout
4493,synthetic,0.0735358653751269,0.07338238,synthetic_holdout
3107,synthetic,0.2729500939451663,0.2451201,synthetic_holdout
1270,synthetic,1.4892880154773271,1.3302414,synthetic_holdout
3375,synthetic,0.0611590389080467,0.051933467,synthetic_holdout
1048,synthetic,0.2708191175768241,0.2345146,synthetic_holdout
4497,synthetic,3.884960592658309,4.238211,synthetic_holdout
5072,synthetic,0.0079547197075419,0.0077241343,synthetic_holdout
5123,synthetic,1.0810764328869502,1.2681185,synthetic_holdout
915,synthetic,2.208904367673933,1.8949178,synthetic_holdout
10605,synthetic,0.1556659789003351,0.14520913,synthetic_holdout
11787,synthetic,0.0354999323728146,0.028801134,synthetic_holdout
6854,synthetic,0.1886722335340076,0.17831364,synthetic_holdout
5181,synthetic,0.0369564957888486,0.033439238,synthetic_holdout
12070,synthetic,3.887920157211793,3.5392725,synthetic_holdout
2752,synthetic,1.098058732769608,1.6164193,synthetic_holdout
5209,synthetic,0.4933927549880947,0.27092093,synthetic_holdout
2510,synthetic,5.391487057352291,6.394677,synthetic_holdout
7370,synthetic,0.0467683360875698,0.0572151,synthetic_holdout
1317,synthetic,0.1588126583022958,0.15211058,synthetic_holdout
11538,synthetic,0.4577058033958712,0.51364845,synthetic_holdout
5557,synthetic,0.0737329457265211,0.073604055,synthetic_holdout
9340,synthetic,0.290182311263181,0.2520544,synthetic_holdout
3285,synthetic,5.091782683825624,4.1443486,synthetic_holdout
1826,synthetic,0.0795265856857732,0.08303138,synthetic_holdout
12083,synthetic,1.1886062796476018,1.3614862,synthetic_holdout
10579,synthetic,0.0330314801454584,0.036396768,synthetic_holdout
10216,synthetic,0.0337096745544921,0.036964048,synthetic_holdout
5456,synthetic,0.037847066240302,0.04555894,synthetic_holdout
5302,synthetic,1.4331644721078232,1.6533809,synthetic_holdout
9268,synthetic,1.2465233699457194,1.3365703,synthetic_holdout
9550,synthetic,0.0805823462315908,0.07237689,synthetic_holdout
5208,synthetic,0.0619095115648838,0.07876272,synthetic_holdout
6611,synthetic,0.015550190810511,0.018724045,synthetic_holdout
6195,synthetic,1.5847153453935248,1.4019948,synthetic_holdout
11869,synthetic,0.0155704863864734,0.012922293,synthetic_holdout
3498,synthetic,0.107835837220154,0.12638384,synthetic_holdout
3466,synthetic,0.2746003067748511,0.29421836,synthetic_holdout
12108,synthetic,0.163475708914394,0.13623087,synthetic_holdout
6942,synthetic,0.1152620078136717,0.1333343,synthetic_holdout
3862,synthetic,0.0179673447374191,0.021643536,synthetic_holdout
296,synthetic,0.0628178640755707,0.06774151,synthetic_holdout
4357,synthetic,0.1038128601626072,0.1530614,synthetic_holdout
9536,synthetic,0.0179290741950003,0.016436292,synthetic_holdout
2530,synthetic,0.1322999112665687,0.14106238,synthetic_holdout
11308,synthetic,0.2379527943679162,0.27563143,synthetic_holdout
11116,synthetic,0.0071322844926543,0.0074115866,synthetic_holdout
5924,synthetic,0.022479103641508,0.022964818,synthetic_holdout
8245,synthetic,0.006119187218101,0.0072174636,synthetic_holdout
10809,synthetic,0.3447035337992883,0.2995697,synthetic_holdout
12202,synthetic,0.0037436361686187,0.003643431,synthetic_holdout
7413,synthetic,0.0998909539204261,0.0898545,synthetic_holdout
9251,synthetic,0.0032416979508711,0.0038474281,synthetic_holdout
5415,synthetic,2.019925691794001,1.6118227,synthetic_holdout
4658,synthetic,1.200657732598185,1.0552933,synthetic_holdout
4940,synthetic,0.1440384887757955,0.17850193,synthetic_holdout
1470,synthetic,0.0437704931713865,0.03728544,synthetic_holdout
10766,synthetic,0.4597128917263035,0.4352375,synthetic_holdout
10425,synthetic,0.0274048038246622,0.02671159,synthetic_holdout
2183,synthetic,0.0214740620696356,0.019009292,synthetic_holdout
3903,synthetic,0.3220052891797079,0.30986428,synthetic_holdout
4653,synthetic,0.3010228924233163,0.22629365,synthetic_holdout
10502,synthetic,1.0614380123392475,1.2584623,synthetic_holdout
9596,synthetic,0.0546321150098716,0.061458282,synthetic_holdout
8367,synthetic,0.4041653382898099,0.34045333,synthetic_holdout
3723,synthetic,1.0093627012848994,0.8666007,synthetic_holdout
8397,synthetic,0.0249126933896352,0.020506348,synthetic_holdout
11899,synthetic,0.0241377015502335,0.02068937,synthetic_holdout
3328,synthetic,0.0929845683083008,0.11085739,synthetic_holdout
6575,synthetic,0.1191154206583754,0.1325093,synthetic_holdout
9065,synthetic,0.0017731856549703,0.0018545073,synthetic_holdout
10663,synthetic,0.0315870873353624,0.028260766,synthetic_holdout
9822,synthetic,0.0075013311205325,0.0075697615,synthetic_holdout
7087,synthetic,1.081007343226221,0.97006744,synthetic_holdout
833,synthetic,0.2644057453566736,0.2902455,synthetic_holdout
3845,synthetic,0.1878708302573982,0.2234694,synthetic_holdout
3182,synthetic,0.1962463908482277,0.18440206,synthetic_holdout
1166,synthetic,0.7436469785711058,0.6955321,synthetic_holdout
10250,synthetic,0.6416600207262351,0.61567277,synthetic_holdout
3266,synthetic,1.2002886501332375,1.0185512,synthetic_holdout
10871,synthetic,2.2018932992090776,2.0661235,synthetic_holdout
2876,synthetic,0.7017818579715245,0.7014133,synthetic_holdout
1037,synthetic,0.0210576464700645,0.018354863,synthetic_holdout
2217,synthetic,0.0159532136858608,0.01378286,synthetic_holdout
5651,synthetic,0.0314601797622347,0.036632445,synthetic_holdout
11207,synthetic,3.618727207144176,3.440461,synthetic_holdout
10891,synthetic,0.0216246783637895,0.022393204,synthetic_holdout
1461,synthetic,0.2858537744199109,0.25622866,synthetic_holdout
7325,synthetic,0.8426907947883127,0.87734175,synthetic_holdout
10816,synthetic,0.2955929558744054,0.2574291,synthetic_holdout
6093,synthetic,0.0269012358286883,0.029761577,synthetic_holdout
2004,synthetic,0.080433162782296,0.07677516,synthetic_holdout
12060,synthetic,0.1023901212031539,0.11406648,synthetic_holdout
2394,synthetic,0.0167925084585652,0.01911442,synthetic_holdout
3953,synthetic,0.2104789728089605,0.25030667,synthetic_holdout
2620,synthetic,0.0281490301456693,0.030049678,synthetic_holdout
5279,synthetic,0.0038770982780428,0.006495171,synthetic_holdout
1903,synthetic,0.055036794076295,0.064128056,synthetic_holdout
291,synthetic,0.3983602324662029,0.4204983,synthetic_holdout
2498,synthetic,0.2871815583662486,0.28391996,synthetic_holdout
656,synthetic,0.6527554727976639,0.61395407,synthetic_holdout
8928,synthetic,0.0707944158204201,0.06221408,synthetic_holdout
9707,synthetic,0.0495885776053343,0.06392895,synthetic_holdout
10818,synthetic,0.5275900210346458,0.595439,synthetic_holdout
11726,synthetic,24.602307751229155,18.447031,synthetic_holdout
3544,synthetic,0.0176892366984946,0.02167767,synthetic_holdout
10269,synthetic,4.033296018336465,3.3157506,synthetic_holdout
9954,synthetic,1.8409289302256973,1.2240007,synthetic_holdout
7796,synthetic,2.026576598660174,2.6459985,synthetic_holdout
1344,synthetic,0.5605419705263922,0.607099,synthetic_holdout
6374,synthetic,0.0252191076358182,0.02810579,synthetic_holdout
6097,synthetic,0.0413315487641432,0.052618735,synthetic_holdout
3836,synthetic,1.0498950489929724,0.9668882,synthetic_holdout
5868,synthetic,0.0150037573002202,0.01573872,synthetic_holdout
10277,synthetic,0.1169528746005466,0.13221782,synthetic_holdout
9568,synthetic,0.0084007043093397,0.007904,synthetic_holdout
8192,synthetic,0.0573605710222236,0.061680213,synthetic_holdout
4416,synthetic,1.70375747305017,2.1310768,synthetic_holdout
10023,synthetic,0.1144754027964483,0.10487574,synthetic_holdout
10704,synthetic,0.2818923045119568,0.25025278,synthetic_holdout
4050,synthetic,0.0044219227850036,0.0043372475,synthetic_holdout
4451,synthetic,0.305834720447625,0.3242174,synthetic_holdout
10547,synthetic,0.2405662864668592,0.20805764,synthetic_holdout
3630,synthetic,0.0167474574345036,0.015163568,synthetic_holdout
4309,synthetic,0.0410036780597122,0.033820234,synthetic_holdout
3115,synthetic,0.1162177469967379,0.13179334,synthetic_holdout
8204,synthetic,0.022545531148795,0.026301984,synthetic_holdout
10001,synthetic,0.285825606036865,0.2765052,synthetic_holdout
7464,synthetic,0.5396573487819877,0.6598105,synthetic_holdout
5566,synthetic,0.0132719792617888,0.015136517,synthetic_holdout
12140,synthetic,2.698970729913384,2.52147,synthetic_holdout
11774,synthetic,8.584005606039174,7.743826,synthetic_holdout
9749,synthetic,0.1688330538912254,0.15576637,synthetic_holdout
10519,synthetic,0.1298376768790718,0.153543,synthetic_holdout
5102,synthetic,0.0282585939696989,0.030552827,synthetic_holdout
8749,synthetic,4.772636654183694,4.2047505,synthetic_holdout
4764,synthetic,1.0527108390181803,1.0404254,synthetic_holdout
8034,synthetic,0.5366047704540968,0.59354824,synthetic_holdout
8521,synthetic,0.8634838202876666,0.99778134,synthetic_holdout
7886,synthetic,0.057568780027463,0.06910972,synthetic_holdout
3251,synthetic,0.0280664783643169,0.039315093,synthetic_holdout
7912,synthetic,8.443835155586058,8.353356,synthetic_holdout
7459,synthetic,1.5583191686960003,1.686639,synthetic_holdout
9540,synthetic,0.1179355950603748,0.13085893,synthetic_holdout
8183,synthetic,0.2418320400523009,0.16392818,synthetic_holdout
11278,synthetic,0.0060150174669643,0.0058484655,synthetic_holdout
3671,synthetic,0.1281255493497715,0.12552692,synthetic_holdout
2007,synthetic,1.2773464260335448,1.354146,synthetic_holdout
4156,synthetic,7.315859945413705,4.478723,synthetic_holdout
2803,synthetic,1.746824034676716,2.1049933,synthetic_holdout
3880,synthetic,0.0713200345514579,0.06598133,synthetic_holdout
10841,synthetic,0.7968067846329002,0.68852425,synthetic_holdout
10792,synthetic,0.4278873005665005,0.5034149,synthetic_holdout
1373,synthetic,0.7340084884022454,0.8563526,synthetic_holdout
1915,synthetic,0.0146639718141148,0.01632858,synthetic_holdout
5070,synthetic,0.0520734731524805,0.053407837,synthetic_holdout
11560,synthetic,0.0849773992198265,0.07939761,synthetic_holdout
5385,synthetic,0.0335402161280923,0.03042481,synthetic_holdout
5784,synthetic,0.0657893802897039,0.06956341,synthetic_holdout
12094,synthetic,1.1379205662057617,1.1383628,synthetic_holdout
9554,synthetic,0.2838129005355618,0.2875769,synthetic_holdout
10403,synthetic,0.1447190680900599,0.12140551,synthetic_holdout
9379,synthetic,0.0368254982416534,0.032501668,synthetic_holdout
4450,synthetic,0.4776530705822054,0.4175696,synthetic_holdout
12213,synthetic,0.0795784894451985,0.06985575,synthetic_holdout
8184,synthetic,0.4251755241518572,0.43890077,synthetic_holdout
9662,synthetic,0.0735085522493723,0.07634158,synthetic_holdout
10583,synthetic,1.4907604503592415,1.6764834,synthetic_holdout
2707,synthetic,2.811067330952295,3.3830757,synthetic_holdout
1829,synthetic,0.2526971210233089,0.2946849,synthetic_holdout
5183,synthetic,0.0113818737020726,0.01092245,synthetic_holdout
5646,synthetic,0.0265973690640098,0.022003064,synthetic_holdout
1004,synthetic,0.1106670966074591,0.12229323,synthetic_holdout
691,synthetic,0.7173033148961255,0.8808379,synthetic_holdout
9691,synthetic,1.2014074537563189,1.3910336,synthetic_holdout
3718,synthetic,0.3650920424998571,0.44706798,synthetic_holdout
3217,synthetic,0.0154583252264068,0.017391829,synthetic_holdout
5936,synthetic,0.8700785460582928,0.8953501,synthetic_holdout
11781,synthetic,0.0269887641248008,0.028540613,synthetic_holdout
6278,synthetic,0.030694591028404,0.027209528,synthetic_holdout
10368,synthetic,0.6863379451179957,0.59024507,synthetic_holdout
11879,synthetic,0.646388947929462,0.677453,synthetic_holdout
7677,synthetic,0.4146225063011631,0.44034544,synthetic_holdout
12169,synthetic,0.0038013781241229,0.004088948,synthetic_holdout
1440,synthetic,0.0364449085858655,0.035906203,synthetic_holdout
3444,synthetic,0.0272030717482994,0.022205679,synthetic_holdout
2054,synthetic,0.1236179358633643,0.16191775,synthetic_holdout
10964,synthetic,19.236028871550342,13.363103,synthetic_holdout
277,synthetic,0.0052864269114576,0.0060609016,synthetic_holdout
4422,synthetic,0.0060994207014587,0.0074672773,synthetic_holdout
3639,synthetic,0.0449360738075325,0.04342161,synthetic_holdout
5471,synthetic,0.1052804971196618,0.064784355,synthetic_holdout
7514,synthetic,0.021508504409323,0.021057848,synthetic_holdout
8231,synthetic,0.0957641506866843,0.1035971,synthetic_holdout
10645,synthetic,4.599180177770879,3.9018211,synthetic_holdout
6761,synthetic,0.4914965783680963,0.54166293,synthetic_holdout
6442,synthetic,1.5518057005811734,1.7808447,synthetic_holdout
8281,synthetic,0.2130663567019504,0.15526691,synthetic_holdout
793,synthetic,0.2349885661910239,0.22080874,synthetic_holdout
7121,synthetic,0.5083157060360831,0.42501277,synthetic_holdout
3337,synthetic,0.6964841287949551,0.5712347,synthetic_holdout
2026,synthetic,2.1977423110185,2.4237525,synthetic_holdout
1822,synthetic,0.03879269875253,0.036929995,synthetic_holdout
8709,synthetic,0.6530156474252932,0.5875967,synthetic_holdout
3807,synthetic,0.1485378649075483,0.12730125,synthetic_holdout
4133,synthetic,0.8304924579744114,0.80477023,synthetic_holdout
2509,synthetic,1.4076990836113583,1.1986167,synthetic_holdout
10865,synthetic,0.004489887769466,0.0040156487,synthetic_holdout
12201,synthetic,1.80855176326944,1.6233708,synthetic_holdout
1542,synthetic,0.2658861425767602,0.25030532,synthetic_holdout
9719,synthetic,1.3939782890911794,1.2252549,synthetic_holdout
10376,synthetic,0.2727168685364964,0.29210883,synthetic_holdout
7210,synthetic,0.5121328756276188,0.5067676,synthetic_holdout
8012,synthetic,0.3252350369008727,0.35494295,synthetic_holdout
8105,synthetic,0.0187232429128271,0.019538922,synthetic_holdout
3361,synthetic,0.0290303169997413,0.02679341,synthetic_holdout
1024,synthetic,0.0169595550665592,0.015134647,synthetic_holdout
4942,synthetic,0.0843732503330196,0.0898295,synthetic_holdout
505,synthetic,0.0742235023993157,0.07444411,synthetic_holdout
11387,synthetic,0.0020419824744288,0.0018723345,synthetic_holdout
3330,synthetic,0.3467269161069926,0.4895901,synthetic_holdout
3685,synthetic,0.0144404798744414,0.01911647,synthetic_holdout
9158,synthetic,5.424281974130683,4.9723372,synthetic_holdout
8019,synthetic,0.1180547821903665,0.13004446,synthetic_holdout
11602,synthetic,0.0329601225577648,0.03147484,synthetic_holdout
1306,synthetic,0.4421432561140224,0.41398838,synthetic_holdout
11735,synthetic,3.1708213576408872,3.4428136,synthetic_holdout
3906,synthetic,3.8694762352585785,3.4698703,synthetic_holdout
11438,synthetic,4.904710301377912,4.0646415,synthetic_holdout
11739,synthetic,0.0157597977105737,0.018666504,synthetic_holdout
5510,synthetic,0.0328488453665962,0.031941466,synthetic_holdout
3393,synthetic,0.478168294721321,0.39554942,synthetic_holdout
3078,synthetic,0.740462486222254,0.84927493,synthetic_holdout
4344,synthetic,0.9078772468687196,0.9930593,synthetic_holdout
8913,synthetic,0.0413966018960023,0.036977444,synthetic_holdout
3952,synthetic,0.0372929283630529,0.03548106,synthetic_holdout
6449,synthetic,3.09850050630516,3.445674,synthetic_holdout
11936,synthetic,0.9173941999402482,0.65305704,synthetic_holdout
11915,synthetic,6.951635798298403,4.3494754,synthetic_holdout
6023,synthetic,0.0630781199885457,0.053169414,synthetic_holdout
8088,synthetic,2.995222568759753,2.1113808,synthetic_holdout
9830,synthetic,0.1869434507718664,0.22040793,synthetic_holdout
5100,synthetic,0.9925074003871562,0.8964519,synthetic_holdout
5763,synthetic,0.5432413608575872,0.6739856,synthetic_holdout
10178,synthetic,0.0765335033443789,0.07195396,synthetic_holdout
5521,synthetic,0.3556335483287866,0.31452486,synthetic_holdout
5253,synthetic,9.846356590834093,8.569459,synthetic_holdout
10214,synthetic,0.8745705231805045,0.8675825,synthetic_holdout
493,synthetic,0.0646976886347458,0.08140122,synthetic_holdout
12022,synthetic,0.9821612014015544,1.3019977,synthetic_holdout
5572,synthetic,0.0049359928975907,0.005325645,synthetic_holdout
10638,synthetic,0.0184993940189732,0.018789977,synthetic_holdout
4364,synthetic,0.0032310680041121,0.004241639,synthetic_holdout
5002,synthetic,0.0308908532994179,0.036582764,synthetic_holdout
5636,synthetic,0.0292950382642938,0.028150748,synthetic_holdout
7788,synthetic,1.7292115361024976,1.6002007,synthetic_holdout
8335,synthetic,0.9280059652400612,1.0027351,synthetic_holdout
1610,synthetic,0.292929616066314,0.31266767,synthetic_holdout
2150,synthetic,0.2301782690989908,0.25700393,synthetic_holdout
5739,synthetic,0.0230490438634931,0.025289884,synthetic_holdout
295,synthetic,0.3863058900380791,0.35334778,synthetic_holdout
9886,synthetic,0.0719877432339403,0.07515465,synthetic_holdout
4058,synthetic,0.3815647232919107,0.33808187,synthetic_holdout
10435,synthetic,0.8554384765171774,0.8044139,synthetic_holdout
9193,synthetic,1.7632015823208929,1.6885729,synthetic_holdout
8423,synthetic,4.081605254929161,3.4690137,synthetic_holdout
809,synthetic,0.0008419905417684,0.0010337284,synthetic_holdout
1839,synthetic,0.2984473437808188,0.21122621,synthetic_holdout
1295,synthetic,0.0176611914202786,0.018458832,synthetic_holdout
5441,synthetic,0.2940076354449928,0.29309547,synthetic_holdout
9919,synthetic,0.0684616987664991,0.059520382,synthetic_holdout
2111,synthetic,8.799547919820204,9.4093,synthetic_holdout
9708,synthetic,0.4882049798145363,0.51515746,synthetic_holdout
478,synthetic,0.032756813272768,0.03990025,synthetic_holdout
6038,synthetic,0.3079253318941083,0.2735097,synthetic_holdout
5776,synthetic,0.2697012252778221,0.28737643,synthetic_holdout
8104,synthetic,0.1698899401315582,0.14942168,synthetic_holdout
5212,synthetic,0.7813848235155889,0.6841319,synthetic_holdout
10651,synthetic,1.1504809675826946,1.2544788,synthetic_holdout
7378,synthetic,0.813519741219378,0.6752582,synthetic_holdout
7156,synthetic,0.2893497287470408,0.26841018,synthetic_holdout
5927,synthetic,0.1491171138609229,0.18925022,synthetic_holdout
1857,synthetic,0.0436923654087089,0.04720211,synthetic_holdout
10498,synthetic,0.0115582078576918,0.015346258,synthetic_holdout
5637,synthetic,0.4911953406054269,0.43326497,synthetic_holdout
4143,synthetic,1.4961436566101136,1.348924,synthetic_holdout
1316,synthetic,1.5841844566091907,1.8781037,synthetic_holdout
1666,synthetic,0.0052549330563333,0.005107502,synthetic_holdout
4104,synthetic,5.585931899542805,5.4897738,synthetic_holdout
8255,synthetic,0.0636829427578217,0.058569495,synthetic_holdout
5019,synthetic,0.147065327030738,0.1644637,synthetic_holdout
1342,synthetic,1.051421021765529,1.1802227,synthetic_holdout
8661,synthetic,1.819377092531492,2.053697,synthetic_holdout
7863,synthetic,0.982513279777808,0.8500316,synthetic_holdout
7755,synthetic,1.958058097901162,1.7576594,synthetic_holdout
9142,synthetic,2.8439614553057337,2.3805451,synthetic_holdout
10375,synthetic,0.2988969902791927,0.25126004,synthetic_holdout
1371,synthetic,1.9152606804538463,1.661568,synthetic_holdout
5104,synthetic,0.0131589712018581,0.014948217,synthetic_holdout
9843,synthetic,0.0230299216743665,0.024836503,synthetic_holdout
7966,synthetic,1.2611549677234242,0.9883007,synthetic_holdout
3323,synthetic,0.2016391535835449,0.16821375,synthetic_holdout
4370,synthetic,1.1640712778084013,1.0346202,synthetic_holdout
9452,synthetic,0.0177595749804819,0.013803649,synthetic_holdout
803,synthetic,0.151512067118375,0.13014676,synthetic_holdout
10741,synthetic,0.003906904350697,0.004080689,synthetic_holdout
9500,synthetic,0.2265436496643818,0.22858377,synthetic_holdout
8325,synthetic,0.0147537889974012,0.01764153,synthetic_holdout
7448,synthetic,0.000793511400943,0.0011913446,synthetic_holdout
5995,synthetic,0.087529718438029,0.07356271,synthetic_holdout
9446,synthetic,1.6127526959774487,1.2999706,synthetic_holdout
548,synthetic,0.1305080498535762,0.12546393,synthetic_holdout
9656,synthetic,0.0609863746376009,0.052427217,synthetic_holdout
1291,synthetic,0.2341883123695182,0.28157204,synthetic_holdout
2576,synthetic,0.0081877360348878,0.011380364,synthetic_holdout
4436,synthetic,0.0160274201237498,0.014566232,synthetic_holdout
260,synthetic,0.0184301229933261,0.013458775,synthetic_holdout
4169,synthetic,0.2663667785320686,0.3111831,synthetic_holdout
2028,synthetic,0.0122857617555454,0.013699777,synthetic_holdout
1009,synthetic,0.0581310854491207,0.057400025,synthetic_holdout
7595,synthetic,0.180951093202715,0.13477898,synthetic_holdout
5832,synthetic,0.0993141034230749,0.07079878,synthetic_holdout
12059,synthetic,0.1307448021799692,0.16786836,synthetic_holdout
8440,synthetic,0.1258234655225973,0.13087852,synthetic_holdout
6504,synthetic,0.0776322563556122,0.09343504,synthetic_holdout
11773,synthetic,0.2652780388352963,0.27786982,synthetic_holdout
3022,synthetic,0.8493168126412413,0.7316672,synthetic_holdout
1878,synthetic,0.1135768799812679,0.13947189,synthetic_holdout
9636,synthetic,0.0290015357873657,0.026741413,synthetic_holdout
8443,synthetic,0.0754174463827839,0.073627114,synthetic_holdout
2400,synthetic,3.017435626687886,3.3853052,synthetic_holdout
10771,synthetic,0.6111890089954031,0.55217165,synthetic_holdout
5234,synthetic,0.0083548794802103,0.0095206695,synthetic_holdout
10931,synthetic,0.2639010968555347,0.25292712,synthetic_holdout
9833,synthetic,0.0195803645257371,0.021205787,synthetic_holdout
2006,synthetic,0.0254727157117321,0.020222424,synthetic_holdout
1407,synthetic,0.594348066841313,0.5392134,synthetic_holdout
5140,synthetic,1.405375121554297,1.479424,synthetic_holdout
12109,synthetic,0.3710689150771782,0.41535074,synthetic_holdout
10342,synthetic,0.6051876941578935,0.50230724,synthetic_holdout
3242,synthetic,0.01165634809074,0.011599838,synthetic_holdout
1662,synthetic,0.200610808365793,0.16066518,synthetic_holdout
6064,synthetic,0.0688518900523897,0.073393956,synthetic_holdout
8421,synthetic,4.4203794190952985,4.221073,synthetic_holdout
4233,synthetic,1.6534457756753531,1.6505456,synthetic_holdout
9971,synthetic,0.0077493354994503,0.007183658,synthetic_holdout
11802,synthetic,0.0882013102779906,0.08559394,synthetic_holdout
9703,synthetic,0.1719711281077129,0.18372054,synthetic_holdout
11113,synthetic,0.1348636973277671,0.16707595,synthetic_holdout
770,synthetic,0.0898000940080312,0.08841318,synthetic_holdout
8590,synthetic,0.0284337493887931,0.031320643,synthetic_holdout
1751,synthetic,0.2039639286264548,0.23313564,synthetic_holdout
3949,synthetic,0.0706115510150648,0.063823275,synthetic_holdout
9293,synthetic,0.542366324206972,0.46450868,synthetic_holdout
6601,synthetic,0.022103454057989,0.01839742,synthetic_holdout
5487,synthetic,0.1551100286765828,0.23592353,synthetic_holdout
6941,synthetic,0.7201087617338212,0.6774395,synthetic_holdout
7010,synthetic,1.4308021374621014,1.4836671,synthetic_holdout
10347,synthetic,0.4446711904564472,0.40263194,synthetic_holdout
8495,synthetic,1.096028651231486,1.1958135,synthetic_holdout
11137,synthetic,0.0317767738099141,0.03241362,synthetic_holdout
1846,synthetic,0.3949105764745683,0.3443099,synthetic_holdout
8054,synthetic,0.0235292213862852,0.020569058,synthetic_holdout
8583,synthetic,0.0636319491182276,0.061753586,synthetic_holdout
8874,synthetic,1.0328860132474018,1.1769623,synthetic_holdout
8764,synthetic,0.2148697216539955,0.27041966,synthetic_holdout
3689,synthetic,0.0347385179311823,0.02950989,synthetic_holdout
7702,synthetic,0.0184596010617159,0.020687485,synthetic_holdout
3468,synthetic,2.8439319775749694,2.3762844,synthetic_holdout
4430,synthetic,0.0040868751847191,0.0036572705,synthetic_holdout
11800,synthetic,2.556014814310115,2.2932363,synthetic_holdout
9920,synthetic,0.7893079711378982,0.856368,synthetic_holdout
8956,synthetic,1.3592132398499006,1.215331,synthetic_holdout
7051,synthetic,0.0111121604465152,0.0109467795,synthetic_holdout
4295,synthetic,0.0282808347657143,0.025228813,synthetic_holdout
11210,synthetic,0.0127442276447307,0.0149349,synthetic_holdout
10222,synthetic,0.2780658126390971,0.29409546,synthetic_holdout
9681,synthetic,0.0762733351605007,0.10113288,synthetic_holdout
11991,synthetic,1.2613952027282809,1.2221375,synthetic_holdout
5694,synthetic,1.8806765060054764,1.7050954,synthetic_holdout
10414,synthetic,0.0109335571358816,0.010662726,synthetic_holdout
551,synthetic,0.2389145987299872,0.2664643,synthetic_holdout
7663,synthetic,0.2518333294429442,0.306328,synthetic_holdout
2491,synthetic,0.060034948473856,0.060048427,synthetic_holdout
7045,synthetic,0.0244764611704565,0.026795529,synthetic_holdout
9793,synthetic,0.0086809609327455,0.007251516,synthetic_holdout
5588,synthetic,2.9878836433965583,3.5420337,synthetic_holdout
2666,synthetic,0.4619909214531416,0.49741346,synthetic_holdout
11134,synthetic,1.0312890364815337,1.0118648,synthetic_holdout
1962,synthetic,2.4138107781666323,2.0834932,synthetic_holdout
1093,synthetic,0.1806275559557728,0.22268808,synthetic_holdout
5267,synthetic,1.0706276319413597,1.0613906,synthetic_holdout
4215,synthetic,0.0148517723522801,0.015659025,synthetic_holdout
11594,synthetic,0.2452217466835631,0.21811622,synthetic_holdout
9017,synthetic,0.0042834765453332,0.00414486,synthetic_holdout
2650,synthetic,0.0185837909744984,0.016003454,synthetic_holdout
2608,synthetic,0.0567532259266315,0.06514644,synthetic_holdout
1973,synthetic,0.1320554732585634,0.13651994,synthetic_holdout
11757,synthetic,3.988550494286248,2.6002915,synthetic_holdout
6918,synthetic,0.1162837297374718,0.1224675,synthetic_holdout
1493,synthetic,2.2563463276013507,2.1186268,synthetic_holdout
10429,synthetic,2.1624566542509447,2.364257,synthetic_holdout
3011,synthetic,0.0989991676789456,0.10995879,synthetic_holdout
8533,synthetic,0.0267255986984167,0.031652555,synthetic_holdout
10679,synthetic,0.3742968413217105,0.4264654,synthetic_holdout
6652,synthetic,0.1446805870385942,0.13119236,synthetic_holdout
2289,synthetic,0.000914206208633,0.0009448524,synthetic_holdout
6150,synthetic,0.5111446756732976,0.43009505,synthetic_holdout
2783,synthetic,0.902775309330378,1.5087491,synthetic_holdout
2952,synthetic,1.035194677497039,1.0521649,synthetic_holdout
6520,synthetic,0.7510785104216271,0.8837593,synthetic_holdout
5127,synthetic,0.0188365772117981,0.020608755,synthetic_holdout
3800,synthetic,0.2499254653886105,0.22336806,synthetic_holdout
5107,synthetic,2.846714810624094,3.4977381,synthetic_holdout
873,synthetic,0.0186475274068183,0.020576118,synthetic_holdout
11097,synthetic,0.117247410074945,0.122817084,synthetic_holdout
8903,synthetic,0.0372549196489346,0.0389758,synthetic_holdout
4737,synthetic,0.3661764941041404,0.2998243,synthetic_holdout
8856,synthetic,0.317996173048952,0.32303405,synthetic_holdout
6562,synthetic,0.0182851573269924,0.021750068,synthetic_holdout
6394,synthetic,0.0655027125156731,0.05636807,synthetic_holdout
6695,synthetic,0.0177791392243169,0.017343136,synthetic_holdout
3303,synthetic,0.6820688845090633,0.85537887,synthetic_holdout
8735,synthetic,0.5945889279825735,0.6927227,synthetic_holdout
729,synthetic,0.0630280668441331,0.05406938,synthetic_holdout
11596,synthetic,0.3542672463405801,0.41740796,synthetic_holdout
1220,synthetic,1.385243592457994,1.3270401,synthetic_holdout
11357,synthetic,0.2493998477185644,0.22379969,synthetic_holdout
8008,synthetic,1.301810449086385,1.2050871,synthetic_holdout
6084,synthetic,0.0958636642131742,0.12903835,synthetic_holdout
7962,synthetic,0.9239961042547232,0.89437115,synthetic_holdout
7125,synthetic,2.295725343558781,2.1850991,synthetic_holdout
5724,synthetic,1.308549486077083,1.4399009,synthetic_holdout
2940,synthetic,0.0263184369231203,0.032735147,synthetic_holdout
10395,synthetic,0.0225233514432637,0.021893008,synthetic_holdout
2945,synthetic,0.053270652779382,0.06576632,synthetic_holdout
10521,synthetic,0.2591182931364204,0.23794638,synthetic_holdout
4604,synthetic,0.4821219682161047,0.4232831,synthetic_holdout
933,synthetic,1.4159385832174816,1.7407528,synthetic_holdout
3944,synthetic,0.0363443408482328,0.036766455,synthetic_holdout
1477,synthetic,0.123586654584354,0.118916824,synthetic_holdout
7858,synthetic,0.0529575519130181,0.05671035,synthetic_holdout
4270,synthetic,0.5175783712988737,0.41452533,synthetic_holdout
9987,synthetic,0.9163072314015192,0.8647512,synthetic_holdout
9715,synthetic,0.4487307306692398,0.3952802,synthetic_holdout
9204,synthetic,0.2464385692142686,0.3113129,synthetic_holdout
6471,synthetic,0.1736628614964778,0.15059961,synthetic_holdout
9100,synthetic,0.0279847928781671,0.028529866,synthetic_holdout
7185,synthetic,1.2171087641649665,1.1472353,synthetic_holdout
7926,synthetic,0.5682607941111074,0.6198299,synthetic_holdout
5144,synthetic,0.6400735866237784,0.5811591,synthetic_holdout
583,synthetic,1.6218653029431551,1.2497678,synthetic_holdout
10740,synthetic,0.0713893980826032,0.07839908,synthetic_holdout
10906,synthetic,2.447401976942537,1.9870391,synthetic_holdout
6678,synthetic,4.79272335052025,3.960312,synthetic_holdout
7471,synthetic,0.0125505478812663,0.011678488,synthetic_holdout
5942,synthetic,0.1261359346930741,0.102961175,synthetic_holdout
6273,synthetic,0.5243057620196784,0.5033014,synthetic_holdout
893,synthetic,2.302398074585007,1.8944397,synthetic_holdout
1420,synthetic,0.0625084164893212,0.07418515,synthetic_holdout
8889,synthetic,0.5197072777443053,0.58252054,synthetic_holdout
7050,synthetic,0.0129553443957571,0.013704742,synthetic_holdout
5527,synthetic,0.3615370319028326,0.39650807,synthetic_holdout
6850,synthetic,0.0768268341915946,0.07576574,synthetic_holdout
7635,synthetic,0.4730465476700686,0.53365415,synthetic_holdout
4809,synthetic,0.3556298947491916,0.42914367,synthetic_holdout
4040,synthetic,0.0328340839675209,0.038391467,synthetic_holdout
4272,synthetic,0.1032612752786921,0.11685658,synthetic_holdout
9028,synthetic,4.153411925053125,5.065302,synthetic_holdout
361,synthetic,0.1507304890065426,0.15167631,synthetic_holdout
2384,synthetic,1.9001014249665864,1.6098615,synthetic_holdout
6210,synthetic,2.534191058378886,2.7260263,synthetic_holdout
8979,synthetic,0.2536746726172055,0.31409585,synthetic_holdout
8770,synthetic,0.0186314815569249,0.013314026,synthetic_holdout
11663,synthetic,0.274600328001012,0.2655413,synthetic_holdout
970,synthetic,1.7879429063734649,1.6361233,synthetic_holdout
1732,synthetic,0.2124699660389082,0.25904733,synthetic_holdout
5462,synthetic,0.4123996334620036,0.41228813,synthetic_holdout
7267,synthetic,0.0011114735516841,0.0009444764,synthetic_holdout
6030,synthetic,5.952386031959843,4.8591185,synthetic_holdout
5843,synthetic,0.0705860591457172,0.071819864,synthetic_holdout
8030,synthetic,0.0171309415061792,0.013085732,synthetic_holdout
4141,synthetic,0.6457375511403085,0.5868825,synthetic_holdout
7541,synthetic,0.0166451094631015,0.015154176,synthetic_holdout
10597,synthetic,0.0930965886551205,0.12619422,synthetic_holdout
2231,synthetic,0.1116546075847753,0.13000381,synthetic_holdout
12216,synthetic,0.0350702882336142,0.031028207,synthetic_holdout
4901,synthetic,0.0091829156253117,0.010291659,synthetic_holdout
1645,synthetic,0.1179943972515307,0.10044471,synthetic_holdout
4708,synthetic,0.0604479504599836,0.06603663,synthetic_holdout
3354,synthetic,0.0124995556957294,0.014615643,synthetic_holdout
6055,synthetic,0.0294060191626164,0.030906849,synthetic_holdout
8004,synthetic,0.7253099424055777,0.7220923,synthetic_holdout
8573,synthetic,0.2076570295966423,0.20864795,synthetic_holdout
5593,synthetic,1.9165843189518472,2.010796,synthetic_holdout
10646,synthetic,2.4893251235232245,2.0002077,synthetic_holdout
1055,synthetic,0.0548088546701226,0.056145277,synthetic_holdout
4939,synthetic,4.38017127255517,3.752113,synthetic_holdout
8320,synthetic,1.425890410899535,1.8631046,synthetic_holdout
4539,synthetic,0.0489922834580802,0.042787418,synthetic_holdout
10361,synthetic,1.103795281915002,1.0402902,synthetic_holdout
5645,synthetic,0.0424638686952269,0.040494908,synthetic_holdout
1639,synthetic,0.0139241390565289,0.01559052,synthetic_holdout
5627,synthetic,2.805110777900457,2.3814387,synthetic_holdout
8910,synthetic,0.0009488210421615,0.00091668864,synthetic_holdout
1519,synthetic,0.0131223761687347,0.015620878,synthetic_holdout
924,synthetic,1.1148015198296524,0.95216006,synthetic_holdout
7323,synthetic,0.0212466612177683,0.019090263,synthetic_holdout
1768,synthetic,4.837785594133639,5.09429,synthetic_holdout
8599,synthetic,0.013481388295287,0.012944175,synthetic_holdout
4867,synthetic,0.0078512810299622,0.010266733,synthetic_holdout
11221,synthetic,0.0010761818214711,0.0015666279,synthetic_holdout
1302,synthetic,4.845304916007883,7.5949254,synthetic_holdout
3940,synthetic,0.0043075868838157,0.003642701,synthetic_holdout
10008,synthetic,0.0228541599073309,0.030391596,synthetic_holdout
675,synthetic,0.1903746487096193,0.23036876,synthetic_holdout
10194,synthetic,2.0820106831595533,2.4641957,synthetic_holdout
3062,synthetic,0.9525141887348452,0.85707694,synthetic_holdout
4015,synthetic,0.388732415306265,0.4598067,synthetic_holdout
5625,synthetic,0.5921123321153815,0.49757072,synthetic_holdout
368,synthetic,0.001860777023344,0.0018921408,synthetic_holdout
3494,synthetic,0.009223862886448,0.01104385,synthetic_holdout
4254,synthetic,0.0736941519501748,0.09553479,synthetic_holdout
4595,synthetic,0.0785422655692357,0.07101077,synthetic_holdout
2848,synthetic,0.0636319090338897,0.06243934,synthetic_holdout
1054,synthetic,0.1945176635107841,0.17145056,synthetic_holdout
564,synthetic,0.3398396171867056,0.3026527,synthetic_holdout
2082,synthetic,3.604390349352965,3.7798555,synthetic_holdout
11179,synthetic,0.5833549052011706,0.71761435,synthetic_holdout
4307,synthetic,0.9173917849279816,0.8797297,synthetic_holdout
6929,synthetic,1.6209354124367197,1.6561395,synthetic_holdout
5120,synthetic,0.1183166825386755,0.12215298,synthetic_holdout
11737,synthetic,3.2025243363095632,3.5185242,synthetic_holdout
9650,synthetic,0.0285795986886437,0.03138625,synthetic_holdout
9147,synthetic,1.8790839628947087,1.6809394,synthetic_holdout
10759,synthetic,0.0149942677827825,0.014054112,synthetic_holdout
3910,synthetic,0.0091099431898019,0.010606068,synthetic_holdout
9135,synthetic,1.988491344359827,2.3383546,synthetic_holdout
11402,synthetic,0.3433116837043678,0.29317787,synthetic_holdout
10932,synthetic,0.8815675061033796,0.8671221,synthetic_holdout
11101,synthetic,0.5939675901079733,0.56682354,synthetic_holdout
9399,synthetic,0.0308049644831131,0.032669626,synthetic_holdout
8860,synthetic,1.108431492974106,1.362065,synthetic_holdout
11484,synthetic,0.5370262944495174,0.49139032,synthetic_holdout
1854,synthetic,0.008894529384482,0.007683926,synthetic_holdout
2444,synthetic,0.0113523033883347,0.012677303,synthetic_holdout
3260,synthetic,0.0145550120775215,0.015552381,synthetic_holdout
12071,synthetic,0.0755693445227608,0.09420511,synthetic_holdout
10405,synthetic,0.0706371880472362,0.085872166,synthetic_holdout
1079,synthetic,0.6117300399643091,0.5767424,synthetic_holdout
11983,synthetic,0.0051875189425812,0.0055041434,synthetic_holdout
1174,synthetic,0.0328385079413636,0.01927476,synthetic_holdout
9808,synthetic,0.135837123788306,0.11576787,synthetic_holdout
4257,synthetic,0.4165972806567888,0.4072904,synthetic_holdout
4382,synthetic,0.0427853346513093,0.037765857,synthetic_holdout
540,synthetic,0.0099171737693915,0.009430019,synthetic_holdout
3215,synthetic,0.0738577636129079,0.07450425,synthetic_holdout
8110,synthetic,0.8454055974293283,0.8348258,synthetic_holdout
4936,synthetic,0.0141607097759536,0.014427423,synthetic_holdout
10462,synthetic,0.2633284084059002,0.26832822,synthetic_holdout
7060,synthetic,2.797668632579528,2.1582434,synthetic_holdout
3350,synthetic,0.0109771996368937,0.009288245,synthetic_holdout
5292,synthetic,3.976536082707444,3.4233222,synthetic_holdout
9606,synthetic,0.0285922431148029,0.025030805,synthetic_holdout
512,synthetic,0.6977254818392544,0.6048051,synthetic_holdout
9357,synthetic,0.2802075859692448,0.29431364,synthetic_holdout
3365,synthetic,0.7368110521960461,0.8493167,synthetic_holdout
3338,synthetic,2.788557741311642,2.6279674,synthetic_holdout
9001,synthetic,0.3424149832366244,0.32163644,synthetic_holdout
2936,synthetic,0.2661220002497116,0.28438035,synthetic_holdout
2743,synthetic,1.4413093368039245,1.6828622,synthetic_holdout
6448,synthetic,0.0019586320757269,0.0017890357,synthetic_holdout
9548,synthetic,1.2359177587305383,1.1944249,synthetic_holdout
6844,synthetic,0.6220416506700022,0.6254249,synthetic_holdout
7539,synthetic,0.1252182010914969,0.13192615,synthetic_holdout
10130,synthetic,1.1413367209525025,1.2413214,synthetic_holdout
8069,synthetic,0.5749488301760126,0.71330404,synthetic_holdout
7778,synthetic,0.0715813886241393,0.07448031,synthetic_holdout
2094,synthetic,0.1414119400533807,0.15219048,synthetic_holdout
1338,synthetic,0.111030907978487,0.1274809,synthetic_holdout
9295,synthetic,1.5627509616553028,1.3766478,synthetic_holdout
8570,synthetic,0.2828957255922885,0.2758031,synthetic_holdout
3660,synthetic,0.9570394263203532,0.9780485,synthetic_holdout
9990,synthetic,0.1785706797132511,0.14147899,synthetic_holdout
10301,synthetic,0.0364496829907906,0.042087987,synthetic_holdout
9996,synthetic,0.2819780575953037,0.30638656,synthetic_holdout
9260,synthetic,0.2207078718568466,0.27123916,synthetic_holdout
2774,synthetic,1.6224054847729257,1.7113899,synthetic_holdout
2719,synthetic,0.0085103425053059,0.008036029,synthetic_holdout
628,synthetic,2.557642047995897,2.372243,synthetic_holdout
6045,synthetic,1.600401220184735,1.6791452,synthetic_holdout
5404,synthetic,0.6548169484287909,0.5595469,synthetic_holdout
4874,synthetic,0.2295598861240556,0.19211954,synthetic_holdout
2387,synthetic,0.016355521084585,0.018292867,synthetic_holdout
3755,synthetic,5.566843399246866,4.3026104,synthetic_holdout
571,synthetic,0.3579212215544788,0.3932663,synthetic_holdout
9363,synthetic,0.0920528966551663,0.11154595,synthetic_holdout
8382,synthetic,3.779946828381704,3.2862453,synthetic_holdout
2677,synthetic,0.0151960397651972,0.015914276,synthetic_holdout
10787,synthetic,0.6916202860070946,0.5872377,synthetic_holdout
10015,synthetic,0.1287090871370781,0.124430545,synthetic_holdout
3859,synthetic,0.000909754739609,0.0010081746,synthetic_holdout
12033,synthetic,2.1448574465548416,2.3351433,synthetic_holdout
4588,synthetic,0.0140444601803469,0.016445296,synthetic_holdout
7025,synthetic,4.148239986901212,3.9647822,synthetic_holdout
10712,synthetic,3.246852353570825,3.32008,synthetic_holdout
12163,synthetic,0.0169497491604461,0.01632147,synthetic_holdout
10559,synthetic,0.0322372532132364,0.033932433,synthetic_holdout
9388,synthetic,0.0051542151766762,0.0054277563,synthetic_holdout
1653,synthetic,0.0941513482205286,0.10944211,synthetic_holdout
5266,synthetic,0.1684472059152101,0.17846346,synthetic_holdout
8774,synthetic,0.0395815390322618,0.035527684,synthetic_holdout
3144,synthetic,0.0473426862973861,0.055490036,synthetic_holdout
2005,synthetic,1.3237627013463245,1.187914,synthetic_holdout
7923,synthetic,0.3240588113497815,0.3149309,synthetic_holdout
8084,synthetic,0.0423463211089586,0.041866757,synthetic_holdout
4870,synthetic,1.3473594317821842,1.3121054,synthetic_holdout
5768,synthetic,0.1628817973630774,0.15376298,synthetic_holdout
9787,synthetic,0.1196025275461139,0.12777871,synthetic_holdout
2602,synthetic,0.0950303592767177,0.051776923,synthetic_holdout
5934,synthetic,0.2228800975583656,0.22597311,synthetic_holdout
1719,synthetic,0.0406892079553399,0.034925494,synthetic_holdout
7972,synthetic,0.0603609473334914,0.059549846,synthetic_holdout
289,synthetic,1.19330552598762,1.025167,synthetic_holdout
11413,synthetic,2.0472561672030305,1.771606,synthetic_holdout
8957,synthetic,0.1691879153273628,0.12442302,synthetic_holdout
4154,synthetic,1.810237075257,1.6683773,synthetic_holdout
1007,synthetic,0.8523306827029674,0.7895257,synthetic_holdout
6792,synthetic,0.029367216436264,0.026777955,synthetic_holdout
846,synthetic,1.5282672522810714,1.4419384,synthetic_holdout
4661,synthetic,1.279614077727275,1.48581,synthetic_holdout
7772,synthetic,0.47871903997565,0.5256199,synthetic_holdout
10118,synthetic,0.7004011494268109,0.60266143,synthetic_holdout
10808,synthetic,0.0356319358680832,0.041895602,synthetic_holdout
5805,synthetic,0.0037885034578533,0.003930347,synthetic_holdout
9215,synthetic,0.0865264436015016,0.07254265,synthetic_holdout
2018,synthetic,0.5731856437152815,0.70448136,synthetic_holdout
7896,synthetic,0.3273261333269481,0.3456629,synthetic_holdout
3161,synthetic,0.0100210174028993,0.009511517,synthetic_holdout
1655,synthetic,0.400862771624513,0.35203663,synthetic_holdout
8553,synthetic,1.378987450963187,1.4215616,synthetic_holdout
11509,synthetic,0.1526231213701884,0.22681957,synthetic_holdout
4162,synthetic,1.0370741895904445,1.4483736,synthetic_holdout
10110,synthetic,0.1168161474832844,0.13209683,synthetic_holdout
8260,synthetic,0.1422254830212944,0.15261717,synthetic_holdout
5273,synthetic,1.6289007770470274,1.6747037,synthetic_holdout
9359,synthetic,3.5379082028052653,3.4686494,synthetic_holdout
6908,synthetic,0.011136185512921,0.012938708,synthetic_holdout
11079,synthetic,1.8396943552444944,2.046125,synthetic_holdout
10102,synthetic,0.1015033783112619,0.11418181,synthetic_holdout
11094,synthetic,0.0088002379310261,0.00795999,synthetic_holdout
9442,synthetic,0.2270515654697739,0.22334185,synthetic_holdout
7627,synthetic,0.0856818111860217,0.082398884,synthetic_holdout
4012,synthetic,0.1558812509853059,0.14279506,synthetic_holdout
3271,synthetic,0.8882326104966606,0.95789707,synthetic_holdout
680,synthetic,0.1872887434232259,0.1995045,synthetic_holdout
3325,synthetic,0.3438848518678538,0.29705858,synthetic_holdout
4619,synthetic,2.0732120282573825,2.153176,synthetic_holdout
10184,synthetic,4.188148307557182,3.3337955,synthetic_holdout
3514,synthetic,0.3003913305846551,0.25845155,synthetic_holdout
5436,synthetic,0.4956182413347817,0.4351584,synthetic_holdout
3399,synthetic,0.8518872649125208,1.0149943,synthetic_holdout
4945,synthetic,0.5002218955312794,0.59000856,synthetic_holdout
5871,synthetic,0.8661758000855806,1.0145532,synthetic_holdout
10291,synthetic,0.0922437535081542,0.10775184,synthetic_holdout
686,synthetic,0.9741345436701432,0.85913503,synthetic_holdout
3721,synthetic,0.0294879323961115,0.027691932,synthetic_holdout
4506,synthetic,17.60766306709674,18.7876,synthetic_holdout
10235,synthetic,8.017029157752965,9.77253,synthetic_holdout
5912,synthetic,0.4581941204032311,0.4243487,synthetic_holdout
7003,synthetic,0.1987272048255046,0.21892801,synthetic_holdout
4077,synthetic,0.0072378695688579,0.0074088243,synthetic_holdout
10169,synthetic,1.220096172627723,1.0841994,synthetic_holdout
9197,synthetic,0.5983795418318176,0.5776599,synthetic_holdout
9276,synthetic,0.288845923816288,0.21757473,synthetic_holdout
12037,synthetic,0.0464686951790836,0.042197082,synthetic_holdout
2280,synthetic,0.0574790331527219,0.061163887,synthetic_holdout
9396,synthetic,0.0379085557848564,0.036694065,synthetic_holdout
1241,synthetic,0.8198151811350965,1.2433594,synthetic_holdout
3273,synthetic,0.1565776890131888,0.15838811,synthetic_holdout
10968,synthetic,1.1790890461061103,1.0633885,synthetic_holdout
8070,synthetic,2.0313929707575804,2.873067,synthetic_holdout
6258,synthetic,0.0223852849692795,0.018338254,synthetic_holdout
10253,synthetic,0.0145815523696928,0.0136954235,synthetic_holdout
8717,synthetic,0.7191831919552161,0.842384,synthetic_holdout
7387,synthetic,0.6045213537332882,0.49391603,synthetic_holdout
12082,synthetic,2.1836142452188807,2.2541592,synthetic_holdout
4365,synthetic,2.2319390136066524,2.53156,synthetic_holdout
1569,synthetic,0.0264618011291814,0.030460723,synthetic_holdout
6148,synthetic,0.0021802836472957,0.0018052761,synthetic_holdout
5837,synthetic,0.0202201966447284,0.019377451,synthetic_holdout
7549,synthetic,0.0308373595613605,0.027377665,synthetic_holdout
7216,synthetic,0.0486563258604337,0.05469558,synthetic_holdout
12053,synthetic,1.1375606313777211,1.051169,synthetic_holdout
7959,synthetic,0.1095418176856052,0.107397884,synthetic_holdout
578,synthetic,0.0219734738895902,0.022093942,synthetic_holdout
7338,synthetic,0.0008338757780502,0.0009623586,synthetic_holdout
8291,synthetic,0.2666485975626516,0.21312393,synthetic_holdout
5659,synthetic,0.0318684754130435,0.0322408,synthetic_holdout
10057,synthetic,0.1465848915903943,0.12611298,synthetic_holdout
5076,synthetic,0.0139022488961306,0.016653838,synthetic_holdout
12174,synthetic,0.0026595255575914,0.0034791653,synthetic_holdout
4740,synthetic,0.0402930151725068,0.037507277,synthetic_holdout
3525,synthetic,0.1534056231462597,0.13148388,synthetic_holdout
4974,synthetic,2.7457713056415742,2.4132068,synthetic_holdout
546,synthetic,0.5376992372032615,0.47285223,synthetic_holdout
6232,synthetic,6.12932079372646,5.0193706,synthetic_holdout
2347,synthetic,0.0840873258182195,0.07210205,synthetic_holdout
2987,synthetic,1.1491574856314115,1.2203355,synthetic_holdout
440,synthetic,0.0673773441153622,0.07475232,synthetic_holdout
7840,synthetic,1.4572831572494047,1.7306514,synthetic_holdout
10192,synthetic,0.0009366514531236,0.0008743349,synthetic_holdout
499,synthetic,0.1906085194683812,0.18563165,synthetic_holdout
11935,synthetic,14.18946056464436,10.64798,synthetic_holdout
8098,synthetic,0.2694798685364326,0.31703582,synthetic_holdout
10400,synthetic,0.0137353619940837,0.016405638,synthetic_holdout
6407,synthetic,0.6833732484246935,0.7742761,synthetic_holdout
11715,synthetic,3.395315232690625,3.39187,synthetic_holdout
6344,synthetic,0.3325652176289382,0.43814346,synthetic_holdout
2492,synthetic,0.2659500007513444,0.2607588,synthetic_holdout
1769,synthetic,0.0047423260982063,0.004078669,synthetic_holdout
9086,synthetic,0.0177980877829863,0.0150369555,synthetic_holdout
4577,synthetic,0.1588799255582298,0.17170024,synthetic_holdout
2585,synthetic,0.0120825662414179,0.011634858,synthetic_holdout
4633,synthetic,1.3700079692772358,1.4167137,synthetic_holdout
4181,synthetic,1.9183004722401016,1.9304478,synthetic_holdout
2622,synthetic,1.2889393697335982,1.6178131,synthetic_holdout
3653,synthetic,0.8153846573016905,0.9409289,synthetic_holdout
8670,synthetic,0.0718420686525272,0.06328265,synthetic_holdout
1678,synthetic,0.0010945023750999,0.001593066,synthetic_holdout
6361,synthetic,1.8615928388827867,1.4691645,synthetic_holdout
4524,synthetic,0.7339175557068768,0.9076368,synthetic_holdout
9537,synthetic,0.1432574196637226,0.15941872,synthetic_holdout
658,synthetic,0.8487418510458561,0.8539538,synthetic_holdout
4289,synthetic,0.0779845433241817,0.08941628,synthetic_holdout
5485,synthetic,0.1650680983054193,0.15742967,synthetic_holdout
3784,synthetic,0.5632037285014119,0.4835705,synthetic_holdout
8707,synthetic,0.0029883632446968,0.0029724708,synthetic_holdout
7221,synthetic,0.0049592916339533,0.0025649497,synthetic_holdout
550,synthetic,0.0684697750710769,0.0738561,synthetic_holdout
5150,synthetic,0.1649244895850842,0.15613164,synthetic_holdout
7432,synthetic,2.7652340567091813,2.8251286,synthetic_holdout
9693,synthetic,0.8444615976410266,0.84525573,synthetic_holdout
1541,synthetic,0.2777685242934057,0.25936535,synthetic_holdout
9434,synthetic,3.3904824584067863,3.161215,synthetic_holdout
6322,synthetic,0.281927150694958,0.24562074,synthetic_holdout
10710,synthetic,0.2113389213344022,0.24713297,synthetic_holdout
2201,synthetic,0.638617670928954,0.62712264,synthetic_holdout
865,synthetic,1.5904023452267708,1.6491072,synthetic_holdout
8137,synthetic,0.1115810193417335,0.13182402,synthetic_holdout
8868,synthetic,0.2100926660116222,0.19994044,synthetic_holdout
352,synthetic,0.0718844686744488,0.061830606,synthetic_holdout
4480,synthetic,0.57565113399837,0.54426426,synthetic_holdout
1025,synthetic,0.0124270501288066,0.014176706,synthetic_holdout
11552,synthetic,0.0528651719166334,0.06093346,synthetic_holdout
881,synthetic,0.182462301897661,0.18550731,synthetic_holdout
2879,synthetic,0.0420596561612983,0.03725973,synthetic_holdout
5479,synthetic,2.442659797853956,2.5896,synthetic_holdout
8319,synthetic,18.227285681077777,28.8816,synthetic_holdout
6250,synthetic,0.2924359459083804,0.27723613,synthetic_holdout
3149,synthetic,2.151229883742756,1.7635137,synthetic_holdout
9587,synthetic,1.419514293804249,1.21725,synthetic_holdout
11640,synthetic,0.0715329399793705,0.06441394,synthetic_holdout
4204,synthetic,0.0161627933742944,0.016189383,synthetic_holdout
9297,synthetic,0.0084389346797551,0.011663816,synthetic_holdout
2975,synthetic,0.5326643596240462,0.53156453,synthetic_holdout
2275,synthetic,0.0150496923127977,0.016768588,synthetic_holdout
9797,synthetic,0.0281913187004711,0.025395745,synthetic_holdout
10220,synthetic,5.176496423425454,7.815523,synthetic_holdout
8493,synthetic,3.433498861118507,4.2987957,synthetic_holdout
1350,synthetic,0.2663316072086603,0.24111028,synthetic_holdout
9272,synthetic,0.0248505957722445,0.02965105,synthetic_holdout
8690,synthetic,0.0220663981389704,0.02164406,synthetic_holdout
9969,synthetic,12.453705581325384,14.451778,synthetic_holdout
9645,synthetic,1.007437467065871,0.87588376,synthetic_holdout
3559,synthetic,0.0149764352239861,0.013630326,synthetic_holdout
7748,synthetic,0.3883003537206864,0.35279968,synthetic_holdout
4601,synthetic,0.0219585110046728,0.023515906,synthetic_holdout
4284,synthetic,6.566857893684479,4.5741425,synthetic_holdout
10869,synthetic,0.2732700243539779,0.2793357,synthetic_holdout
10777,synthetic,0.1219171860006993,0.10798197,synthetic_holdout
11684,synthetic,2.763687544460604,4.9678965,synthetic_holdout
10567,synthetic,0.1826511673643081,0.18365994,synthetic_holdout
6274,synthetic,2.959614162522322,3.2873151,synthetic_holdout
581,synthetic,0.115551343062132,0.074592955,synthetic_holdout
9713,synthetic,0.7394792900348677,0.63276255,synthetic_holdout
3709,synthetic,1.1238661771596836,1.1123548,synthetic_holdout
6028,synthetic,0.2150561101392558,0.27082658,synthetic_holdout
1286,synthetic,0.1896776229890413,0.17011027,synthetic_holdout
1110,synthetic,0.0092294855998296,0.009564023,synthetic_holdout
6746,synthetic,1.062894201907825,1.1573988,synthetic_holdout
12173,synthetic,0.2924539168577199,0.33449805,synthetic_holdout
2146,synthetic,0.4712954430508727,0.55183786,synthetic_holdout
11443,synthetic,2.712893883310972,2.463659,synthetic_holdout
3585,synthetic,1.210034247232773,1.2158256,synthetic_holdout
4900,synthetic,0.2475835177507376,0.2883782,synthetic_holdout
5322,synthetic,3.64988939254921,3.602044,synthetic_holdout
9774,synthetic,3.3726948865602493,3.3555388,synthetic_holdout
6625,synthetic,0.1233773695917504,0.14025167,synthetic_holdout
404,synthetic,0.5946171985079812,0.6138502,synthetic_holdout
4956,synthetic,0.1075449372211041,0.13126439,synthetic_holdout
302,synthetic,0.1050512902696868,0.12161365,synthetic_holdout
11612,synthetic,3.0359722657455928,3.4907432,synthetic_holdout
2269,synthetic,0.0565161934715389,0.06733166,synthetic_holdout
4469,synthetic,3.543306676207989,3.4470758,synthetic_holdout
4625,synthetic,0.0719503528202715,0.06561711,synthetic_holdout
9941,synthetic,0.0433263844223811,0.034424573,synthetic_holdout
333,synthetic,0.12508697368422,0.15193863,synthetic_holdout
2528,synthetic,0.1595923796153442,0.16189137,synthetic_holdout
9627,synthetic,1.913899687014447,1.7497729,synthetic_holdout
4965,synthetic,0.6323137490793043,0.5985894,synthetic_holdout
9909,synthetic,0.0186486295162395,0.018665003,synthetic_holdout
773,synthetic,0.8920405157001761,1.188984,synthetic_holdout
7055,synthetic,1.632542607393395,1.6743544,synthetic_holdout
10068,synthetic,4.688406158429245,8.070331,synthetic_holdout
2000,synthetic,0.034135099483077,0.034976963,synthetic_holdout
1435,synthetic,0.0149248569792446,0.01346345,synthetic_holdout
6365,synthetic,0.0160437519712225,0.017778812,synthetic_holdout
348,synthetic,0.0044549903296479,0.00398226,synthetic_holdout
11620,synthetic,0.0091711639574189,0.010177899,synthetic_holdout
3371,synthetic,1.4843062898034296,1.6326251,synthetic_holdout
2640,synthetic,0.4004224545018903,0.4272004,synthetic_holdout
6041,synthetic,0.0565961997141223,0.050322898,synthetic_holdout
5132,synthetic,0.0334720605354065,0.03207855,synthetic_holdout
12064,synthetic,0.0105437925921612,0.011429893,synthetic_holdout
4286,synthetic,0.3312380203708933,0.2953908,synthetic_holdout
433,synthetic,1.3954375224603748,1.4794016,synthetic_holdout
8506,synthetic,0.0062104180732596,0.0072163106,synthetic_holdout
7674,synthetic,2.4092482560059136,2.407775,synthetic_holdout
5519,synthetic,0.6910817816554304,0.6147057,synthetic_holdout
3916,synthetic,0.0894144380684849,0.07101416,synthetic_holdout
5537,synthetic,0.7124188163960878,0.6678434,synthetic_holdout
3962,synthetic,1.6278787907137655,1.3455951,synthetic_holdout
10578,synthetic,0.0114324763701069,0.012197459,synthetic_holdout
11661,synthetic,0.2383279900843702,0.24120378,synthetic_holdout
11848,synthetic,3.284910646287315,3.4151883,synthetic_holdout
3948,synthetic,0.0081335819785344,0.010956159,synthetic_holdout
2151,synthetic,0.0166565276973479,0.015211196,synthetic_holdout
5358,synthetic,0.1334352985324672,0.13783784,synthetic_holdout
5822,synthetic,0.1528127197861514,0.124627486,synthetic_holdout
6988,synthetic,2.5487992379192894,2.4793396,synthetic_holdout
10270,synthetic,0.0109472723332718,0.009943888,synthetic_holdout
4866,synthetic,0.4999144156496046,0.4120437,synthetic_holdout
2437,synthetic,0.0540484122271608,0.040466085,synthetic_holdout
11815,synthetic,0.0583555482585608,0.058395095,synthetic_holdout
7013,synthetic,1.0164073574617254,1.0314465,synthetic_holdout
12167,synthetic,0.2470237123898501,0.30826098,synthetic_holdout
5305,synthetic,0.1249286154223778,0.1582846,synthetic_holdout
2481,synthetic,0.0344225603413678,0.031681832,synthetic_holdout
7080,synthetic,0.0352441200268954,0.0350943,synthetic_holdout
10040,synthetic,0.0159913587076657,0.015612648,synthetic_holdout
9683,synthetic,0.9568761536254956,1.0311056,synthetic_holdout
7949,synthetic,0.5299531959939624,0.43663594,synthetic_holdout
2175,synthetic,0.4858066100963936,0.42558053,synthetic_holdout
1643,synthetic,0.4898663815518562,0.42062634,synthetic_holdout
3838,synthetic,0.3021698401543413,0.27089524,synthetic_holdout
884,synthetic,0.6053648264786677,0.6683063,synthetic_holdout
9339,synthetic,0.1444044823901325,0.15183206,synthetic_holdout
7843,synthetic,7.368816659749875,11.910791,synthetic_holdout
12072,synthetic,0.1070003601028918,0.109281115,synthetic_holdout
607,synthetic,1.1510115922970603,1.0353059,synthetic_holdout
3256,synthetic,0.2720692853770544,0.27349553,synthetic_holdout
1578,synthetic,0.0074312077491402,0.008031216,synthetic_holdout
854,synthetic,0.7630324010027647,0.81577563,synthetic_holdout
8044,synthetic,1.6838582616985651,1.3466923,synthetic_holdout
2225,synthetic,0.0572706781517538,0.052330527,synthetic_holdout
4255,synthetic,0.0819726504881606,0.085238315,synthetic_holdout
3768,synthetic,0.3548327112117179,0.44039142,synthetic_holdout
8714,synthetic,0.2540415507028154,0.22869001,synthetic_holdout
5513,synthetic,0.3341208477779198,0.20822097,synthetic_holdout
2145,synthetic,0.2614605942575139,0.28188035,synthetic_holdout
9329,synthetic,3.1752623491332286,3.3562205,synthetic_holdout
1052,synthetic,0.0088459357023786,0.0076579596,synthetic_holdout
5189,synthetic,1.9392748232371984,1.7133812,synthetic_holdout
11151,synthetic,0.4037926782162519,0.33648252,synthetic_holdout
12051,synthetic,2.1372339932247906,2.4136162,synthetic_holdout
9335,synthetic,1.1840404463299503,1.5107747,synthetic_holdout
11007,synthetic,0.0184016079236747,0.017418493,synthetic_holdout
11537,synthetic,0.0141022099711463,0.015850274,synthetic_holdout
575,synthetic,0.0008815633760262,0.00090242416,synthetic_holdout
3253,synthetic,0.1084897996948666,0.12081395,synthetic_holdout
9321,synthetic,0.8178171404899145,0.86763996,synthetic_holdout
3954,synthetic,0.0083627467968823,0.008692894,synthetic_holdout
12058,synthetic,2.8589126566241942,2.4385996,synthetic_holdout
3729,synthetic,0.0485907892785486,0.042033643,synthetic_holdout
7982,synthetic,0.891745165935448,1.0516557,synthetic_holdout
8921,synthetic,1.0739710220978629,1.0330367,synthetic_holdout
10495,synthetic,0.0758281634471571,0.06196823,synthetic_holdout
2924,synthetic,0.0246380607494635,0.027542049,synthetic_holdout
699,synthetic,0.0184134299068723,0.015432092,synthetic_holdout
7862,synthetic,0.0311393263182984,0.03742262,synthetic_holdout
1925,synthetic,0.0161104847446344,0.0152988285,synthetic_holdout
6008,synthetic,0.2504168018113653,0.24365857,synthetic_holdout
10631,synthetic,0.4749818341712428,0.49636272,synthetic_holdout
4674,synthetic,2.107587002381463,1.9181367,synthetic_holdout
511,synthetic,1.498148493043072,1.6643237,synthetic_holdout
4392,synthetic,0.125344619946312,0.15688294,synthetic_holdout
5719,synthetic,0.202176761441076,0.22490996,synthetic_holdout
6760,synthetic,0.0171329344682073,0.018771986,synthetic_holdout
8523,synthetic,0.0010013923526817,0.0009714561,synthetic_holdout
4710,synthetic,0.5976966391587225,0.6196706,synthetic_holdout
5782,synthetic,0.0649713567032069,0.056902986,synthetic_holdout
4966,synthetic,1.6119737655637056,1.4983323,synthetic_holdout
11487,synthetic,4.539787132217971,3.9165983,synthetic_holdout
6561,synthetic,0.0164126939978846,0.016871892,synthetic_holdout
6403,synthetic,0.1266233290349744,0.13047253,synthetic_holdout
2317,synthetic,0.8791065224800769,1.0136791,synthetic_holdout
1034,synthetic,2.0505898237168325,2.2762089,synthetic_holdout
7601,synthetic,0.1532315597717605,0.18088047,synthetic_holdout
11021,synthetic,0.0743582015964919,0.061764367,synthetic_holdout
8634,synthetic,0.3157403690203396,0.29929715,synthetic_holdout
10780,synthetic,12.74919486732374,9.492609,synthetic_holdout
7717,synthetic,1.927804814059466,1.5444927,synthetic_holdout
1713,synthetic,0.7784730716529766,0.8982584,synthetic_holdout
11788,synthetic,0.2553105179880471,0.21442008,synthetic_holdout
6558,synthetic,0.486937052252764,0.5057075,synthetic_holdout
5028,synthetic,0.034716462894991,0.0439373,synthetic_holdout
2961,synthetic,0.0085638635805463,0.008165437,synthetic_holdout
5223,synthetic,0.0197984860303707,0.0239703,synthetic_holdout
4821,synthetic,0.5642231142838705,0.4788942,synthetic_holdout
8353,synthetic,0.1343764718122509,0.12528476,synthetic_holdout
8147,synthetic,2.0837245760155474,1.6258034,synthetic_holdout
11388,synthetic,5.038537264224582,4.357434,synthetic_holdout
10687,synthetic,0.2160658249707384,0.24502967,synthetic_holdout
2683,synthetic,0.4512951356299365,0.49126282,synthetic_holdout
4857,synthetic,0.178552126705527,0.13183069,synthetic_holdout
627,synthetic,0.1388967468375114,0.128205,synthetic_holdout
9081,synthetic,0.3892405791349537,0.33796585,synthetic_holdout
8085,synthetic,1.1746160637045622,1.0451672,synthetic_holdout
1694,synthetic,0.6032751781418104,0.5305281,synthetic_holdout
7077,synthetic,2.266347463424337,1.9273167,synthetic_holdout
3945,synthetic,2.6290188344107475,1.9545625,synthetic_holdout
7431,synthetic,0.0150904744752294,0.0130939465,synthetic_holdout
3615,synthetic,1.758189281825982,1.3929802,synthetic_holdout
10223,synthetic,0.4032700619711133,0.34408355,synthetic_holdout
3567,synthetic,0.0374443225097017,0.02642523,synthetic_holdout
10123,synthetic,0.4641221718879522,0.630721,synthetic_holdout
9496,synthetic,0.0369686360203312,0.0651284,synthetic_holdout
11825,synthetic,0.0214605756294142,0.022421546,synthetic_holdout
10287,synthetic,0.0155517433876227,0.014472576,synthetic_holdout
11834,synthetic,0.0408594695640942,0.03838835,synthetic_holdout
10851,synthetic,0.0080730764047647,0.00920301,synthetic_holdout
3920,synthetic,0.1538947236389818,0.1490035,synthetic_holdout
3305,synthetic,0.0109990757752342,0.012395107,synthetic_holdout
1918,synthetic,0.0234917853969525,0.022099698,synthetic_holdout
10601,synthetic,0.0338302615572589,0.032310728,synthetic_holdout
5284,synthetic,0.9389172163309965,1.0781581,synthetic_holdout
12185,synthetic,0.1739878456215521,0.15981375,synthetic_holdout
10355,synthetic,0.0131781919418307,0.013105424,synthetic_holdout
527,synthetic,0.5886569965463924,0.7043409,synthetic_holdout
8543,synthetic,1.1510324326840826,1.2125056,synthetic_holdout
7780,synthetic,2.2922230885238988,2.4449565,synthetic_holdout
11573,synthetic,0.2758328934956905,0.25354967,synthetic_holdout
2299,synthetic,0.0509343752247182,0.05642388,synthetic_holdout
6732,synthetic,0.0437191914936268,0.037982635,synthetic_holdout
6120,synthetic,0.6523110729862129,0.6098573,synthetic_holdout
6470,synthetic,2.347977280836573,2.21804,synthetic_holdout
4861,synthetic,0.0214923032418786,0.018774336,synthetic_holdout
7521,synthetic,0.0515848223952413,0.05419531,synthetic_holdout
8265,synthetic,1.8000125116727088,2.0312607,synthetic_holdout
9701,synthetic,0.3488190420140225,0.29513115,synthetic_holdout
2368,synthetic,0.2383881965422421,0.24146813,synthetic_holdout
7811,synthetic,2.8534801725032275,3.5426638,synthetic_holdout
3255,synthetic,1.217608011981197,1.0194246,synthetic_holdout
707,synthetic,0.4796501838173815,0.4127787,synthetic_holdout
11039,synthetic,0.0241182762717165,0.021513343,synthetic_holdout
8362,synthetic,0.0214994914132466,0.018255306,synthetic_holdout
11026,synthetic,2.3471961553504386,2.1049335,synthetic_holdout
10267,synthetic,0.0404279295379321,0.038664315,synthetic_holdout
10509,synthetic,0.1338920612006693,0.12435939,synthetic_holdout
12251,synthetic,0.0996269797789295,0.1122601,synthetic_holdout
9926,synthetic,0.0083506385184535,0.008578495,synthetic_holdout
11250,synthetic,0.1724026673664681,0.1856999,synthetic_holdout
10943,synthetic,0.4066016040815568,0.34978485,synthetic_holdout
4113,synthetic,1.3248818690861053,1.3141636,synthetic_holdout
8131,synthetic,1.005087511805355,1.0238701,synthetic_holdout
6540,synthetic,1.7913268153857629,2.1676917,synthetic_holdout
12004,synthetic,0.0072270779309217,0.010353797,synthetic_holdout
4360,synthetic,0.0182213268942268,0.021323582,synthetic_holdout
9006,synthetic,0.0329589109294974,0.032714766,synthetic_holdout
8185,synthetic,0.3993588771465166,0.4133391,synthetic_holdout
10817,synthetic,0.0431826993641067,0.041282516,synthetic_holdout
10917,synthetic,0.6184867868369291,0.70734036,synthetic_holdout
6184,synthetic,0.6768357929728224,0.5693016,synthetic_holdout
6122,synthetic,0.0554458676803336,0.06098262,synthetic_holdout
10470,synthetic,0.4346023786910966,0.4896923,synthetic_holdout
11163,synthetic,0.2768783887603069,0.31337664,synthetic_holdout
7107,synthetic,2.7689352547067627,2.5037458,synthetic_holdout
534,synthetic,2.500104268493268,2.3546884,synthetic_holdout
519,synthetic,0.014877638083475,0.013699777,synthetic_holdout
7191,synthetic,0.0507216282293049,0.03854045,synthetic_holdout
392,synthetic,0.7712766892179207,0.71344507,synthetic_holdout
7136,synthetic,0.5038920199681716,0.5222995,synthetic_holdout
6994,synthetic,3.523894310454068,2.3357224,synthetic_holdout
11104,synthetic,0.3187208880405729,0.29730955,synthetic_holdout
4598,synthetic,0.6186651750723196,0.5840889,synthetic_holdout
11759,synthetic,0.3456327947998688,0.3322108,synthetic_holdout
852,synthetic,2.077229227067356,2.5068386,synthetic_holdout
7091,synthetic,0.097384038207682,0.14385717,synthetic_holdout
7762,synthetic,0.0179620038342536,0.018827247,synthetic_holdout
8327,synthetic,1.6114523266615557,1.3547515,synthetic_holdout
2124,synthetic,0.0304647954692931,0.0316962,synthetic_holdout
9429,synthetic,7.142390998412145,5.743707,synthetic_holdout
4913,synthetic,0.1069301814019973,0.121001,synthetic_holdout
2776,synthetic,0.8887039188552197,0.86435926,synthetic_holdout
7390,synthetic,0.5137424346105925,0.6177526,synthetic_holdout
5899,synthetic,2.1006925123437257,2.463412,synthetic_holdout
11455,synthetic,0.0155074386233383,0.018583452,synthetic_holdout
2685,synthetic,0.1627392544197297,0.15052599,synthetic_holdout
3234,synthetic,0.087423626184665,0.08812851,synthetic_holdout
5656,synthetic,0.0910388406638463,0.09127249,synthetic_holdout
7935,synthetic,0.0360980197309504,0.033230916,synthetic_holdout
2577,synthetic,0.8930931497047127,0.85290736,synthetic_holdout
10863,synthetic,1.1574293582842703,1.4581251,synthetic_holdout
7137,synthetic,0.0306768887718114,0.02409261,synthetic_holdout
10553,synthetic,0.0768747600442709,0.0714683,synthetic_holdout
10143,synthetic,0.033308696719975,0.037470117,synthetic_holdout
1868,synthetic,0.1926346633922822,0.15673073,synthetic_holdout
1632,synthetic,0.0062305574654989,0.008764032,synthetic_holdout
7247,synthetic,0.5475172149409375,0.522282,synthetic_holdout
4218,synthetic,0.0173783792416604,0.019024529,synthetic_holdout
2164,synthetic,0.1039974622197782,0.12907904,synthetic_holdout
12176,synthetic,0.8665833921134793,1.0493191,synthetic_holdout
11414,synthetic,0.6169361511986688,0.59412163,synthetic_holdout
9640,synthetic,7.594990070610446,6.547671,synthetic_holdout
7726,synthetic,10.52890985473704,8.522401,synthetic_holdout
10796,synthetic,0.0070508710199927,0.008606043,synthetic_holdout
3166,synthetic,0.0144900644524141,0.01715994,synthetic_holdout
648,synthetic,0.0165578921009214,0.015283265,synthetic_holdout
6297,synthetic,0.1999136056054277,0.28466773,synthetic_holdout
4291,synthetic,2.4717785737677613,2.513097,synthetic_holdout
4115,synthetic,0.3963801301333282,0.44694227,synthetic_holdout
1479,synthetic,3.103127755332514,3.265777,synthetic_holdout
5105,synthetic,0.0539127742199849,0.058303338,synthetic_holdout
11409,synthetic,0.0932741520702665,0.1095752,synthetic_holdout
5663,synthetic,0.0250239851982897,0.026644967,synthetic_holdout
5440,synthetic,3.755933962519712,3.4022827,synthetic_holdout
2561,synthetic,0.0369496944497516,0.041311968,synthetic_holdout
3080,synthetic,0.2818484191263101,0.23963617,synthetic_holdout
11482,synthetic,0.1007431781266335,0.1096872,synthetic_holdout
594,synthetic,0.0959074131447851,0.07101622,synthetic_holdout
3542,synthetic,0.0963236761158032,0.104089245,synthetic_holdout
11051,synthetic,0.0019720917079243,0.0023914308,synthetic_holdout
2212,synthetic,0.0022175051961659,0.0018167682,synthetic_holdout
5336,synthetic,0.0825571054343718,0.0771436,synthetic_holdout
8836,synthetic,0.0246540358790064,0.020536197,synthetic_holdout
11716,synthetic,0.074642161243605,0.08530891,synthetic_holdout
6878,synthetic,0.3119690864172404,0.33522716,synthetic_holdout
8466,synthetic,0.1532950544600912,0.11697431,synthetic_holdout
12153,synthetic,0.2206269279118832,0.24814507,synthetic_holdout
2969,synthetic,0.034088867746996,0.033105604,synthetic_holdout
7958,synthetic,1.3637330404848034,1.2010273,synthetic_holdout
8930,synthetic,2.6240883866694853,2.0383184,synthetic_holdout
8086,synthetic,0.161904197906417,0.19641636,synthetic_holdout
3061,synthetic,1.5645544153934503,1.7036428,synthetic_holdout
9663,synthetic,0.5799442709971154,0.50648785,synthetic_holdout
3673,synthetic,3.8810121462000335,3.5635965,synthetic_holdout
4899,synthetic,2.0918003606563658,2.2263582,synthetic_holdout
659,synthetic,3.489795405998225,3.3700528,synthetic_holdout
11717,synthetic,0.0234179104142905,0.025226502,synthetic_holdout
5895,synthetic,0.6220188592024328,0.6011234,synthetic_holdout
3142,synthetic,0.3010935102564854,0.29215848,synthetic_holdout
11822,synthetic,0.0176604638570683,0.023100162,synthetic_holdout
6831,synthetic,2.8428607766480445,3.350398,synthetic_holdout
7800,synthetic,0.2002315954289429,0.21726565,synthetic_holdout
2318,synthetic,0.1426688427282003,0.12588054,synthetic_holdout
6723,synthetic,0.0675409967430494,0.07861884,synthetic_holdout
1357,synthetic,0.0159239394671981,0.015789622,synthetic_holdout
4174,synthetic,0.004188203472502,0.0037252367,synthetic_holdout
7300,synthetic,0.9310030107157627,1.2152773,synthetic_holdout
6724,synthetic,2.2359130120526785,1.3875554,synthetic_holdout
11855,synthetic,0.7332353955567862,0.8217164,synthetic_holdout
9299,synthetic,4.715978339347458,4.2004275,synthetic_holdout
2880,synthetic,0.4804872839481408,0.43169197,synthetic_holdout
1739,synthetic,0.2637163531790955,0.25447923,synthetic_holdout
3912,synthetic,0.2568643690863599,0.30439588,synthetic_holdout
3852,synthetic,0.0125069446096549,0.017113894,synthetic_holdout
9582,synthetic,0.1878183182748654,0.26891086,synthetic_holdout
709,synthetic,0.2708463535988769,0.3193685,synthetic_holdout
1042,synthetic,0.0151289742074872,0.015431208,synthetic_holdout
10304,synthetic,0.270512793465776,0.25644946,synthetic_holdout
975,synthetic,0.0598809769836997,0.06623475,synthetic_holdout
9931,synthetic,0.0154378337362205,0.014171088,synthetic_holdout
2938,synthetic,2.3216186507568057,2.557743,synthetic_holdout
3321,synthetic,0.1262796707548176,0.10930941,synthetic_holdout
1891,synthetic,2.334051854289065,2.2856143,synthetic_holdout
4263,synthetic,9.663590583217353,10.224916,synthetic_holdout
1902,synthetic,1.435261656414223,1.3251034,synthetic_holdout
1537,synthetic,0.3116640183266044,0.29049686,synthetic_holdout
3179,synthetic,0.1165584048704718,0.11368962,synthetic_holdout
9778,synthetic,0.0089063214614092,0.009681345,synthetic_holdout
7455,synthetic,0.0514261793843122,0.06231353,synthetic_holdout
6453,synthetic,0.4663243932699181,0.45248827,synthetic_holdout
9506,synthetic,0.4839927542746611,0.42551756,synthetic_holdout
9814,synthetic,0.0100548059280063,0.00933957,synthetic_holdout
828,synthetic,0.7260905866186875,0.68606377,synthetic_holdout
559,synthetic,0.7828486506365142,0.8766971,synthetic_holdout
972,synthetic,0.3649480304463183,0.31027615,synthetic_holdout
3694,synthetic,0.0906251198134296,0.10095638,synthetic_holdout
1513,synthetic,0.0056613673550577,0.007501944,synthetic_holdout
2667,synthetic,0.0377325800969455,0.042616393,synthetic_holdout
7315,synthetic,1.451958199180409,1.7176217,synthetic_holdout
8160,synthetic,0.0511183070927479,0.04327023,synthetic_holdout
8401,synthetic,2.3818892055393377,2.121986,synthetic_holdout
7971,synthetic,0.0155695563689269,0.018735766,synthetic_holdout
1010,synthetic,0.1553759831106054,0.1736128,synthetic_holdout
4300,synthetic,0.0208874155677544,0.018345505,synthetic_holdout
387,synthetic,4.057390850109507,3.933896,synthetic_holdout
7515,synthetic,0.135089957260646,0.12392955,synthetic_holdout
2660,synthetic,0.0971967348344653,0.110161655,synthetic_holdout
5906,synthetic,1.628722983365774,1.4876944,synthetic_holdout
11987,synthetic,0.2865618312310729,0.23754467,synthetic_holdout
6212,synthetic,0.3003019412059816,0.2532551,synthetic_holdout
441,synthetic,2.943958371214776,2.9260342,synthetic_holdout
8875,synthetic,0.0015115035731312,0.002009277,synthetic_holdout
4967,synthetic,0.6571893380133181,0.60785323,synthetic_holdout
5490,synthetic,0.2395552960737115,0.21185744,synthetic_holdout
9885,synthetic,0.1629786475042677,0.15112697,synthetic_holdout
283,synthetic,3.8568688461552574,3.8441486,synthetic_holdout
6438,synthetic,0.0153533223880937,0.012608853,synthetic_holdout
6579,synthetic,0.5445019893259999,0.5536021,synthetic_holdout
6605,synthetic,0.5796652699401059,0.6571608,synthetic_holdout
3895,synthetic,6.588454399125525,4.8494487,synthetic_holdout
10215,synthetic,0.0498865473961708,0.028743962,synthetic_holdout
1758,synthetic,0.0258680724205188,0.024138225,synthetic_holdout
5926,synthetic,0.0357231087564863,0.029741619,synthetic_holdout
3207,synthetic,0.8147681893353795,0.69027513,synthetic_holdout
11366,synthetic,0.0583877580930667,0.06306572,synthetic_holdout
6285,synthetic,0.2435852842057715,0.22493266,synthetic_holdout
10793,synthetic,0.3647224486663062,0.38897356,synthetic_holdout
5525,synthetic,1.8037433322008871,2.0298927,synthetic_holdout
9929,synthetic,0.0076692141998831,0.006737464,synthetic_holdout
9823,synthetic,0.0080246086458255,0.011082024,synthetic_holdout
4031,synthetic,0.7369689704698416,0.85824186,synthetic_holdout
10496,synthetic,0.0128740531570825,0.012721741,synthetic_holdout
9527,synthetic,0.2503869918807775,0.23718993,synthetic_holdout
7813,synthetic,2.405345824191795,2.387774,synthetic_holdout
7756,synthetic,0.0491640591893713,0.05524535,synthetic_holdout
9283,synthetic,0.3132412956851069,0.3240317,synthetic_holdout
8810,synthetic,0.0373357389861075,0.03252823,synthetic_holdout
11117,synthetic,4.063769260942287,3.3527334,synthetic_holdout
2891,synthetic,0.0123498681842773,0.014474777,synthetic_holdout
5678,synthetic,0.0397844501950148,0.03690152,synthetic_holdout
10568,synthetic,0.031255382566486,0.02773673,synthetic_holdout
2405,synthetic,0.3651320694321503,0.43496314,synthetic_holdout
6945,synthetic,0.2133863813698532,0.18473457,synthetic_holdout
1523,synthetic,0.0276858910652598,0.031242033,synthetic_holdout
10665,synthetic,0.0432702493320739,0.042565677,synthetic_holdout
5053,synthetic,0.7051669448910965,0.9069961,synthetic_holdout
6735,synthetic,1.5793875351085225,1.7578967,synthetic_holdout
10688,synthetic,1.269420790463722,1.6509743,synthetic_holdout
936,synthetic,9.109505063304027,6.9855657,synthetic_holdout
11732,synthetic,1.713238388265741,2.0304768,synthetic_holdout
5532,synthetic,0.0116624947813314,0.013300643,synthetic_holdout
8067,synthetic,0.5059064482258061,0.4374808,synthetic_holdout
3684,synthetic,0.2695318632848582,0.26599786,synthetic_holdout
9258,synthetic,0.0170561500022807,0.016090417,synthetic_holdout
8386,synthetic,0.0054291974477485,0.0057283677,synthetic_holdout
6505,synthetic,0.0101723272346606,0.009548815,synthetic_holdout
1980,synthetic,0.1092945207843848,0.1259811,synthetic_holdout
6821,synthetic,0.6876405779906951,0.5972657,synthetic_holdout
4976,synthetic,0.2539506833494802,0.26275095,synthetic_holdout
6626,synthetic,2.784648414224552,2.4748616,synthetic_holdout
7661,synthetic,0.0541891395198469,0.054726217,synthetic_holdout
12188,synthetic,0.141903502290487,0.17576115,synthetic_holdout
8618,synthetic,0.1769915112910378,0.15889232,synthetic_holdout
525,synthetic,0.0583457951181137,0.0624486,synthetic_holdout
6205,synthetic,2.7996816624738434,2.5320342,synthetic_holdout
10951,synthetic,0.0008939839034512,0.00092035305,synthetic_holdout
6456,synthetic,2.226735101950841,2.4420877,synthetic_holdout
1383,synthetic,0.3559954659387279,0.4103246,synthetic_holdout
10114,synthetic,0.2979127431686993,0.2715536,synthetic_holdout
11553,synthetic,0.7814869921716535,0.6159631,synthetic_holdout
7504,synthetic,0.6987912767040273,1.2815915,synthetic_holdout
1877,synthetic,25.157577925852603,20.473324,synthetic_holdout
6229,synthetic,1.087295656962623,0.9695199,synthetic_holdout
4593,synthetic,0.1004281409423296,0.10663843,synthetic_holdout
7936,synthetic,0.0442612352927754,0.039920487,synthetic_holdout
11981,synthetic,9.361445026417284,7.1074376,synthetic_holdout
11183,synthetic,0.447205923739465,0.5863456,synthetic_holdout
8045,synthetic,2.055538663046181,1.9283648,synthetic_holdout
5282,synthetic,1.241165853993463,1.6677179,synthetic_holdout
3454,synthetic,0.2873968728753804,0.24193387,synthetic_holdout
6615,synthetic,0.254309495500045,0.24207802,synthetic_holdout
9879,synthetic,1.6941915435740338,1.708285,synthetic_holdout
8941,synthetic,0.7834411300868002,0.8914668,synthetic_holdout
4334,synthetic,0.0270989257573087,0.026734674,synthetic_holdout
5268,synthetic,0.4055435290787676,0.65929645,synthetic_holdout
9735,synthetic,1.4971481146707644,1.4162469,synthetic_holdout
353,synthetic,0.1182259196476125,0.11695654,synthetic_holdout
6926,synthetic,0.0195886526023964,0.01805005,synthetic_holdout
10328,synthetic,0.0156471611190982,0.013025135,synthetic_holdout
4002,synthetic,1.8015578738669744,1.614996,synthetic_holdout
10097,synthetic,0.0152776520249145,0.013903556,synthetic_holdout
1192,synthetic,0.0671770700916091,0.0648566,synthetic_holdout
2948,synthetic,0.9426126721756988,0.9899182,synthetic_holdout
6758,synthetic,0.1005130977212654,0.087828934,synthetic_holdout
6797,synthetic,0.0076404748323113,0.0073341136,synthetic_holdout
5243,synthetic,0.944109608183223,0.973718,synthetic_holdout
10866,synthetic,0.0474955500772649,0.05068231,synthetic_holdout
883,synthetic,3.642736132242812,5.4295774,synthetic_holdout
10804,synthetic,0.0312214390783678,0.038966965,synthetic_holdout
8080,synthetic,0.0399682743436393,0.036932446,synthetic_holdout
2951,synthetic,1.6056709755113363,1.7601393,synthetic_holdout
4568,synthetic,0.0887951963478912,0.11378613,synthetic_holdout
7644,synthetic,0.84165262480464,0.88490796,synthetic_holdout
7894,synthetic,0.4550495794371186,0.5671499,synthetic_holdout
5539,synthetic,0.2705708528788897,0.28133163,synthetic_holdout
5499,synthetic,0.1043316384498636,0.12837863,synthetic_holdout
1633,synthetic,0.1192085059414253,0.11027057,synthetic_holdout
10090,synthetic,0.1091967401210217,0.12403103,synthetic_holdout
6052,synthetic,1.3178714224066,1.4189394,synthetic_holdout
12258,synthetic,0.654371008682844,0.61508036,synthetic_holdout
3511,synthetic,0.063811931394101,0.06278153,synthetic_holdout
2314,synthetic,0.1373503778555353,0.12596507,synthetic_holdout
8992,synthetic,0.7069624837979855,0.7480042,synthetic_holdout
3176,synthetic,0.4391250068647213,0.43069068,synthetic_holdout
6507,synthetic,0.0169441256399667,0.015443962,synthetic_holdout
5390,synthetic,1.9222832648961987,1.7006984,synthetic_holdout
6846,synthetic,0.228105262105676,0.23081277,synthetic_holdout
1959,synthetic,0.5890559216438573,0.47059092,synthetic_holdout
469,synthetic,0.5574532439258173,0.61623645,synthetic_holdout
8188,synthetic,0.0626905344491853,0.074645184,synthetic_holdout
7998,synthetic,0.0550513950380391,0.050758716,synthetic_holdout
1874,synthetic,0.4057838620728691,0.3409973,synthetic_holdout
5184,synthetic,0.029785353710034,0.025106538,synthetic_holdout
8366,synthetic,5.48227885484862,4.5436316,synthetic_holdout
5359,synthetic,0.0583060482363771,0.05877541,synthetic_holdout
2604,synthetic,1.6163719248121675,1.7676421,synthetic_holdout
8712,synthetic,0.0079574383227202,0.009370646,synthetic_holdout
3769,synthetic,1.519538354240871,1.7098829,synthetic_holdout
8388,synthetic,0.1794478226019644,0.19073725,synthetic_holdout
8679,synthetic,0.1288960918906204,0.14139998,synthetic_holdout
4696,synthetic,0.1194250721715199,0.10934578,synthetic_holdout
10845,synthetic,1.290390338560789,1.3570014,synthetic_holdout
2046,synthetic,0.0497751058301055,0.0379071,synthetic_holdout
1628,synthetic,1.0837334808554688,1.1224556,synthetic_holdout
7559,synthetic,0.00105649069722,0.0011128333,synthetic_holdout
5999,synthetic,1.1967025605505643,1.0162721,synthetic_holdout
7132,synthetic,0.2875752262936927,0.2745131,synthetic_holdout
11199,synthetic,3.700392249169928,4.1132627,synthetic_holdout
8628,synthetic,0.4058022207460024,0.40640885,synthetic_holdout
6168,synthetic,0.0710980709194973,0.0669743,synthetic_holdout
11748,synthetic,0.9580122685522384,1.0351943,synthetic_holdout
10299,synthetic,0.957549731780596,0.85331726,synthetic_holdout
2417,synthetic,3.8194839686471553,3.3264701,synthetic_holdout
8149,synthetic,2.051510879586496,2.2791054,synthetic_holdout
1748,synthetic,0.0113451846845568,0.012557972,synthetic_holdout
11955,synthetic,0.1219572091391082,0.10806739,synthetic_holdout
2755,synthetic,0.0618251479649354,0.07353023,synthetic_holdout
1771,synthetic,5.793414312226776,5.376192,synthetic_holdout
3470,synthetic,0.1439278062529878,0.124121696,synthetic_holdout
5839,synthetic,0.6574258445356286,0.70671767,synthetic_holdout
379,synthetic,2.4510275742966177,2.2983446,synthetic_holdout
2611,synthetic,2.0368280612802216,2.270571,synthetic_holdout
827,synthetic,0.1998038761055056,0.21784729,synthetic_holdout
4098,synthetic,0.3523345738150241,0.30374283,synthetic_holdout
10082,synthetic,0.0163536935851202,0.015853232,synthetic_holdout
9066,synthetic,0.0771941287265973,0.08039929,synthetic_holdout
2734,synthetic,0.013403240141562,0.013008102,synthetic_holdout
4958,synthetic,3.9537765627602974,3.1631224,synthetic_holdout
5672,synthetic,0.6063686698711426,0.6030539,synthetic_holdout
1656,synthetic,3.94208307493676,3.4417734,synthetic_holdout
4840,synthetic,0.9442937108667308,1.033741,synthetic_holdout
8027,synthetic,1.820624375258173,1.7105464,synthetic_holdout
5290,synthetic,0.8303531758091771,0.8845793,synthetic_holdout
7938,synthetic,0.1871794452211168,0.119537346,synthetic_holdout
6688,synthetic,1.1899920865094522,1.3541696,synthetic_holdout
3907,synthetic,0.0080445314215034,0.008924751,synthetic_holdout
6607,synthetic,4.552217242290782,4.1653,synthetic_holdout
2140,synthetic,0.8679233804404035,0.9200796,synthetic_holdout
617,synthetic,0.543863403481718,0.5034284,synthetic_holdout
6341,synthetic,0.0594696240675708,0.053522807,synthetic_holdout
1181,synthetic,0.8049788371697417,0.842278,synthetic_holdout
8228,synthetic,0.0154302977873939,0.016041145,synthetic_holdout
8798,synthetic,0.755335790021117,0.7008185,synthetic_holdout
7630,synthetic,0.0127177665678851,0.0103463475,synthetic_holdout
11803,synthetic,22.076283070619787,13.295814,synthetic_holdout
5870,synthetic,0.8024589793477769,0.6989402,synthetic_holdout
11950,synthetic,0.0698623768399368,0.062085845,synthetic_holdout
9216,synthetic,2.0120955899764703,2.3812938,synthetic_holdout
6182,synthetic,0.0671901445370773,0.07919378,synthetic_holdout
8945,synthetic,0.0248755956509069,0.02611943,synthetic_holdout
1920,synthetic,0.0094185691693411,0.009390484,synthetic_holdout
9459,synthetic,0.0603324304858547,0.05234103,synthetic_holdout
5639,synthetic,0.0778759164949096,0.07105552,synthetic_holdout
9122,synthetic,1.7152787312761684,1.7038419,synthetic_holdout
727,synthetic,0.0442809762533261,0.03585246,synthetic_holdout
6552,synthetic,0.0196728784258556,0.018628463,synthetic_holdout
3441,synthetic,0.2052020243231058,0.2019365,synthetic_holdout
5744,synthetic,1.476073045137386,1.7443991,synthetic_holdout
4179,synthetic,3.127565174103687,3.0813458,synthetic_holdout
3291,synthetic,0.6281865613522885,0.7853051,synthetic_holdout
6405,synthetic,0.0997364364007758,0.12413428,synthetic_holdout
10381,synthetic,0.9615243280489338,1.0021235,synthetic_holdout
6419,synthetic,2.4185863726807955,2.3694565,synthetic_holdout
4036,synthetic,1.706879628501261,1.7403804,synthetic_holdout
1168,synthetic,0.0700428947357412,0.063600495,synthetic_holdout
2520,synthetic,0.2830167779011416,0.38283905,synthetic_holdout
6000,synthetic,0.0805314095816067,0.10683307,synthetic_holdout
7020,synthetic,0.1234381256850433,0.14873636,synthetic_holdout
7332,synthetic,0.2794231081984182,0.2553953,synthetic_holdout
2964,synthetic,0.1596166305481164,0.13987999,synthetic_holdout
11520,synthetic,0.0273191442453472,0.028089901,synthetic_holdout
6608,synthetic,0.008191717499186,0.007874091,synthetic_holdout
7861,synthetic,0.2344076981117586,0.19942333,synthetic_holdout
10702,synthetic,0.611008156993256,0.74858123,synthetic_holdout
1233,synthetic,4.035603221763209,3.6993425,synthetic_holdout
11611,synthetic,0.0150691983801807,0.011991467,synthetic_holdout
11497,synthetic,2.6533675380359685,2.528792,synthetic_holdout
8885,synthetic,0.1363596091502421,0.14820553,synthetic_holdout
6165,synthetic,0.0411861867913573,0.03769455,synthetic_holdout
270,synthetic,10.707452996933132,9.755613,synthetic_holdout
595,synthetic,0.0482533299998498,0.041510228,synthetic_holdout
1507,synthetic,2.35030548742823,2.0495365,synthetic_holdout
2296,synthetic,1.138947636853214,1.5176846,synthetic_holdout
6378,synthetic,0.0365965565349647,0.033571817,synthetic_holdout
1766,synthetic,0.0449921181669896,0.05311359,synthetic_holdout
1686,synthetic,0.0047783915847807,0.006135159,synthetic_holdout
5324,synthetic,0.0141587133726814,0.015897458,synthetic_holdout
9250,synthetic,0.2026029893684457,0.1643305,synthetic_holdout
3783,synthetic,0.2523740982565806,0.3053312,synthetic_holdout
6871,synthetic,1.98530358756058,2.4395583,synthetic_holdout
7463,synthetic,0.0152367501407154,0.012635122,synthetic_holdout
8096,synthetic,0.9022792961666452,1.0941333,synthetic_holdout
8520,synthetic,0.0777106480966941,0.06992086,synthetic_holdout
3708,synthetic,0.1124925353938769,0.103830345,synthetic_holdout
2379,synthetic,3.085153507714383,3.4420118,synthetic_holdout
8540,synthetic,0.6604724812413469,0.61370236,synthetic_holdout
6647,synthetic,0.0402329958473845,0.04100893,synthetic_holdout
279,synthetic,1.5217893218798886,1.4481282,synthetic_holdout
10402,synthetic,0.6705422532961164,0.9267534,synthetic_holdout
9217,synthetic,0.0892805333417275,0.06857528,synthetic_holdout
11306,synthetic,0.0693586273831156,0.06499121,synthetic_holdout
9846,synthetic,0.0176130775489721,0.015020871,synthetic_holdout
2800,synthetic,0.1419912032950128,0.16108173,synthetic_holdout
694,synthetic,0.0011176418369263,0.0009428673,synthetic_holdout
10035,synthetic,0.9521749131473836,1.0113633,synthetic_holdout
7118,synthetic,0.4484886828691971,0.4477219,synthetic_holdout
2451,synthetic,4.76522636933724,3.1930149,synthetic_holdout
6989,synthetic,1.9357208987912595,1.4342744,synthetic_holdout
3228,synthetic,1.2133236390359594,1.246689,synthetic_holdout
7579,synthetic,0.0054894497533115,0.0053149583,synthetic_holdout
6910,synthetic,0.1031867722158291,0.12060327,synthetic_holdout
4596,synthetic,0.0127528435616426,0.01699995,synthetic_holdout
2122,synthetic,0.0085521346542336,0.009414015,synthetic_holdout
5889,synthetic,0.083119295917521,0.06982979,synthetic_holdout
11961,synthetic,0.5719231447244106,0.37478596,synthetic_holdout
1605,synthetic,0.0092931351171957,0.01244775,synthetic_holdout
5828,synthetic,0.093899860298355,0.12080539,synthetic_holdout
10590,synthetic,0.0220426883052663,0.019282768,synthetic_holdout
9143,synthetic,0.9442291300749954,1.2533829,synthetic_holdout
3572,synthetic,0.7619561903750979,0.66716754,synthetic_holdout
11080,synthetic,0.0008600162241218,0.0009993091,synthetic_holdout
3274,synthetic,0.2722917797481207,0.25568357,synthetic_holdout
9917,synthetic,0.0010726109451482,0.0009280554,synthetic_holdout
3909,synthetic,0.2388620692591946,0.38125417,synthetic_holdout
11922,synthetic,0.5450418982313294,0.71798265,synthetic_holdout
9241,synthetic,0.2747013173380762,0.30392498,synthetic_holdout
11053,synthetic,0.0235588816318704,0.027349131,synthetic_holdout
11938,synthetic,1.130456707409835,1.5438601,synthetic_holdout
6658,synthetic,0.0215177072845518,0.013899706,synthetic_holdout
698,synthetic,0.6117656791551954,0.72159266,synthetic_holdout
7708,synthetic,0.4829282386610698,0.52094513,synthetic_holdout
10693,synthetic,0.0022009425303051,0.0018780356,synthetic_holdout
4235,synthetic,0.6094689863432475,0.5217074,synthetic_holdout
3788,synthetic,0.0072118164593804,0.0072799516,synthetic_holdout
7767,synthetic,0.0881170020594375,0.073475234,synthetic_holdout
5972,synthetic,0.0489274279725596,0.050762575,synthetic_holdout
12056,synthetic,0.0528752660301875,0.05119437,synthetic_holdout
1599,synthetic,0.0554773169935419,0.052715156,synthetic_holdout
9590,synthetic,0.0582681612742183,0.05269573,synthetic_holdout
4453,synthetic,0.0213163077081953,0.021116216,synthetic_holdout
616,synthetic,0.4048629764939513,0.33702943,synthetic_holdout
8053,synthetic,0.1700172128729745,0.14556286,synthetic_holdout
2531,synthetic,0.0057720484478717,0.005299528,synthetic_holdout
9675,synthetic,0.0104163360484366,0.012231362,synthetic_holdout
5960,synthetic,1.9417644243669672,1.7123511,synthetic_holdout
4283,synthetic,0.0259566991409631,0.026276613,synthetic_holdout
1000,synthetic,3.0803053735182817,3.9269018,synthetic_holdout
316,synthetic,0.0071092834149363,0.0076455553,synthetic_holdout
2434,synthetic,0.0153403390158534,0.0156317,synthetic_holdout
11318,synthetic,0.9974846448618512,0.87367755,synthetic_holdout
6789,synthetic,1.121100010164293,1.2794576,synthetic_holdout
3293,synthetic,1.0116591559069743,1.2032489,synthetic_holdout
2992,synthetic,0.2605517467794502,0.2430895,synthetic_holdout
9115,synthetic,6.02613252912433,7.2392125,synthetic_holdout
1155,synthetic,1.893763380814036,1.7096162,synthetic_holdout
7473,synthetic,0.3134960469697603,0.41417918,synthetic_holdout
10948,synthetic,0.6802788512225819,0.602757,synthetic_holdout
7143,synthetic,0.4287498807392778,0.45335457,synthetic_holdout
5027,synthetic,0.2503566784660168,0.2657568,synthetic_holdout
7065,synthetic,0.0716378917068175,0.0647362,synthetic_holdout
11666,synthetic,0.6022109662586888,0.5204148,synthetic_holdout
8832,synthetic,2.55731445064818,2.2646952,synthetic_holdout
2777,synthetic,0.0765212530142884,0.081390545,synthetic_holdout
5003,synthetic,0.0205115110672323,0.021498248,synthetic_holdout
12025,synthetic,0.0554469836487652,0.050843943,synthetic_holdout
4597,synthetic,0.7341511611992024,0.8696036,synthetic_holdout
11198,synthetic,0.1518856287818207,0.17008968,synthetic_holdout
4820,synthetic,1.276592385790948,1.0953633,synthetic_holdout
9029,synthetic,2.642979075363704,2.4087863,synthetic_holdout
8215,synthetic,0.0371076786185493,0.038371578,synthetic_holdout
7340,synthetic,0.0550386463815785,0.05271989,synthetic_holdout
5962,synthetic,0.0713813325877443,0.06577457,synthetic_holdout
11898,synthetic,0.0556317359133254,0.09417055,synthetic_holdout
4337,synthetic,4.658466522037127,4.198648,synthetic_holdout
10678,synthetic,0.3254588056062379,0.30888098,synthetic_holdout
3681,synthetic,12.401060152222732,10.223222,synthetic_holdout
1331,synthetic,0.7801313102262717,0.6877216,synthetic_holdout
6957,synthetic,0.0289551047645827,0.029020708,synthetic_holdout
1873,synthetic,0.0134623697802125,0.0153379915,synthetic_holdout
10731,synthetic,4.390437408337326,3.6137393,synthetic_holdout
11003,synthetic,0.0373116339733938,0.031018184,synthetic_holdout
1957,synthetic,0.1880839211744981,0.2054662,synthetic_holdout
10444,synthetic,0.922446910336393,0.8740882,synthetic_holdout
5552,synthetic,0.0141195351642894,0.012940008,synthetic_holdout
5033,synthetic,1.7593734773477705,1.5059093,synthetic_holdout
1697,synthetic,0.1424691305995687,0.1528877,synthetic_holdout
12080,synthetic,0.5791517537436045,0.49059644,synthetic_holdout
4249,synthetic,3.361281037443084,3.4570618,synthetic_holdout
9130,synthetic,0.0065764561326306,0.0076403986,synthetic_holdout
4475,synthetic,0.0374141209626756,0.04124249,synthetic_holdout
8427,synthetic,0.0424275478274159,0.0370099,synthetic_holdout
2836,synthetic,0.0697092646086106,0.08762856,synthetic_holdout
6936,synthetic,0.191334614143905,0.26317763,synthetic_holdout
9225,synthetic,0.1273145159789389,0.085369885,synthetic_holdout
10021,synthetic,0.0978304546242552,0.12624516,synthetic_holdout
8682,synthetic,0.4310578833732927,0.39885876,synthetic_holdout
11124,synthetic,0.1649538902636475,0.18307474,synthetic_holdout
576,synthetic,0.0973183789901453,0.11266131,synthetic_holdout
9058,synthetic,0.0112266107201613,0.0090456735,synthetic_holdout
10681,synthetic,0.0144657669098467,0.015179471,synthetic_holdout
7563,synthetic,1.134439881614356,1.3009914,synthetic_holdout
5913,synthetic,0.4134732977096185,0.50860196,synthetic_holdout
9644,synthetic,0.4636873667678932,0.4041722,synthetic_holdout
716,synthetic,0.1347794444540853,0.1229327,synthetic_holdout
1324,synthetic,2.2892124961458014,2.4804006,synthetic_holdout
8980,synthetic,0.1424464551434959,0.12981072,synthetic_holdout
6780,synthetic,0.0591916150003014,0.054387923,synthetic_holdout
3233,synthetic,0.1050762128254521,0.09906863,synthetic_holdout
9237,synthetic,0.0111030657941793,0.012676625,synthetic_holdout
2306,synthetic,0.2944312174832499,0.2802317,synthetic_holdout
12239,synthetic,0.2959065612635987,0.29811704,synthetic_holdout
6689,synthetic,0.2032835308152167,0.20848611,synthetic_holdout
6292,synthetic,0.2335620660389959,0.29173815,synthetic_holdout
10377,synthetic,0.0040953701933991,0.0034725724,synthetic_holdout
1730,synthetic,0.4373484517648838,0.4804378,synthetic_holdout
3370,synthetic,2.006548949818732,2.363347,synthetic_holdout
8900,synthetic,0.5466405988934541,0.57930654,synthetic_holdout
10930,synthetic,3.669636903508703,3.4386005,synthetic_holdout
11042,synthetic,0.0931039362733175,0.10532556,synthetic_holdout
6483,synthetic,0.166662983932025,0.12796742,synthetic_holdout
5022,synthetic,0.5465165550727974,0.68635476,synthetic_holdout
3929,synthetic,0.0085629189646021,0.008237444,synthetic_holdout
0,mlperf,1.81584,1.0528557,external_all
1,mlperf,240.2688,3.4458172,external_all
2,mlperf,801.8773333333334,3.4458172,external_all
3,mlperf,852.9066666666666,3.4458172,external_all
4,mlperf,1.2732,0.10871237,external_all
5,mlperf,1.5517333333333334,0.22365509,external_all
6,mlperf,1.6544,0.431001,external_all
8,mlperf,1444.81792,2.4270804,external_all
9,mlperf,1419.29984,2.4270804,external_all
10,mlperf,11.3112,0.10871237,external_all
11,mlperf,46.35573333333333,0.22365509,external_all
12,mlperf,19.473066666666668,0.8704398,external_all
13,mlperf,66.2688,0.8704398,external_all
19,mlperf,0.3505333333333333,0.10871237,external_all
20,mlperf,2.2053733333333336,0.07501007,external_all
21,mlperf,2.4044533333333336,0.1580557,external_all
23,mlperf,4.397866666666666,1.2238625,external_all
24,mlperf,1.1640533333333334,0.60416466,external_all
25,mlperf,20.116266666666668,0.8704398,external_all
27,mlperf,0.3386666666666666,0.10871237,external_all
28,mlperf,0.6967333333333333,0.07501007,external_all
29,mlperf,0.3492533333333333,0.07501007,external_all
30,mlperf,0.3438666666666667,0.10871237,external_all
31,mlperf,0.6862666666666667,0.10871237,external_all
34,mlperf,0.6362666666666666,0.22365509,external_all
35,mlperf,0.624,0.22365509,external_all
36,mlperf,0.6708,0.10871237,external_all
37,mlperf,0.3082666666666666,0.10871237,external_all
38,mlperf,1.3001333333333334,0.10871237,external_all
40,mlperf,28.188906666666664,0.60416466,external_all
43,mlperf,2.324746666666667,0.1580557,external_all
44,mlperf,2.5487466666666667,0.30163398,external_all
45,mlperf,3.2928,0.60416466,external_all
46,mlperf,0.3144,0.10871237,external_all
48,mlperf,0.3093333333333333,0.10871237,external_all
54,mlperf,1.7611199999999998,1.0528557,external_all
55,mlperf,0.95536,0.13024381,external_all
56,mlperf,46.8032,0.27354312,external_all
57,mlperf,4.126720000000001,4.153075,external_all
58,mlperf,0.8213333333333334,0.8704398,external_all
59,mlperf,1.3368000000000002,0.8704398,external_all
60,mlperf,1.6968,0.8704398,external_all
61,mlperf,4.524,0.8704398,external_all
62,mlperf,0.6633333333333333,0.10871237,external_all
63,mlperf,0.2988,0.10871237,external_all
64,mlperf,1.1982666666666666,0.10871237,external_all
65,mlperf,2.9778666666666664,0.10871237,external_all
66,mlperf,42.8552,0.22365509,external_all
67,mlperf,3.5712,3.4458172,external_all
68,mlperf,11.844266666666666,3.4458172,external_all
69,mlperf,3.9765333333333337,3.4458172,external_all
70,mlperf,0.3695066666666667,0.07501007,external_all
72,mlperf,0.8373333333333334,0.10871237,external_all
76,mlperf,0.3089333333333333,0.10871237,external_all
77,mlperf,1.81728,1.0528557,external_all
78,mlperf,0.7876000000000001,0.10871237,external_all
81,mlperf,0.4410666666666666,0.10871237,external_all
82,mlperf,3.978666666666667,1.7231376,external_all
83,mlperf,1.6789333333333334,0.22365509,external_all
84,mlperf,42.76906666666666,3.4458172,external_all
85,mlperf,1.909333333333333,0.431001,external_all
86,mlperf,1098.7573333333337,3.4458172,external_all
87,mlperf,2.2250666666666663,0.8704398,external_all
88,mlperf,65.448,0.8704398,external_all
89,mlperf,1.6776,0.8704398,external_all
90,mlperf,4.128,3.4458172,external_all
91,codecarbon,5.895832994522815e-06,0.010319888,external_all
92,huggingface,0.03,0.0042563807,external_all
93,huggingface,0.04,0.0053135403,external_all
94,huggingface,0.03,0.0042563807,external_all
95,huggingface,70.0,0.16323203,external_all
96,huggingface,44.8,0.34692463,external_all
97,huggingface,5.6,0.048078794,external_all
98,huggingface,14.0,0.016072076,external_all
99,huggingface,4.032,0.12073184,external_all
100,huggingface,23.8,0.040072724,external_all
101,huggingface,1.05,0.008121015,external_all
102,huggingface,84.0,0.090970725,external_all
103,huggingface,0.2976,0.0064780354,external_all
104,huggingface,0.1042999999999999,0.0094448365,external_all
105,huggingface,28.8,0.32355884,external_all
106,huggingface,0.42,0.0027421385,external_all
107,huggingface,5.6,0.048078794,external_all
108,huggingface,22.4,0.3038783,external_all
109,huggingface,200.0,0.40527573,external_all
110,huggingface,44.8,0.33262077,external_all
111,huggingface,21.7,0.024835639,external_all
112,huggingface,7.840000000000001,0.2765981,external_all
113,huggingface,263.2,1.937416,external_all
114,huggingface,4.48,0.13054387,external_all
115,huggingface,15.12,0.42080668,external_all
116,huggingface,2.0,0.006322534,external_all
117,huggingface,35.0,2.161779,external_all
118,huggingface,36.0,2.161779,external_all
119,huggingface,1.05,0.008121015,external_all
120,huggingface,3.3600000000000003,0.08446627,external_all
121,huggingface,3.2,0.0454633,external_all
122,huggingface,2.1,0.014159439,external_all
123,huggingface,9.52,0.09890254,external_all
124,huggingface,200.0,3.7535377,external_all
125,huggingface,5.6,0.048078794,external_all
126,huggingface,84.0,0.090970725,external_all
127,huggingface,48.8,0.0927969,external_all
128,huggingface,12.0,0.026676904,external_all
129,huggingface,0.8639999999999999,0.03511038,external_all
130,huggingface,9.52,0.09890254,external_all
131,huggingface,44.8,0.34692463,external_all
132,huggingface,19.8,0.061519008,external_all
133,huggingface,44.8,0.34692463,external_all
134,huggingface,5.6,0.048078794,external_all
135,huggingface,1.05,0.008121015,external_all
136,huggingface,12.16,0.13248959,external_all
137,huggingface,0.952,0.03374301,external_all
138,huggingface,0.14,0.0010976109,external_all
139,huggingface,44.8,0.33262077,external_all
140,huggingface,1.944,0.014159439,external_all
141,huggingface,4.032,0.12073184,external_all
142,huggingface,35.0,0.18220912,external_all
143,huggingface,0.7,0.009511423,external_all
144,huggingface,35.0,2.161779,external_all
145,huggingface,2.52,0.020413963,external_all
146,huggingface,5.6,0.048078794,external_all
147,huggingface,1.6,0.005857941,external_all
148,huggingface,0.44,0.0054069944,external_all
149,huggingface,12.16,0.13248959,external_all
150,huggingface,0.9216,0.035021964,external_all
151,huggingface,2.24,0.0142708495,external_all
152,huggingface,18.48,0.44744232,external_all
153,huggingface,0.4,0.005342034,external_all
154,huggingface,9.8,0.016054848,external_all
155,huggingface,16.0,0.052113548,external_all
156,huggingface,48.0,0.09234443,external_all
157,huggingface,70.0,0.16323203,external_all
158,huggingface,2.8000000000000003,0.008556375,external_all
159,huggingface,12.16,0.13248959,external_all
160,huggingface,350.0,3.9447978,external_all
161,huggingface,0.8,0.0052751373,external_all
162,huggingface,2.45,0.020340206,external_all
163,huggingface,0.072,0.0009844915,external_all
164,huggingface,3.6,0.009050035,external_all
165,huggingface,1.05,0.008121015,external_all
166,huggingface,0.035,0.0009855779,external_all
167,huggingface,350.0,3.9447978,external_all
168,huggingface,12.0,0.026676904,external_all
169,huggingface,0.4,0.005342034,external_all
170,huggingface,4.48,0.13303633,external_all
171,huggingface,5.2,0.014428068,external_all
172,huggingface,1.2000000000000002,0.005612566,external_all
173,huggingface,0.2159999999999999,0.001763391,external_all
174,huggingface,17.92,0.44744232,external_all
175,huggingface,2.1,0.014159439,external_all
176,huggingface,0.189,0.001747492,external_all
177,huggingface,95.2,0.60601145,external_all
178,huggingface,9.6,0.1373452,external_all
179,huggingface,3.6,0.008581128,external_all
180,huggingface,0.0472319999999999,0.0024310623,external_all
181,huggingface,38.400000000000006,0.3242565,external_all
182,huggingface,0.28,0.0017536936,external_all
183,huggingface,12.0,0.026676904,external_all
184,huggingface,0.7,0.009511423,external_all
185,huggingface,4.032,0.12073184,external_all
186,huggingface,16.799999999999997,0.14871971,external_all
187,huggingface,95.2,0.60601145,external_all
188,huggingface,17.92,0.44744232,external_all
189,huggingface,32.0,0.32355884,external_all
190,huggingface,48.0,0.09234443,external_all
191,huggingface,35.0,1.5222529,external_all
192,huggingface,2.8000000000000003,0.0085790185,external_all
193,huggingface,0.504,0.0034661235,external_all
194,huggingface,3.3600000000000003,0.08446627,external_all
195,huggingface,0.4,0.005342034,external_all
196,huggingface,1.4,0.009353625,external_all
197,huggingface,1.05,0.008121015,external_all
198,huggingface,0.33,0.0040810765,external_all
199,huggingface,35.0,1.5222529,external_all
200,huggingface,35.0,1.5443956,external_all
201,huggingface,6.16,0.012079121,external_all
202,huggingface,2.0,0.006322534,external_all
203,huggingface,1.08,0.005543441,external_all
204,huggingface,140.0,0.22400136,external_all
205,huggingface,48.8,0.0927969,external_all
206,huggingface,5.6,0.011594166,external_all
207,huggingface,0.8,0.0052751373,external_all
208,huggingface,1.468,0.0055445153,external_all
209,huggingface,180.6,0.16183807,external_all
210,huggingface,95.2,0.60601145,external_all
211,huggingface,35.0,1.5222529,external_all
212,huggingface,0.04,0.0054949713,external_all
213,huggingface,1.152,0.03360856,external_all
214,huggingface,5.040000000000001,0.04501799,external_all
215,huggingface,350.0,3.9591658,external_all
216,huggingface,3.92,0.12073184,external_all
217,huggingface,0.4,0.005342034,external_all
218,huggingface,11.2,0.12844615,external_all
219,huggingface,0.56,0.0031600043,external_all
220,huggingface,15.12,0.42080668,external_all
221,huggingface,4.48,0.13054387,external_all
222,huggingface,0.07,0.0009878438,external_all
223,huggingface,0.07,0.0009467003,external_all
224,huggingface,5.6,0.011500109,external_all
225,huggingface,0.49,0.0033742704,external_all
226,huggingface,1.92,0.037499554,external_all
227,huggingface,1.6800000000000002,0.01089092,external_all
228,huggingface,35.0,1.5443956,external_all
229,huggingface,1.89,0.014074886,external_all
230,huggingface,95.2,0.60601145,external_all
231,huggingface,0.4,0.005342034,external_all
232,huggingface,4.4,0.009050035,external_all
233,huggingface,1.6,0.005857941,external_all
234,huggingface,15.12,0.42080668,external_all
235,huggingface,3.2,0.008521004,external_all
236,huggingface,1.7279999999999998,0.052765913,external_all
237,huggingface,0.1042999999999999,0.0094448365,external_all
238,huggingface,5.2,0.014979726,external_all
239,huggingface,28.8,0.3242565,external_all
240,huggingface,6.16,0.13054387,external_all
241,huggingface,2.8000000000000003,0.0085790185,external_all
242,huggingface,2.1,0.014159439,external_all
243,huggingface,0.0699999999999999,0.009742836,external_all
244,huggingface,115.2,0.9160706,external_all
245,huggingface,5.6,0.04826718,external_all
246,huggingface,11.9,0.016311606,external_all
247,huggingface,1.89,0.014074886,external_all
248,huggingface,0.8,0.005288252,external_all
249,huggingface,0.8400000000000001,0.03512701,external_all
250,huggingface,28.8,0.3242565,external_all
251,huggingface,0.042,0.0009858079,external_all
252,huggingface,1.6800000000000002,0.010805901,external_all
253,huggingface,0.28,0.001685681,external_all
254,huggingface,0.56,0.0032258052,external_all
255,huggingface,0.98,0.008252453,external_all
256,huggingface,16.799999999999997,0.14871971,external_all
257,huggingface,0.119,0.0011497675,external_all
258,huggingface,2.24,0.014325017,external_all
259,huggingface,2.1,0.014325017,external_all
