row_id,source,split
7989,synthetic,train
3806,synthetic,train
3787,synthetic,train
10419,synthetic,train
7219,synthetic,train
3977,synthetic,train
877,synthetic,train
8144,synthetic,train
4663,synthetic,train
6088,synthetic,train
8469,synthetic,train
10329,synthetic,train
2912,synthetic,train
6480,synthetic,train
8887,synthetic,train
1005,synthetic,train
3801,synthetic,train
12014,synthetic,train
2264,synthetic,train
7673,synthetic,train
6832,synthetic,train
11725,synthetic,train
3307,synthetic,train
11526,synthetic,train
10885,synthetic,train
1596,synthetic,train
10007,synthetic,train
8079,synthetic,train
5530,synthetic,train
9855,synthetic,train
3355,synthetic,train
5007,synthetic,train
3545,synthetic,train
5538,synthetic,train
7578,synthetic,train
12015,synthetic,train
1573,synthetic,train
4769,synthetic,train
12248,synthetic,train
7405,synthetic,train
3163,synthetic,train
12104,synthetic,train
7293,synthetic,train
3593,synthetic,train
6585,synthetic,train
4244,synthetic,train
4652,synthetic,train
3313,synthetic,train
9668,synthetic,train
1236,synthetic,train
6119,synthetic,train
4962,synthetic,train
913,synthetic,train
9963,synthetic,train
2529,synthetic,train
12242,synthetic,train
8052,synthetic,train
12253,synthetic,train
11901,synthetic,train
7122,synthetic,train
8703,synthetic,train
4359,synthetic,train
9852,synthetic,train
11062,synthetic,train
7412,synthetic,train
871,synthetic,train
4013,synthetic,train
2374,synthetic,train
4944,synthetic,train
10762,synthetic,train
6202,synthetic,train
8659,synthetic,train
3426,synthetic,train
2862,synthetic,train
10480,synthetic,train
771,synthetic,train
8847,synthetic,train
10149,synthetic,train
3275,synthetic,train
7002,synthetic,train
10030,synthetic,train
4362,synthetic,train
12024,synthetic,train
7991,synthetic,train
780,synthetic,train
8656,synthetic,train
5286,synthetic,train
7200,synthetic,train
6413,synthetic,train
7885,synthetic,train
5481,synthetic,train
10876,synthetic,train
7951,synthetic,train
11197,synthetic,train
12149,synthetic,train
5857,synthetic,train
4335,synthetic,train
1369,synthetic,train
11778,synthetic,train
7584,synthetic,train
1298,synthetic,train
4548,synthetic,train
280,synthetic,train
6822,synthetic,train
4934,synthetic,train
9296,synthetic,train
6311,synthetic,train
4915,synthetic,train
1194,synthetic,train
5413,synthetic,train
11095,synthetic,train
7757,synthetic,train
9012,synthetic,train
654,synthetic,train
8510,synthetic,train
6352,synthetic,train
1997,synthetic,train
2425,synthetic,train
821,synthetic,train
3329,synthetic,train
4864,synthetic,train
11319,synthetic,train
9780,synthetic,train
1422,synthetic,train
6447,synthetic,train
8122,synthetic,train
7902,synthetic,train
1989,synthetic,train
1787,synthetic,train
5241,synthetic,train
1102,synthetic,train
3190,synthetic,train
10196,synthetic,train
318,synthetic,train
5558,synthetic,train
3125,synthetic,train
5111,synthetic,train
6812,synthetic,train
2551,synthetic,train
10454,synthetic,train
343,synthetic,train
5549,synthetic,train
8238,synthetic,train
2205,synthetic,train
9560,synthetic,train
1909,synthetic,train
6702,synthetic,train
6698,synthetic,train
2984,synthetic,train
9841,synthetic,train
5798,synthetic,train
674,synthetic,train
7440,synthetic,train
11656,synthetic,train
2710,synthetic,train
12166,synthetic,train
5737,synthetic,train
7480,synthetic,train
6176,synthetic,train
10013,synthetic,train
7032,synthetic,train
4699,synthetic,train
7868,synthetic,train
11665,synthetic,train
3167,synthetic,train
8895,synthetic,train
6867,synthetic,train
3798,synthetic,train
2393,synthetic,train
2157,synthetic,train
7918,synthetic,train
6931,synthetic,train
9090,synthetic,train
4529,synthetic,train
9556,synthetic,train
8502,synthetic,train
8222,synthetic,train
2077,synthetic,train
11972,synthetic,train
2197,synthetic,train
597,synthetic,train
9956,synthetic,train
2595,synthetic,train
8958,synthetic,train
2332,synthetic,train
7173,synthetic,train
1986,synthetic,train
10440,synthetic,train
1307,synthetic,train
5638,synthetic,train
8035,synthetic,train
3075,synthetic,train
12160,synthetic,train
9888,synthetic,train
2580,synthetic,train
7931,synthetic,train
9871,synthetic,train
5131,synthetic,train
3646,synthetic,train
11791,synthetic,train
6330,synthetic,train
1026,synthetic,train
3121,synthetic,train
4042,synthetic,train
5269,synthetic,train
6385,synthetic,train
1404,synthetic,train
10154,synthetic,train
10062,synthetic,train
2770,synthetic,train
6921,synthetic,train
2533,synthetic,train
6188,synthetic,train
5631,synthetic,train
10770,synthetic,train
11378,synthetic,train
8754,synthetic,train
11804,synthetic,train
362,synthetic,train
2249,synthetic,train
4563,synthetic,train
4717,synthetic,train
9613,synthetic,train
1088,synthetic,train
9003,synthetic,train
5046,synthetic,train
1932,synthetic,train
6191,synthetic,train
9345,synthetic,train
7734,synthetic,train
8507,synthetic,train
8179,synthetic,train
3116,synthetic,train
7987,synthetic,train
2068,synthetic,train
7725,synthetic,train
2535,synthetic,train
4021,synthetic,train
8481,synthetic,train
8739,synthetic,train
7881,synthetic,train
5429,synthetic,train
2305,synthetic,train
7458,synthetic,train
7698,synthetic,train
4773,synthetic,train
5861,synthetic,train
1555,synthetic,train
6080,synthetic,train
851,synthetic,train
4484,synthetic,train
481,synthetic,train
8170,synthetic,train
8399,synthetic,train
7353,synthetic,train
6648,synthetic,train
1118,synthetic,train
6530,synthetic,train
6324,synthetic,train
8963,synthetic,train
7006,synthetic,train
1101,synthetic,train
6659,synthetic,train
11527,synthetic,train
5684,synthetic,train
10516,synthetic,train
9521,synthetic,train
3963,synthetic,train
1254,synthetic,train
9624,synthetic,train
6594,synthetic,train
1814,synthetic,train
4931,synthetic,train
9404,synthetic,train
4032,synthetic,train
9489,synthetic,train
11559,synthetic,train
11220,synthetic,train
7304,synthetic,train
3819,synthetic,train
6326,synthetic,train
3108,synthetic,train
6452,synthetic,train
10069,synthetic,train
7070,synthetic,train
2773,synthetic,train
8596,synthetic,train
1723,synthetic,train
10744,synthetic,train
4461,synthetic,train
10529,synthetic,train
6891,synthetic,train
3095,synthetic,train
11342,synthetic,train
8890,synthetic,train
2493,synthetic,train
3310,synthetic,train
11290,synthetic,train
4941,synthetic,train
660,synthetic,train
4120,synthetic,train
11904,synthetic,train
4132,synthetic,train
5141,synthetic,train
5446,synthetic,train
6460,synthetic,train
3064,synthetic,train
7244,synthetic,train
4351,synthetic,train
4868,synthetic,train
1283,synthetic,train
3558,synthetic,train
9795,synthetic,train
8729,synthetic,train
319,synthetic,train
9740,synthetic,train
7899,synthetic,train
6018,synthetic,train
5242,synthetic,train
10100,synthetic,train
1588,synthetic,train
6920,synthetic,train
3611,synthetic,train
12245,synthetic,train
428,synthetic,train
3539,synthetic,train
10483,synthetic,train
5925,synthetic,train
11349,synthetic,train
8026,synthetic,train
1810,synthetic,train
1269,synthetic,train
8750,synthetic,train
2814,synthetic,train
7850,synthetic,train
1872,synthetic,train
2997,synthetic,train
3715,synthetic,train
7883,synthetic,train
10959,synthetic,train
8587,synthetic,train
908,synthetic,train
6321,synthetic,train
3122,synthetic,train
1139,synthetic,train
9580,synthetic,train
4097,synthetic,train
5088,synthetic,train
2563,synthetic,train
6513,synthetic,train
1884,synthetic,train
810,synthetic,train
4208,synthetic,train
7195,synthetic,train
10234,synthetic,train
6960,synthetic,train
4762,synthetic,train
5554,synthetic,train
8458,synthetic,train
471,synthetic,train
10288,synthetic,train
5937,synthetic,train
9882,synthetic,train
3492,synthetic,train
10788,synthetic,train
6645,synthetic,train
3803,synthetic,train
328,synthetic,train
1698,synthetic,train
2775,synthetic,train
3128,synthetic,train
4223,synthetic,train
8430,synthetic,train
6836,synthetic,train
10333,synthetic,train
956,synthetic,train
8985,synthetic,train
4202,synthetic,train
4811,synthetic,train
11990,synthetic,train
10472,synthetic,train
4641,synthetic,train
9313,synthetic,train
1574,synthetic,train
7042,synthetic,train
8681,synthetic,train
5813,synthetic,train
9895,synthetic,train
4239,synthetic,train
5283,synthetic,train
272,synthetic,train
1032,synthetic,train
1078,synthetic,train
11541,synthetic,train
3044,synthetic,train
1606,synthetic,train
10637,synthetic,train
713,synthetic,train
10344,synthetic,train
11885,synthetic,train
1916,synthetic,train
3717,synthetic,train
4505,synthetic,train
11347,synthetic,train
10155,synthetic,train
297,synthetic,train
11381,synthetic,train
5263,synthetic,train
1303,synthetic,train
3168,synthetic,train
6764,synthetic,train
1200,synthetic,train
4580,synthetic,train
7852,synthetic,train
10576,synthetic,train
9508,synthetic,train
5378,synthetic,train
11327,synthetic,train
8355,synthetic,train
7423,synthetic,train
798,synthetic,train
5599,synthetic,train
1413,synthetic,train
1660,synthetic,train
6143,synthetic,train
10947,synthetic,train
290,synthetic,train
11333,synthetic,train
2527,synthetic,train
10650,synthetic,train
8279,synthetic,train
8752,synthetic,train
3937,synthetic,train
2730,synthetic,train
9616,synthetic,train
5816,synthetic,train
5000,synthetic,train
6983,synthetic,train
8924,synthetic,train
6095,synthetic,train
5701,synthetic,train
1352,synthetic,train
526,synthetic,train
1368,synthetic,train
9438,synthetic,train
11111,synthetic,train
3489,synthetic,train
8715,synthetic,train
7235,synthetic,train
9000,synthetic,train
3579,synthetic,train
10180,synthetic,train
1999,synthetic,train
490,synthetic,train
10769,synthetic,train
1158,synthetic,train
6022,synthetic,train
7395,synthetic,train
8392,synthetic,train
7360,synthetic,train
6923,synthetic,train
5015,synthetic,train
9235,synthetic,train
1823,synthetic,train
4372,synthetic,train
9318,synthetic,train
3331,synthetic,train
9601,synthetic,train
12016,synthetic,train
9574,synthetic,train
3693,synthetic,train
9046,synthetic,train
9765,synthetic,train
10985,synthetic,train
11384,synthetic,train
5407,synthetic,train
7355,synthetic,train
8112,synthetic,train
8650,synthetic,train
9581,synthetic,train
11750,synthetic,train
3833,synthetic,train
6104,synthetic,train
10999,synthetic,train
9672,synthetic,train
3635,synthetic,train
3100,synthetic,train
7869,synthetic,train
6730,synthetic,train
4552,synthetic,train
10675,synthetic,train
4675,synthetic,train
9538,synthetic,train
7404,synthetic,train
11315,synthetic,train
3874,synthetic,train
2473,synthetic,train
9013,synthetic,train
6063,synthetic,train
9834,synthetic,train
4561,synthetic,train
2371,synthetic,train
6838,synthetic,train
11129,synthetic,train
11591,synthetic,train
9638,synthetic,train
11096,synthetic,train
9950,synthetic,train
10050,synthetic,train
6281,synthetic,train
9890,synthetic,train
9875,synthetic,train
615,synthetic,train
1689,synthetic,train
7208,synthetic,train
8748,synthetic,train
8938,synthetic,train
11389,synthetic,train
592,synthetic,train
9298,synthetic,train
10975,synthetic,train
1224,synthetic,train
8358,synthetic,train
5251,synthetic,train
3541,synthetic,train
8097,synthetic,train
2804,synthetic,train
5621,synthetic,train
6980,synthetic,train
3145,synthetic,train
10105,synthetic,train
2438,synthetic,train
6329,synthetic,train
5161,synthetic,train
5137,synthetic,train
3383,synthetic,train
9880,synthetic,train
1804,synthetic,train
5275,synthetic,train
11668,synthetic,train
8866,synthetic,train
4689,synthetic,train
9138,synthetic,train
6484,synthetic,train
8209,synthetic,train
11628,synthetic,train
5679,synthetic,train
6310,synthetic,train
11678,synthetic,train
11088,synthetic,train
8163,synthetic,train
1821,synthetic,train
5174,synthetic,train
11558,synthetic,train
6348,synthetic,train
1355,synthetic,train
9849,synthetic,train
3547,synthetic,train
10183,synthetic,train
11115,synthetic,train
2865,synthetic,train
1652,synthetic,train
4749,synthetic,train
10630,synthetic,train
1012,synthetic,train
7278,synthetic,train
3997,synthetic,train
11993,synthetic,train
10497,synthetic,train
3475,synthetic,train
6583,synthetic,train
2037,synthetic,train
4373,synthetic,train
2030,synthetic,train
10476,synthetic,train
11933,synthetic,train
3282,synthetic,train
3272,synthetic,train
11203,synthetic,train
5762,synthetic,train
8315,synthetic,train
4607,synthetic,train
4667,synthetic,train
787,synthetic,train
10003,synthetic,train
11548,synthetic,train
2179,synthetic,train
961,synthetic,train
4476,synthetic,train
4559,synthetic,train
11277,synthetic,train
1558,synthetic,train
1612,synthetic,train
3186,synthetic,train
9592,synthetic,train
1547,synthetic,train
5779,synthetic,train
10084,synthetic,train
6117,synthetic,train
11769,synthetic,train
2273,synthetic,train
10557,synthetic,train
4657,synthetic,train
8226,synthetic,train
2407,synthetic,train
5793,synthetic,train
6221,synthetic,train
8799,synthetic,train
6473,synthetic,train
8842,synthetic,train
7565,synthetic,train
8119,synthetic,train
6694,synthetic,train
9419,synthetic,train
1070,synthetic,train
11714,synthetic,train
2333,synthetic,train
8622,synthetic,train
9071,synthetic,train
1145,synthetic,train
1737,synthetic,train
2050,synthetic,train
5480,synthetic,train
2268,synthetic,train
9025,synthetic,train
942,synthetic,train
4155,synthetic,train
7744,synthetic,train
7922,synthetic,train
4551,synthetic,train
317,synthetic,train
11168,synthetic,train
2659,synthetic,train
11982,synthetic,train
11806,synthetic,train
7643,synthetic,train
6337,synthetic,train
6990,synthetic,train
1728,synthetic,train
1676,synthetic,train
8274,synthetic,train
2618,synthetic,train
7127,synthetic,train
4879,synthetic,train
10683,synthetic,train
10426,synthetic,train
9433,synthetic,train
4129,synthetic,train
11763,synthetic,train
4541,synthetic,train
6476,synthetic,train
8724,synthetic,train
9712,synthetic,train
1315,synthetic,train
2541,synthetic,train
9555,synthetic,train
2184,synthetic,train
11092,synthetic,train
1335,synthetic,train
1375,synthetic,train
4196,synthetic,train
3793,synthetic,train
6765,synthetic,train
720,synthetic,train
3292,synthetic,train
4467,synthetic,train
10983,synthetic,train
1712,synthetic,train
2409,synthetic,train
579,synthetic,train
6427,synthetic,train
2182,synthetic,train
8602,synthetic,train
10914,synthetic,train
5582,synthetic,train
12147,synthetic,train
6572,synthetic,train
2389,synthetic,train
5352,synthetic,train
8939,synthetic,train
10854,synthetic,train
1312,synthetic,train
6006,synthetic,train
8988,synthetic,train
4327,synthetic,train
1716,synthetic,train
10570,synthetic,train
621,synthetic,train
12132,synthetic,train
3405,synthetic,train
9769,synthetic,train
6924,synthetic,train
6441,synthetic,train
8621,synthetic,train
6112,synthetic,train
7557,synthetic,train
800,synthetic,train
7281,synthetic,train
10415,synthetic,train
6542,synthetic,train
11083,synthetic,train
1014,synthetic,train
5464,synthetic,train
2263,synthetic,train
2802,synthetic,train
5957,synthetic,train
10880,synthetic,train
5434,synthetic,train
4531,synthetic,train
360,synthetic,train
6932,synthetic,train
861,synthetic,train
10953,synthetic,train
4785,synthetic,train
7434,synthetic,train
1304,synthetic,train
9563,synthetic,train
1817,synthetic,train
1747,synthetic,train
8684,synthetic,train
11284,synthetic,train
6406,synthetic,train
2375,synthetic,train
8711,synthetic,train
878,synthetic,train
5124,synthetic,train
5698,synthetic,train
3656,synthetic,train
1860,synthetic,train
8499,synthetic,train
10823,synthetic,train
1875,synthetic,train
2012,synthetic,train
6026,synthetic,train
2343,synthetic,train
5400,synthetic,train
8877,synthetic,train
9809,synthetic,train
6899,synthetic,train
9230,synthetic,train
935,synthetic,train
2805,synthetic,train
12006,synthetic,train
4259,synthetic,train
11651,synthetic,train
435,synthetic,train
5764,synthetic,train
3869,synthetic,train
11605,synthetic,train
4047,synthetic,train
2485,synthetic,train
7302,synthetic,train
6077,synthetic,train
1386,synthetic,train
9544,synthetic,train
6340,synthetic,train
2701,synthetic,train
1582,synthetic,train
1863,synthetic,train
4470,synthetic,train
9614,synthetic,train
10585,synthetic,train
4325,synthetic,train
11857,synthetic,train
11528,synthetic,train
8784,synthetic,train
4800,synthetic,train
4331,synthetic,train
1767,synthetic,train
1819,synthetic,train
5610,synthetic,train
4679,synthetic,train
12096,synthetic,train
11752,synthetic,train
5245,synthetic,train
2096,synthetic,train
1614,synthetic,train
9873,synthetic,train
5160,synthetic,train
11601,synthetic,train
10151,synthetic,train
4292,synthetic,train
7005,synthetic,train
7469,synthetic,train
8738,synthetic,train
7763,synthetic,train
2511,synthetic,train
1285,synthetic,train
8278,synthetic,train
5809,synthetic,train
9745,synthetic,train
7825,synthetic,train
3657,synthetic,train
573,synthetic,train
7659,synthetic,train
5996,synthetic,train
9522,synthetic,train
8531,synthetic,train
9072,synthetic,train
11472,synthetic,train
3230,synthetic,train
5563,synthetic,train
6069,synthetic,train
4145,synthetic,train
11783,synthetic,train
12162,synthetic,train
6261,synthetic,train
8854,synthetic,train
11525,synthetic,train
5229,synthetic,train
9287,synthetic,train
9159,synthetic,train
9647,synthetic,train
2100,synthetic,train
11156,synthetic,train
12121,synthetic,train
3933,synthetic,train
5433,synthetic,train
10642,synthetic,train
12229,synthetic,train
3580,synthetic,train
2532,synthetic,train
4514,synthetic,train
1107,synthetic,train
5134,synthetic,train
6254,synthetic,train
5983,synthetic,train
5948,synthetic,train
6169,synthetic,train
1677,synthetic,train
10624,synthetic,train
4108,synthetic,train
864,synthetic,train
11693,synthetic,train
2338,synthetic,train
9924,synthetic,train
2571,synthetic,train
4603,synthetic,train
6515,synthetic,train
2242,synthetic,train
459,synthetic,train
745,synthetic,train
3530,synthetic,train
3083,synthetic,train
3505,synthetic,train
10745,synthetic,train
5591,synthetic,train
4009,synthetic,train
7732,synthetic,train
6959,synthetic,train
10053,synthetic,train
3054,synthetic,train
8042,synthetic,train
10071,synthetic,train
8554,synthetic,train
784,synthetic,train
1207,synthetic,train
9529,synthetic,train
10653,synthetic,train
1540,synthetic,train
382,synthetic,train
4626,synthetic,train
5697,synthetic,train
5347,synthetic,train
2562,synthetic,train
11152,synthetic,train
9289,synthetic,train
1265,synthetic,train
3720,synthetic,train
4744,synthetic,train
9257,synthetic,train
11031,synthetic,train
3315,synthetic,train
3826,synthetic,train
12029,synthetic,train
2392,synthetic,train
12215,synthetic,train
5731,synthetic,train
5220,synthetic,train
489,synthetic,train
6421,synthetic,train
4261,synthetic,train
11212,synthetic,train
8686,synthetic,train
7326,synthetic,train
3267,synthetic,train
5988,synthetic,train
4481,synthetic,train
7330,synthetic,train
6840,synthetic,train
6697,synthetic,train
3010,synthetic,train
8213,synthetic,train
5304,synthetic,train
4636,synthetic,train
3204,synthetic,train
6894,synthetic,train
2978,synthetic,train
6985,synthetic,train
7157,synthetic,train
6708,synthetic,train
6287,synthetic,train
8445,synthetic,train
7616,synthetic,train
4421,synthetic,train
10479,synthetic,train
9502,synthetic,train
7147,synthetic,train
10135,synthetic,train
10018,synthetic,train
10789,synthetic,train
10881,synthetic,train
6217,synthetic,train
1277,synthetic,train
5326,synthetic,train
11764,synthetic,train
2188,synthetic,train
610,synthetic,train
9208,synthetic,train
11464,synthetic,train
9294,synthetic,train
7637,synthetic,train
8094,synthetic,train
7548,synthetic,train
824,synthetic,train
1842,synthetic,train
2435,synthetic,train
10593,synthetic,train
8051,synthetic,train
4193,synthetic,train
2967,synthetic,train
12107,synthetic,train
8775,synthetic,train
3795,synthetic,train
11056,synthetic,train
7568,synthetic,train
11718,synthetic,train
3999,synthetic,train
9649,synthetic,train
1081,synthetic,train
2323,synthetic,train
8290,synthetic,train
341,synthetic,train
7914,synthetic,train
2957,synthetic,train
1091,synthetic,train
4086,synthetic,train
6721,synthetic,train
3093,synthetic,train
10458,synthetic,train
11403,synthetic,train
6599,synthetic,train
308,synthetic,train
12002,synthetic,train
8167,synthetic,train
7211,synthetic,train
9485,synthetic,train
4984,synthetic,train
9284,synthetic,train
4355,synthetic,train
2949,synthetic,train
6933,synthetic,train
5310,synthetic,train
6535,synthetic,train
2633,synthetic,train
7552,synthetic,train
3018,synthetic,train
7536,synthetic,train
12036,synthetic,train
5842,synthetic,train
11150,synthetic,train
4140,synthetic,train
12050,synthetic,train
5030,synthetic,train
11262,synthetic,train
5495,synthetic,train
6709,synthetic,train
4205,synthetic,train
9738,synthetic,train
2424,synthetic,train
3146,synthetic,train
11722,synthetic,train
10765,synthetic,train
776,synthetic,train
11294,synthetic,train
11397,synthetic,train
432,synthetic,train
899,synthetic,train
11916,synthetic,train
6503,synthetic,train
1403,synthetic,train
8901,synthetic,train
7592,synthetic,train
10305,synthetic,train
2092,synthetic,train
9007,synthetic,train
6388,synthetic,train
3946,synthetic,train
10226,synthetic,train
12195,synthetic,train
4797,synthetic,train
6220,synthetic,train
7580,synthetic,train
1094,synthetic,train
2746,synthetic,train
9238,synthetic,train
7833,synthetic,train
7531,synthetic,train
5721,synthetic,train
10832,synthetic,train
11270,synthetic,train
325,synthetic,train
5428,synthetic,train
5092,synthetic,train
8400,synthetic,train
2284,synthetic,train
6437,synthetic,train
614,synthetic,train
10280,synthetic,train
6224,synthetic,train
9984,synthetic,train
7527,synthetic,train
6497,synthetic,train
10228,synthetic,train
4828,synthetic,train
3387,synthetic,train
9803,synthetic,train
569,synthetic,train
10676,synthetic,train
6016,synthetic,train
9445,synthetic,train
4614,synthetic,train
7736,synthetic,train
5533,synthetic,train
7653,synthetic,train
10987,synthetic,train
2843,synthetic,train
11363,synthetic,train
3030,synthetic,train
9794,synthetic,train
8429,synthetic,train
8788,synthetic,train
3469,synthetic,train
7019,synthetic,train
4165,synthetic,train
6485,synthetic,train
5900,synthetic,train
11350,synthetic,train
2639,synthetic,train
8633,synthetic,train
11532,synthetic,train
4429,synthetic,train
8359,synthetic,train
3688,synthetic,train
4681,synthetic,train
1361,synthetic,train
6289,synthetic,train
9965,synthetic,train
11699,synthetic,train
3510,synthetic,train
8308,synthetic,train
4400,synthetic,train
3817,synthetic,train
12259,synthetic,train
378,synthetic,train
2282,synthetic,train
4858,synthetic,train
4955,synthetic,train
12212,synthetic,train
10652,synthetic,train
5774,synthetic,train
8882,synthetic,train
5082,synthetic,train
5505,synthetic,train
4533,synthetic,train
6334,synthetic,train
347,synthetic,train
8685,synthetic,train
3642,synthetic,train
9261,synthetic,train
663,synthetic,train
3610,synthetic,train
10281,synthetic,train
6696,synthetic,train
9418,synthetic,train
2501,synthetic,train
9234,synthetic,train
9440,synthetic,train
1287,synthetic,train
11902,synthetic,train
6162,synthetic,train
2696,synthetic,train
5949,synthetic,train
8297,synthetic,train
1538,synthetic,train
7365,synthetic,train
7596,synthetic,train
1685,synthetic,train
6885,synthetic,train
1762,synthetic,train
11946,synthetic,train
10531,synthetic,train
10092,synthetic,train
10550,synthetic,train
938,synthetic,train
8619,synthetic,train
8886,synthetic,train
7041,synthetic,train
5944,synthetic,train
1330,synthetic,train
8212,synthetic,train
2740,synthetic,train
10231,synthetic,train
3652,synthetic,train
1359,synthetic,train
6738,synthetic,train
7793,synthetic,train
678,synthetic,train
7261,synthetic,train
11675,synthetic,train
2207,synthetic,train
3596,synthetic,train
2559,synthetic,train
6813,synthetic,train
6816,synthetic,train
468,synthetic,train
8578,synthetic,train
11126,synthetic,train
10662,synthetic,train
788,synthetic,train
1039,synthetic,train
982,synthetic,train
10799,synthetic,train
2120,synthetic,train
10428,synthetic,train
11728,synthetic,train
10417,synthetic,train
11133,synthetic,train
2252,synthetic,train
2592,synthetic,train
7798,synthetic,train
7950,synthetic,train
5914,synthetic,train
3719,synthetic,train
5756,synthetic,train
5641,synthetic,train
6977,synthetic,train
9331,synthetic,train
4778,synthetic,train
5524,synthetic,train
11846,synthetic,train
10257,synthetic,train
517,synthetic,train
9402,synthetic,train
9341,synthetic,train
10589,synthetic,train
11540,synthetic,train
11655,synthetic,train
3885,synthetic,train
962,synthetic,train
3449,synthetic,train
763,synthetic,train
10834,synthetic,train
8416,synthetic,train
7566,synthetic,train
2508,synthetic,train
632,synthetic,train
4312,synthetic,train
4197,synthetic,train
12130,synthetic,train
4336,synthetic,train
1257,synthetic,train
4592,synthetic,train
10535,synthetic,train
1436,synthetic,train
11881,synthetic,train
811,synthetic,train
4632,synthetic,train
3757,synthetic,train
5409,synthetic,train
5079,synthetic,train
11266,synthetic,train
7182,synthetic,train
8029,synthetic,train
10051,synthetic,train
7470,synthetic,train
10909,synthetic,train
953,synthetic,train
2793,synthetic,train
3703,synthetic,train
1242,synthetic,train
9760,synthetic,train
11551,synthetic,train
4482,synthetic,train
351,synthetic,train
2526,synthetic,train
8863,synthetic,train
8909,synthetic,train
521,synthetic,train
3597,synthetic,train
7759,synthetic,train
8959,synthetic,train
6884,synthetic,train
705,synthetic,train
3815,synthetic,train
2454,synthetic,train
11753,synthetic,train
7135,synthetic,train
3127,synthetic,train
2786,synthetic,train
10242,synthetic,train
5632,synthetic,train
8337,synthetic,train
1428,synthetic,train
4404,synthetic,train
344,synthetic,train
3409,synthetic,train
8286,synthetic,train
1140,synthetic,train
6984,synthetic,train
7651,synthetic,train
1727,synthetic,train
9036,synthetic,train
7187,synthetic,train
10104,synthetic,train
4586,synthetic,train
4304,synthetic,train
4397,synthetic,train
3299,synthetic,train
10870,synthetic,train
6111,synthetic,train
839,synthetic,train
8680,synthetic,train
9093,synthetic,train
5374,synthetic,train
9709,synthetic,train
8391,synthetic,train
4417,synthetic,train
6033,synthetic,train
673,synthetic,train
662,synthetic,train
4688,synthetic,train
2344,synthetic,train
3317,synthetic,train
9248,synthetic,train
424,synthetic,train
10958,synthetic,train
4562,synthetic,train
10117,synthetic,train
9232,synthetic,train
3577,synthetic,train
9877,synthetic,train
4194,synthetic,train
8155,synthetic,train
1594,synthetic,train
9486,synthetic,train
1013,synthetic,train
3324,synthetic,train
966,synthetic,train
3751,synthetic,train
4833,synthetic,train
5128,synthetic,train
3411,synthetic,train
11480,synthetic,train
4059,synthetic,train
4282,synthetic,train
1334,synthetic,train
8125,synthetic,train
3698,synthetic,train
7138,synthetic,train
8280,synthetic,train
7620,synthetic,train
2689,synthetic,train
506,synthetic,train
4075,synthetic,train
5754,synthetic,train
3892,synthetic,train
8076,synthetic,train
2522,synthetic,train
2506,synthetic,train
1095,synthetic,train
692,synthetic,train
5377,synthetic,train
1433,synthetic,train
5741,synthetic,train
4916,synthetic,train
7479,synthetic,train
8171,synthetic,train
11020,synthetic,train
11997,synthetic,train
6009,synthetic,train
9523,synthetic,train
5419,synthetic,train
3667,synthetic,train
2989,synthetic,train
12138,synthetic,train
693,synthetic,train
12142,synthetic,train
9355,synthetic,train
11159,synthetic,train
7288,synthetic,train
7614,synthetic,train
8172,synthetic,train
9856,synthetic,train
4262,synthetic,train
7988,synthetic,train
1592,synthetic,train
7851,synthetic,train
6370,synthetic,train
5562,synthetic,train
1703,synthetic,train
7028,synthetic,train
5255,synthetic,train
4570,synthetic,train
5159,synthetic,train
11733,synthetic,train
6763,synthetic,train
10643,synthetic,train
2829,synthetic,train
10805,synthetic,train
4537,synthetic,train
3926,synthetic,train
6046,synthetic,train
2706,synthetic,train
5244,synthetic,train
3917,synthetic,train
9943,synthetic,train
3432,synthetic,train
1483,synthetic,train
5807,synthetic,train
8745,synthetic,train
804,synthetic,train
1464,synthetic,train
5544,synthetic,train
6331,synthetic,train
11177,synthetic,train
2897,synthetic,train
11875,synthetic,train
5542,synthetic,train
10239,synthetic,train
10844,synthetic,train
10715,synthetic,train
1137,synthetic,train
9993,synthetic,train
456,synthetic,train
11951,synthetic,train
3643,synthetic,train
4639,synthetic,train
8542,synthetic,train
11831,synthetic,train
3257,synthetic,train
7511,synthetic,train
2831,synthetic,train
5922,synthetic,train
11477,synthetic,train
11499,synthetic,train
11749,synthetic,train
4971,synthetic,train
4423,synthetic,train
5238,synthetic,train
8457,synthetic,train
9280,synthetic,train
2942,synthetic,train
6125,synthetic,train
2768,synthetic,train
5450,synthetic,train
1770,synthetic,train
4574,synthetic,train
7227,synthetic,train
1504,synthetic,train
8845,synthetic,train
6390,synthetic,train
10830,synthetic,train
4381,synthetic,train
11475,synthetic,train
5671,synthetic,train
7104,synthetic,train
6537,synthetic,train
514,synthetic,train
5496,synthetic,train
4771,synthetic,train
6955,synthetic,train
10164,synthetic,train
1019,synthetic,train
914,synthetic,train
7550,synthetic,train
3661,synthetic,train
1680,synthetic,train
3304,synthetic,train
3090,synthetic,train
8317,synthetic,train
588,synthetic,train
513,synthetic,train
6958,synthetic,train
4637,synthetic,train
3279,synthetic,train
3289,synthetic,train
2896,synthetic,train
8344,synthetic,train
6747,synthetic,train
3278,synthetic,train
3205,synthetic,train
3919,synthetic,train
8759,synthetic,train
7306,synthetic,train
6156,synthetic,train
2923,synthetic,train
9315,synthetic,train
1622,synthetic,train
9961,synthetic,train
3741,synthetic,train
11813,synthetic,train
10897,synthetic,train
11355,synthetic,train
8564,synthetic,train
7054,synthetic,train
8334,synthetic,train
3140,synthetic,train
3641,synthetic,train
1562,synthetic,train
6301,synthetic,train
5217,synthetic,train
5096,synthetic,train
11930,synthetic,train
7403,synthetic,train
9892,synthetic,train
7497,synthetic,train
1202,synthetic,train
3495,synthetic,train
3517,synthetic,train
8124,synthetic,train
9149,synthetic,train
436,synthetic,train
695,synthetic,train
6603,synthetic,train
568,synthetic,train
1825,synthetic,train
4224,synthetic,train
8368,synthetic,train
6677,synthetic,train
10786,synthetic,train
5237,synthetic,train
6103,synthetic,train
11701,synthetic,train
855,synthetic,train
10080,synthetic,train
4885,synthetic,train
8683,synthetic,train
10233,synthetic,train
2883,synthetic,train
4832,synthetic,train
10954,synthetic,train
11232,synthetic,train
491,synthetic,train
439,synthetic,train
997,synthetic,train
11789,synthetic,train
5869,synthetic,train
12208,synthetic,train
8853,synthetic,train
6256,synthetic,train
7670,synthetic,train
5877,synthetic,train
1581,synthetic,train
2255,synthetic,train
9051,synthetic,train
6742,synthetic,train
10734,synthetic,train
1060,synthetic,train
11377,synthetic,train
2346,synthetic,train
7392,synthetic,train
329,synthetic,train
6408,synthetic,train
8346,synthetic,train
1940,synthetic,train
637,synthetic,train
1729,synthetic,train
2863,synthetic,train
4441,synthetic,train
8872,synthetic,train
4765,synthetic,train
4490,synthetic,train
3351,synthetic,train
2986,synthetic,train
737,synthetic,train
1589,synthetic,train
2543,synthetic,train
3992,synthetic,train
11830,synthetic,train
1011,synthetic,train
6154,synthetic,train
10339,synthetic,train
1133,synthetic,train
7872,synthetic,train
7723,synthetic,train
4824,synthetic,train
1805,synthetic,train
999,synthetic,train
10525,synthetic,train
2943,synthetic,train
10072,synthetic,train
9134,synthetic,train
8039,synthetic,train
3778,synthetic,train
5405,synthetic,train
2614,synthetic,train
10384,synthetic,train
5810,synthetic,train
1033,synthetic,train
8460,synthetic,train
11245,synthetic,train
9755,synthetic,train
901,synthetic,train
6364,synthetic,train
5966,synthetic,train
6192,synthetic,train
8232,synthetic,train
4569,synthetic,train
1125,synthetic,train
7495,synthetic,train
11736,synthetic,train
7367,synthetic,train
12123,synthetic,train
7402,synthetic,train
7183,synthetic,train
8219,synthetic,train
1222,synthetic,train
10475,synthetic,train
8248,synthetic,train
8669,synthetic,train
9110,synthetic,train
3569,synthetic,train
2426,synthetic,train
623,synthetic,train
3983,synthetic,train
3085,synthetic,train
6174,synthetic,train
3857,synthetic,train
4986,synthetic,train
806,synthetic,train
3200,synthetic,train
731,synthetic,train
1901,synthetic,train
6440,synthetic,train
3598,synthetic,train
5548,synthetic,train
1432,synthetic,train
7162,synthetic,train
5416,synthetic,train
10690,synthetic,train
6814,synthetic,train
8345,synthetic,train
9549,synthetic,train
5657,synthetic,train
10515,synthetic,train
1670,synthetic,train
7222,synthetic,train
9243,synthetic,train
5618,synthetic,train
11792,synthetic,train
2954,synthetic,train
1075,synthetic,train
2391,synthetic,train
2057,synthetic,train
4835,synthetic,train
3382,synthetic,train
6649,synthetic,train
4535,synthetic,train
11358,synthetic,train
8261,synthetic,train
6805,synthetic,train
10422,synthetic,train
7485,synthetic,train
497,synthetic,train
1792,synthetic,train
11555,synthetic,train
6035,synthetic,train
3670,synthetic,train
3091,synthetic,train
11182,synthetic,train
1795,synthetic,train
4139,synthetic,train
11667,synthetic,train
1559,synthetic,train
5517,synthetic,train
8843,synthetic,train
1740,synthetic,train
3053,synthetic,train
7272,synthetic,train
11992,synthetic,train
5351,synthetic,train
2589,synthetic,train
5961,synthetic,train
5691,synthetic,train
11746,synthetic,train
8539,synthetic,train
3921,synthetic,train
815,synthetic,train
5085,synthetic,train
1423,synthetic,train
7461,synthetic,train
4975,synthetic,train
657,synthetic,train
9589,synthetic,train
7891,synthetic,train
10811,synthetic,train
6409,synthetic,train
7859,synthetic,train
6454,synthetic,train
983,synthetic,train
560,synthetic,train
10336,synthetic,train
10862,synthetic,train
4554,synthetic,train
5478,synthetic,train
4445,synthetic,train
11173,synthetic,train
11424,synthetic,train
12057,synthetic,train
3402,synthetic,train
6196,synthetic,train
3465,synthetic,train
5215,synthetic,train
4842,synthetic,train
11123,synthetic,train
11741,synthetic,train
6772,synthetic,train
11645,synthetic,train
1412,synthetic,train
1472,synthetic,train
4763,synthetic,train
10109,synthetic,train
11900,synthetic,train
9009,synthetic,train
11805,synthetic,train
9974,synthetic,train
925,synthetic,train
11070,synthetic,train
902,synthetic,train
11345,synthetic,train
4027,synthetic,train
4532,synthetic,train
5686,synthetic,train
1046,synthetic,train
3117,synthetic,train
3462,synthetic,train
7218,synthetic,train
4447,synthetic,train
10855,synthetic,train
10212,synthetic,train
5084,synthetic,train
3165,synthetic,train
4886,synthetic,train
10609,synthetic,train
1256,synthetic,train
9912,synthetic,train
8844,synthetic,train
6752,synthetic,train
10758,synthetic,train
416,synthetic,train
7874,synthetic,train
3345,synthetic,train
8627,synthetic,train
1812,synthetic,train
11980,synthetic,train
6264,synthetic,train
7656,synthetic,train
4055,synthetic,train
755,synthetic,train
2581,synthetic,train
6418,synthetic,train
5660,synthetic,train
411,synthetic,train
6551,synthetic,train
9383,synthetic,train
6646,synthetic,train
10202,synthetic,train
1998,synthetic,train
3261,synthetic,train
10898,synthetic,train
7454,synthetic,train
6953,synthetic,train
11061,synthetic,train
3143,synthetic,train
3980,synthetic,train
10824,synthetic,train
11144,synthetic,train
6218,synthetic,train
5978,synthetic,train
7619,synthetic,train
2536,synthetic,train
5083,synthetic,train
4964,synthetic,train
4721,synthetic,train
603,synthetic,train
7827,synthetic,train
4396,synthetic,train
8918,synthetic,train
6343,synthetic,train
8987,synthetic,train
2483,synthetic,train
4456,synthetic,train
7860,synthetic,train
8396,synthetic,train
8594,synthetic,train
5341,synthetic,train
7327,synthetic,train
9837,synthetic,train
11219,synthetic,train
4994,synthetic,train
10481,synthetic,train
1725,synthetic,train
4853,synthetic,train
2494,synthetic,train
10450,synthetic,train
4163,synthetic,train
543,synthetic,train
11372,synthetic,train
5700,synthetic,train
10542,synthetic,train
8512,synthetic,train
7535,synthetic,train
4411,synthetic,train
10859,synthetic,train
8645,synthetic,train
2381,synthetic,train
5629,synthetic,train
5272,synthetic,train
9507,synthetic,train
6252,synthetic,train
3421,synthetic,train
2890,synthetic,train
7298,synthetic,train
10494,synthetic,train
11631,synthetic,train
11022,synthetic,train
1463,synthetic,train
8371,synthetic,train
876,synthetic,train
2186,synthetic,train
3374,synthetic,train
2901,synthetic,train
11269,synthetic,train
2822,synthetic,train
9210,synthetic,train
2988,synthetic,train
7190,synthetic,train
9785,synthetic,train
2386,synthetic,train
8864,synthetic,train
10146,synthetic,train
8665,synthetic,train
8791,synthetic,train
1065,synthetic,train
4954,synthetic,train
5797,synthetic,train
10564,synthetic,train
3400,synthetic,train
4540,synthetic,train
5598,synthetic,train
9319,synthetic,train
10728,synthetic,train
8517,synthetic,train
807,synthetic,train
286,synthetic,train
7532,synthetic,train
4178,synthetic,train
4746,synthetic,train
8559,synthetic,train
6072,synthetic,train
1481,synthetic,train
7484,synthetic,train
2808,synthetic,train
11618,synthetic,train
697,synthetic,train
9022,synthetic,train
11568,synthetic,train
6668,synthetic,train
2121,synthetic,train
2959,synthetic,train
8643,synthetic,train
6963,synthetic,train
2741,synthetic,train
6027,synthetic,train
10374,synthetic,train
2966,synthetic,train
6589,synthetic,train
586,synthetic,train
5395,synthetic,train
5585,synthetic,train
2759,synthetic,train
1264,synthetic,train
8311,synthetic,train
6762,synthetic,train
4271,synthetic,train
10986,synthetic,train
794,synthetic,train
7890,synthetic,train
4220,synthetic,train
845,synthetic,train
10141,synthetic,train
8615,synthetic,train
6660,synthetic,train
11383,synthetic,train
8326,synthetic,train
751,synthetic,train
5787,synthetic,train
7174,synthetic,train
5967,synthetic,train
7074,synthetic,train
9680,synthetic,train
3808,synthetic,train
6425,synthetic,train
2176,synthetic,train
3445,synthetic,train
5792,synthetic,train
2170,synthetic,train
7977,synthetic,train
6383,synthetic,train
1393,synthetic,train
7714,synthetic,train
7268,synthetic,train
2778,synthetic,train
8888,synthetic,train
1577,synthetic,train
4628,synthetic,train
381,synthetic,train
9454,synthetic,train
2709,synthetic,train
6089,synthetic,train
6518,synthetic,train
2861,synthetic,train
1782,synthetic,train
8141,synthetic,train
2433,synthetic,train
3543,synthetic,train
4814,synthetic,train
3865,synthetic,train
10595,synthetic,train
9246,synthetic,train
5855,synthetic,train
11136,synthetic,train
4028,synthetic,train
7790,synthetic,train
12192,synthetic,train
4298,synthetic,train
3762,synthetic,train
1667,synthetic,train
4891,synthetic,train
6241,synthetic,train
11841,synthetic,train
5195,synthetic,train
7321,synthetic,train
2839,synthetic,train
6663,synthetic,train
3529,synthetic,train
11721,synthetic,train
2127,synthetic,train
12151,synthetic,train
6223,synthetic,train
2781,synthetic,train
9111,synthetic,train
2080,synthetic,train
6713,synthetic,train
311,synthetic,train
4148,synthetic,train
5447,synthetic,train
8177,synthetic,train
3837,synthetic,train
4825,synthetic,train
7676,synthetic,train
10137,synthetic,train
6412,synthetic,train
2118,synthetic,train
10641,synthetic,train
11694,synthetic,train
5221,synthetic,train
7517,synthetic,train
10810,synthetic,train
8881,synthetic,train
11325,synthetic,train
5458,synthetic,train
9659,synthetic,train
685,synthetic,train
4544,synthetic,train
11313,synthetic,train
11824,synthetic,train
488,synthetic,train
7765,synthetic,train
3001,synthetic,train
5397,synthetic,train
10751,synthetic,train
7313,synthetic,train
10005,synthetic,train
3181,synthetic,train
8453,synthetic,train
10371,synthetic,train
3913,synthetic,train
6855,synthetic,train
6180,synthetic,train
1388,synthetic,train
7604,synthetic,train
2591,synthetic,train
2468,synthetic,train
8639,synthetic,train
11415,synthetic,train
6333,synthetic,train
3413,synthetic,train
6682,synthetic,train
9666,synthetic,train
9611,synthetic,train
11782,synthetic,train
5250,synthetic,train
2634,synthetic,train
1892,synthetic,train
7254,synthetic,train
2558,synthetic,train
10158,synthetic,train
4512,synthetic,train
11252,synthetic,train
2981,synthetic,train
9425,synthetic,train
11514,synthetic,train
6318,synthetic,train
8241,synthetic,train
9162,synthetic,train
9678,synthetic,train
6086,synthetic,train
5354,synthetic,train
11076,synthetic,train
6355,synthetic,train
8068,synthetic,train
12152,synthetic,train
10011,synthetic,train
2810,synthetic,train
6373,synthetic,train
9531,synthetic,train
1198,synthetic,train
7632,synthetic,train
10890,synthetic,train
8024,synthetic,train
11925,synthetic,train
5112,synthetic,train
2904,synthetic,train
10743,synthetic,train
3425,synthetic,train
3899,synthetic,train
8361,synthetic,train
7181,synthetic,train
7948,synthetic,train
2321,synthetic,train
4905,synthetic,train
6463,synthetic,train
3072,synthetic,train
11515,synthetic,train
10618,synthetic,train
11044,synthetic,train
2809,synthetic,train
8726,synthetic,train
11230,synthetic,train
7215,synthetic,train
8925,synthetic,train
4434,synthetic,train
10760,synthetic,train
1284,synthetic,train
5108,synthetic,train
6059,synthetic,train
8074,synthetic,train
2211,synthetic,train
12156,synthetic,train
611,synthetic,train
8557,synthetic,train
5740,synthetic,train
9682,synthetic,train
5057,synthetic,train
5880,synthetic,train
3922,synthetic,train
9109,synthetic,train
4917,synthetic,train
8529,synthetic,train
3410,synthetic,train
7537,synthetic,train
9129,synthetic,train
5073,synthetic,train
6100,synthetic,train
8722,synthetic,train
5403,synthetic,train
3199,synthetic,train
4770,synthetic,train
1600,synthetic,train
11502,synthetic,train
1651,synthetic,train
10124,synthetic,train
6938,synthetic,train
9579,synthetic,train
7626,synthetic,train
9479,synthetic,train
1843,synthetic,train
1672,synthetic,train
6200,synthetic,train
10757,synthetic,train
2516,synthetic,train
9151,synthetic,train
2472,synthetic,train
5863,synthetic,train
2882,synthetic,train
10584,synthetic,train
5677,synthetic,train
5198,synthetic,train
10861,synthetic,train
3884,synthetic,train
6439,synthetic,train
4527,synthetic,train
11034,synthetic,train
723,synthetic,train
2014,synthetic,train
10534,synthetic,train
8530,synthetic,train
6085,synthetic,train
8153,synthetic,train
638,synthetic,train
3366,synthetic,train
5063,synthetic,train
1595,synthetic,train
11280,synthetic,train
11888,synthetic,train
2976,synthetic,train
10140,synthetic,train
6560,synthetic,train
7582,synthetic,train
8010,synthetic,train
11771,synthetic,train
8060,synthetic,train
2071,synthetic,train
7483,synthetic,train
6896,synthetic,train
2154,synthetic,train
9119,synthetic,train
6586,synthetic,train
11382,synthetic,train
6786,synthetic,train
1449,synthetic,train
5454,synthetic,train
9605,synthetic,train
8128,synthetic,train
9004,synthetic,train
3714,synthetic,train
8834,synthetic,train
9023,synthetic,train
10984,synthetic,train
6076,synthetic,train
9207,synthetic,train
4873,synthetic,train
4252,synthetic,train
12232,synthetic,train
1290,synthetic,train
7945,synthetic,train
2480,synthetic,train
4034,synthetic,train
8783,synthetic,train
9558,synthetic,train
2015,synthetic,train
6436,synthetic,train
9033,synthetic,train
4587,synthetic,train
10504,synthetic,train
370,synthetic,train
9958,synthetic,train
12207,synthetic,train
3177,synthetic,train
6461,synthetic,train
1775,synthetic,train
11593,synthetic,train
11314,synthetic,train
11121,synthetic,train
10346,synthetic,train
2523,synthetic,train
9530,synthetic,train
9670,synthetic,train
10442,synthetic,train
10327,synthetic,train
1153,synthetic,train
1750,synthetic,train
2110,synthetic,train
7562,synthetic,train
584,synthetic,train
1475,synthetic,train
3193,synthetic,train
4949,synthetic,train
9140,synthetic,train
8873,synthetic,train
10552,synthetic,train
11272,synthetic,train
12035,synthetic,train
1389,synthetic,train
9955,synthetic,train
3178,synthetic,train
3344,synthetic,train
4848,synthetic,train
4564,synthetic,train
3055,synthetic,train
6007,synthetic,train
1058,synthetic,train
994,synthetic,train
6644,synthetic,train
2504,synthetic,train
438,synthetic,train
8572,synthetic,train
10569,synthetic,train
1434,synthetic,train
11743,synthetic,train
8586,synthetic,train
2091,synthetic,train
9957,synthetic,train
6468,synthetic,train
9896,synthetic,train
2041,synthetic,train
3461,synthetic,train
458,synthetic,train
10101,synthetic,train
4347,synthetic,train
5453,synthetic,train
808,synthetic,train
3599,synthetic,train
11577,synthetic,train
11907,synthetic,train
9364,synthetic,train
12179,synthetic,train
2792,synthetic,train
8321,synthetic,train
2574,synthetic,train
11683,synthetic,train
8800,synthetic,train
10153,synthetic,train
10289,synthetic,train
326,synthetic,train
5387,synthetic,train
4972,synthetic,train
5474,synthetic,train
3520,synthetic,train
5293,synthetic,train
2832,synthetic,train
9300,synthetic,train
8891,synthetic,train
882,synthetic,train
1941,synthetic,train
1047,synthetic,train
3592,synthetic,train
9428,synthetic,train
7441,synthetic,train
11887,synthetic,train
3540,synthetic,train
7110,synthetic,train
11200,synthetic,train
8343,synthetic,train
7519,synthetic,train
10632,synthetic,train
775,synthetic,train
738,synthetic,train
9964,synthetic,train
7120,synthetic,train
8474,synthetic,train
2907,synthetic,train
10093,synthetic,train
6336,synthetic,train
8389,synthetic,train
1293,synthetic,train
10111,synthetic,train
2858,synthetic,train
10938,synthetic,train
6474,synthetic,train
9547,synthetic,train
9687,synthetic,train
604,synthetic,train
5781,synthetic,train
6135,synthetic,train
2131,synthetic,train
11289,synthetic,train
7488,synthetic,train
4246,synthetic,train
11784,synthetic,train
3148,synthetic,train
8207,synthetic,train
4883,synthetic,train
5078,synthetic,train
480,synthetic,train
11282,synthetic,train
7716,synthetic,train
10243,synthetic,train
11004,synthetic,train
6153,synthetic,train
7636,synthetic,train
4276,synthetic,train
6198,synthetic,train
4508,synthetic,train
11236,synthetic,train
8666,synthetic,train
10314,synthetic,train
6512,synthetic,train
1524,synthetic,train
4501,synthetic,train
5910,synthetic,train
11108,synthetic,train
11275,synthetic,train
7337,synthetic,train
11271,synthetic,train
7311,synthetic,train
8592,synthetic,train
3141,synthetic,train
1937,synthetic,train
9191,synthetic,train
1161,synthetic,train
12225,synthetic,train
2556,synthetic,train
3662,synthetic,train
7629,synthetic,train
556,synthetic,train
11174,synthetic,train
4413,synthetic,train
10006,synthetic,train
6598,synthetic,train
287,synthetic,train
6629,synthetic,train
9145,synthetic,train
4089,synthetic,train
11880,synthetic,train
3508,synthetic,train
6118,synthetic,train
9761,synthetic,train
10677,synthetic,train
2840,synthetic,train
6827,synthetic,train
8196,synthetic,train
8405,synthetic,train
1630,synthetic,train
12085,synthetic,train
9349,synthetic,train
11102,synthetic,train
5811,synthetic,train
7082,synthetic,train
5514,synthetic,train
941,synthetic,train
11425,synthetic,train
5035,synthetic,train
5682,synthetic,train
3419,synthetic,train
8981,synthetic,train
3247,synthetic,train
5168,synthetic,train
2142,synthetic,train
6121,synthetic,train
8574,synthetic,train
2200,synthetic,train
3556,synthetic,train
3794,synthetic,train
3989,synthetic,train
750,synthetic,train
7561,synthetic,train
1441,synthetic,train
1635,synthetic,train
5274,synthetic,train
7810,synthetic,train
11305,synthetic,train
886,synthetic,train
5018,synthetic,train
11838,synthetic,train
2372,synthetic,train
8550,synthetic,train
6132,synthetic,train
2027,synthetic,train
9057,synthetic,train
4440,synthetic,train
9604,synthetic,train
6271,synthetic,train
1722,synthetic,train
3147,synthetic,train
6632,synthetic,train
944,synthetic,train
4799,synthetic,train
4774,synthetic,train
9484,synthetic,train
9698,synthetic,train
1626,synthetic,train
4176,synthetic,train
12021,synthetic,train
2899,synthetic,train
11610,synthetic,train
5862,synthetic,train
11090,synthetic,train
5989,synthetic,train
5990,synthetic,train
10283,synthetic,train
8563,synthetic,train
2560,synthetic,train
5047,synthetic,train
3198,synthetic,train
5919,synthetic,train
8467,synthetic,train
10644,synthetic,train
7518,synthetic,train
2239,synthetic,train
4063,synthetic,train
4794,synthetic,train
6810,synthetic,train
11876,synthetic,train
6866,synthetic,train
7102,synthetic,train
9263,synthetic,train
5060,synthetic,train
2540,synthetic,train
6674,synthetic,train
6675,synthetic,train
4729,synthetic,train
5393,synthetic,train
7707,synthetic,train
1258,synthetic,train
4390,synthetic,train
5526,synthetic,train
9646,synthetic,train
12026,synthetic,train
2044,synthetic,train
3442,synthetic,train
10654,synthetic,train
754,synthetic,train
6704,synthetic,train
9577,synthetic,train
6268,synthetic,train
3120,synthetic,train
2298,synthetic,train
4301,synthetic,train
9557,synthetic,train
3157,synthetic,train
626,synthetic,train
1109,synthetic,train
7775,synthetic,train
6653,synthetic,train
8016,synthetic,train
6469,synthetic,train
2913,synthetic,train
3763,synthetic,train
8534,synthetic,train
1801,synthetic,train
10191,synthetic,train
10893,synthetic,train
582,synthetic,train
2291,synthetic,train
7842,synthetic,train
7109,synthetic,train
1073,synthetic,train
2788,synthetic,train
11507,synthetic,train
6714,synthetic,train
11291,synthetic,train
10478,synthetic,train
5534,synthetic,train
1339,synthetic,train
2486,synthetic,train
9632,synthetic,train
11215,synthetic,train
10587,synthetic,train
2965,synthetic,train
9239,synthetic,train
7553,synthetic,train
1424,synthetic,train
3521,synthetic,train
6379,synthetic,train
6317,synthetic,train
1710,synthetic,train
4489,synthetic,train
4122,synthetic,train
3196,synthetic,train
9949,synthetic,train
4177,synthetic,train
5747,synthetic,train
8020,synthetic,train
10033,synthetic,train
1983,synthetic,train
10122,synthetic,train
6759,synthetic,train
4316,synthetic,train
11669,synthetic,train
3259,synthetic,train
7380,synthetic,train
12089,synthetic,train
1491,synthetic,train
1774,synthetic,train
2573,synthetic,train
1711,synthetic,train
6691,synthetic,train
8607,synthetic,train
10485,synthetic,train
4581,synthetic,train
11859,synthetic,train
1098,synthetic,train
12154,synthetic,train
8996,synthetic,train
4159,synthetic,train
10451,synthetic,train
3827,synthetic,train
11373,synthetic,train
5712,synthetic,train
3347,synthetic,train
8061,synthetic,train
10912,synthetic,train
4806,synthetic,train
4952,synthetic,train
1974,synthetic,train
4530,synthetic,train
599,synthetic,train
9178,synthetic,train
4346,synthetic,train
12106,synthetic,train
10017,synthetic,train
10173,synthetic,train
848,synthetic,train
3625,synthetic,train
2930,synthetic,train
5775,synthetic,train
3849,synthetic,train
294,synthetic,train
288,synthetic,train
2655,synthetic,train
9966,synthetic,train
7086,synthetic,train
5766,synthetic,train
6892,synthetic,train
2430,synthetic,train
7700,synthetic,train
7012,synthetic,train
1149,synthetic,train
4138,synthetic,train
3582,synthetic,train
11533,synthetic,train
3774,synthetic,train
6650,synthetic,train
10265,synthetic,train
5933,synthetic,train
8032,synthetic,train
3993,synthetic,train
7062,synthetic,train
11615,synthetic,train
9625,synthetic,train
4788,synthetic,train
1914,synthetic,train
7724,synthetic,train
7543,synthetic,train
483,synthetic,train
10600,synthetic,train
9044,synthetic,train
11188,synthetic,train
6242,synthetic,train
4499,synthetic,train
6142,synthetic,train
1850,synthetic,train
8676,synthetic,train
3516,synthetic,train
6951,synthetic,train
7163,synthetic,train
2441,synthetic,train
8417,synthetic,train
11744,synthetic,train
7371,synthetic,train
9829,synthetic,train
9652,synthetic,train
10575,synthetic,train
5077,synthetic,train
7194,synthetic,train
6795,synthetic,train
1469,synthetic,train
7729,synthetic,train
681,synthetic,train
10750,synthetic,train
1966,synthetic,train
1418,synthetic,train
2566,synthetic,train
533,synthetic,train
431,synthetic,train
4216,synthetic,train
5866,synthetic,train
7433,synthetic,train
5125,synthetic,train
8314,synthetic,train
3448,synthetic,train
1985,synthetic,train
6466,synthetic,train
8448,synthetic,train
1824,synthetic,train
2042,synthetic,train
1103,synthetic,train
11473,synthetic,train
8058,synthetic,train
1164,synthetic,train
3754,synthetic,train
11864,synthetic,train
7666,synthetic,train
1807,synthetic,train
10274,synthetic,train
2340,synthetic,train
9422,synthetic,train
10657,synthetic,train
6757,synthetic,train
4245,synthetic,train
8937,synthetic,train
10292,synthetic,train
8805,synthetic,train
9063,synthetic,train
10833,synthetic,train
4937,synthetic,train
4080,synthetic,train
5469,synthetic,train
2906,synthetic,train
6703,synthetic,train
9450,synthetic,train
7648,synthetic,train
516,synthetic,train
9356,synthetic,train
4610,synthetic,train
8728,synthetic,train
9541,synthetic,train
6183,synthetic,train
2415,synthetic,train
9024,synthetic,train
10921,synthetic,train
3975,synthetic,train
4317,synthetic,train
10615,synthetic,train
10208,synthetic,train
3882,synthetic,train
5908,synthetic,train
6718,synthetic,train
3362,synthetic,train
818,synthetic,train
6939,synthetic,train
6581,synthetic,train
1696,synthetic,train
767,synthetic,train
5535,synthetic,train
4732,synthetic,train
2129,synthetic,train
5923,synthetic,train
6712,synthetic,train
6190,synthetic,train
8647,synthetic,train
1015,synthetic,train
7705,synthetic,train
8115,synthetic,train
4310,synthetic,train
10459,synthetic,train
4096,synthetic,train
4646,synthetic,train
9361,synthetic,train
2378,synthetic,train
9504,synthetic,train
989,synthetic,train
761,synthetic,train
10041,synthetic,train
903,synthetic,train
7462,synthetic,train
1799,synthetic,train
10982,synthetic,train
1471,synthetic,train
9114,synthetic,train
11196,synthetic,train
932,synthetic,train
5175,synthetic,train
6366,synthetic,train
7199,synthetic,train
3637,synthetic,train
4736,synthetic,train
5875,synthetic,train
11105,synthetic,train
1724,synthetic,train
5005,synthetic,train
11508,synthetic,train
1452,synthetic,train
4053,synthetic,train
2132,synthetic,train
3850,synthetic,train
3418,synthetic,train
9948,synthetic,train
765,synthetic,train
503,synthetic,train
5938,synthetic,train
766,synthetic,train
10070,synthetic,train
10732,synthetic,train
6667,synthetic,train
8312,synthetic,train
6930,synthetic,train
7018,synthetic,train
7493,synthetic,train
2033,synthetic,train
6487,synthetic,train
8451,synthetic,train
7364,synthetic,train
10060,synthetic,train
1057,synthetic,train
3878,synthetic,train
2641,synthetic,train
3089,synthetic,train
10200,synthetic,train
11439,synthetic,train
11770,synthetic,train
4893,synthetic,train
572,synthetic,train
1006,synthetic,train
3829,synthetic,train
1050,synthetic,train
2736,synthetic,train
6380,synthetic,train
7189,synthetic,train
11448,synthetic,train
2830,synthetic,train
6013,synthetic,train
7929,synthetic,train
10628,synthetic,train
5859,synthetic,train
9733,synthetic,train
4615,synthetic,train
2423,synthetic,train
9070,synthetic,train
8899,synthetic,train
640,synthetic,train
11178,synthetic,train
1552,synthetic,train
2172,synthetic,train
6873,synthetic,train
859,synthetic,train
4152,synthetic,train
4401,synthetic,train
5800,synthetic,train
1912,synthetic,train
8063,synthetic,train
9716,synthetic,train
2153,synthetic,train
2204,synthetic,train
3655,synthetic,train
8194,synthetic,train
4622,synthetic,train
11979,synthetic,train
635,synthetic,train
2226,synthetic,train
4217,synthetic,train
8323,synthetic,train
10785,synthetic,train
4683,synthetic,train
5611,synthetic,train
5956,synthetic,train
1503,synthetic,train
12206,synthetic,train
9934,synthetic,train
6778,synthetic,train
7742,synthetic,train
7932,synthetic,train
1731,synthetic,train
3606,synthetic,train
4782,synthetic,train
2917,synthetic,train
3113,synthetic,train
4766,synthetic,train
11630,synthetic,train
11037,synthetic,train
11986,synthetic,train
4305,synthetic,train
4322,synthetic,train
5586,synthetic,train
7777,synthetic,train
9308,synthetic,train
7207,synthetic,train
4566,synthetic,train
5399,synthetic,train
7318,synthetic,train
9503,synthetic,train
9866,synthetic,train
4250,synthetic,train
1309,synthetic,train
4083,synthetic,train
9789,synthetic,train
10670,synthetic,train
2295,synthetic,train
4299,synthetic,train
11687,synthetic,train
10700,synthetic,train
11483,synthetic,train
2232,synthetic,train
7169,synthetic,train
2359,synthetic,train
1759,synthetic,train
5465,synthetic,train
3772,synthetic,train
8668,synthetic,train
912,synthetic,train
430,synthetic,train
4345,synthetic,train
502,synthetic,train
9729,synthetic,train
6058,synthetic,train
10449,synthetic,train
4631,synthetic,train
1904,synthetic,train
5854,synthetic,train
3016,synthetic,train
7900,synthetic,train
9497,synthetic,train
9279,synthetic,train
8146,synthetic,train
5491,synthetic,train
2336,synthetic,train
4363,synthetic,train
11729,synthetic,train
4256,synthetic,train
5061,synthetic,train
6228,synthetic,train
7275,synthetic,train
7350,synthetic,train
7646,synthetic,train
8591,synthetic,train
10409,synthetic,train
11504,synthetic,train
7117,synthetic,train
8013,synthetic,train
6109,synthetic,train
9451,synthetic,train
6745,synthetic,train
10236,synthetic,train
4921,synthetic,train
4338,synthetic,train
6314,synthetic,train
10392,synthetic,train
6234,synthetic,train
900,synthetic,train
1530,synthetic,train
9603,synthetic,train
3038,synthetic,train
7884,synthetic,train
5192,synthetic,train
6320,synthetic,train
2245,synthetic,train
4121,synthetic,train
3740,synthetic,train
1794,synthetic,train
585,synthetic,train
6024,synthetic,train
2598,synthetic,train
4240,synthetic,train
9275,synthetic,train
10875,synthetic,train
4314,synthetic,train
2497,synthetic,train
5489,synthetic,train
9410,synthetic,train
4831,synthetic,train
11861,synthetic,train
5734,synthetic,train
9883,synthetic,train
1124,synthetic,train
8465,synthetic,train
5202,synthetic,train
8237,synthetic,train
6270,synthetic,train
7795,synthetic,train
631,synthetic,train
10794,synthetic,train
10995,synthetic,train
869,synthetic,train
7103,synthetic,train
10711,synthetic,train
8629,synthetic,train
11398,synthetic,train
9639,synthetic,train
11833,synthetic,train
8275,synthetic,train
6090,synthetic,train
2624,synthetic,train
3473,synthetic,train
5716,synthetic,train
1171,synthetic,train
11103,synthetic,train
10720,synthetic,train
4049,synthetic,train
9037,synthetic,train
10363,synthetic,train
5841,synthetic,train
6914,synthetic,train
10523,synthetic,train
8657,synthetic,train
5320,synthetic,train
1683,synthetic,train
12023,synthetic,train
739,synthetic,train
922,synthetic,train
6740,synthetic,train
11030,synthetic,train
10004,synthetic,train
3248,synthetic,train
1379,synthetic,train
3036,synthetic,train
4795,synthetic,train
10910,synthetic,train
8306,synthetic,train
8556,synthetic,train
6609,synthetic,train
10182,synthetic,train
11444,synthetic,train
10245,synthetic,train
5833,synthetic,train
6395,synthetic,train
5529,synthetic,train
4687,synthetic,train
9617,synthetic,train
5507,synthetic,train
8920,synthetic,train
4241,synthetic,train
8911,synthetic,train
11682,synthetic,train
3153,synthetic,train
2929,synthetic,train
4237,synthetic,train
11705,synthetic,train
539,synthetic,train
9730,synthetic,train
9177,synthetic,train
9131,synthetic,train
9362,synthetic,train
5457,synthetic,train
4924,synthetic,train
1954,synthetic,train
10945,synthetic,train
5278,synthetic,train
6393,synthetic,train
3739,synthetic,train
5814,synthetic,train
4676,synthetic,train
11427,synthetic,train
4415,synthetic,train
5143,synthetic,train
6067,synthetic,train
4069,synthetic,train
12112,synthetic,train
10592,synthetic,train
9828,synthetic,train
4556,synthetic,train
6909,synthetic,train
4943,synthetic,train
10357,synthetic,train
9867,synthetic,train
7273,synthetic,train
5853,synthetic,train
2469,synthetic,train
9723,synthetic,train
8933,synthetic,train
5662,synthetic,train
8224,synthetic,train
4823,synthetic,train
444,synthetic,train
7701,synthetic,train
10614,synthetic,train
4776,synthetic,train
2610,synthetic,train
813,synthetic,train
1657,synthetic,train
1644,synthetic,train
9654,synthetic,train
11624,synthetic,train
6116,synthetic,train
5163,synthetic,train
557,synthetic,train
703,synthetic,train
10807,synthetic,train
5475,synthetic,train
9566,synthetic,train
7502,synthetic,train
2337,synthetic,train
6277,synthetic,train
5011,synthetic,train
9847,synthetic,train
2489,synthetic,train
3102,synthetic,train
2797,synthetic,train
454,synthetic,train
10210,synthetic,train
7451,synthetic,train
1077,synthetic,train
3627,synthetic,train
6755,synthetic,train
2838,synthetic,train
1391,synthetic,train
7014,synthetic,train
5765,synthetic,train
6782,synthetic,train
8107,synthetic,train
9539,synthetic,train
580,synthetic,train
1631,synthetic,train
4302,synthetic,train
10835,synthetic,train
7713,synthetic,train
1167,synthetic,train
565,synthetic,train
4210,synthetic,train
5789,synthetic,train
7084,synthetic,train
10919,synthetic,train
9152,synthetic,train
9173,synthetic,train
9304,synthetic,train
8742,synthetic,train
10335,synthetic,train
1186,synthetic,train
504,synthetic,train
275,synthetic,train
403,synthetic,train
6243,synthetic,train
2623,synthetic,train
9518,synthetic,train
389,synthetic,train
1421,synthetic,train
8606,synthetic,train
12009,synthetic,train
7760,synthetic,train
7015,synthetic,train
7731,synthetic,train
8364,synthetic,train
5718,synthetic,train
7130,synthetic,train
5568,synthetic,train
2136,synthetic,train
2748,synthetic,train
7986,synthetic,train
4739,synthetic,train
1442,synthetic,train
2785,synthetic,train
8025,synthetic,train
1430,synthetic,train
10682,synthetic,train
2442,synthetic,train
11710,synthetic,train
9185,synthetic,train
11697,synthetic,train
11870,synthetic,train
3631,synthetic,train
9982,synthetic,train
2119,synthetic,train
7294,synthetic,train
7172,synthetic,train
10798,synthetic,train
2138,synthetic,train
7299,synthetic,train
3848,synthetic,train
8404,synthetic,train
3381,synthetic,train
647,synthetic,train
1571,synthetic,train
1292,synthetic,train
9863,synthetic,train
8114,synthetic,train
6642,synthetic,train
7915,synthetic,train
7699,synthetic,train
5196,synthetic,train
1191,synthetic,train
9112,synthetic,train
4279,synthetic,train
951,synthetic,train
9120,synthetic,train
6247,synthetic,train
6624,synthetic,train
2169,synthetic,train
1089,synthetic,train
3758,synthetic,train
2341,synthetic,train
10944,synthetic,train
11586,synthetic,train
304,synthetic,train
4199,synthetic,train
7887,synthetic,train
10341,synthetic,train
4579,synthetic,train
3225,synthetic,train
4229,synthetic,train
1447,synthetic,train
11708,synthetic,train
7955,synthetic,train
8700,synthetic,train
9457,synthetic,train
544,synthetic,train
11175,synthetic,train
6568,synthetic,train
4419,synthetic,train
3352,synthetic,train
9651,synthetic,train
4816,synthetic,train
5815,synthetic,train
6890,synthetic,train
4583,synthetic,train
8229,synthetic,train
7979,synthetic,train
3624,synthetic,train
1664,synthetic,train
3455,synthetic,train
8491,synthetic,train
7694,synthetic,train
1229,synthetic,train
10002,synthetic,train
6803,synthetic,train
3994,synthetic,train
1185,synthetic,train
11653,synthetic,train
8973,synthetic,train
4985,synthetic,train
8409,synthetic,train
3111,synthetic,train
11960,synthetic,train
7768,synthetic,train
6216,synthetic,train
779,synthetic,train
10892,synthetic,train
9845,synthetic,train
4731,synthetic,train
7720,synthetic,train
4608,synthetic,train
11027,synthetic,train
9901,synthetic,train
3886,synthetic,train
2049,synthetic,train
10193,synthetic,train
2319,synthetic,train
11190,synthetic,train
7100,synthetic,train
4273,synthetic,train
6266,synthetic,train
2162,synthetic,train
6475,synthetic,train
4946,synthetic,train
8332,synthetic,train
5182,synthetic,train
7831,synthetic,train
7832,synthetic,train
9303,synthetic,train
335,synthetic,train
2605,synthetic,train
6707,synthetic,train
8200,synthetic,train
690,synthetic,train
4846,synthetic,train
5743,synthetic,train
9163,synthetic,train
6665,synthetic,train
7558,synthetic,train
7068,synthetic,train
10047,synthetic,train
9462,synthetic,train
1813,synthetic,train
6134,synthetic,train
500,synthetic,train
1043,synthetic,train
10238,synthetic,train
3326,synthetic,train
11962,synthetic,train
1237,synthetic,train
5165,synthetic,train
6524,synthetic,train
9254,synthetic,train
5955,synthetic,train
3201,synthetic,train
7113,synthetic,train
9461,synthetic,train
7225,synthetic,train
11924,synthetic,train
12228,synthetic,train
9936,synthetic,train
1880,synthetic,train
5902,synthetic,train
12249,synthetic,train
2406,synthetic,train
2061,synthetic,train
2355,synthetic,train
9089,synthetic,train
7867,synthetic,train
1617,synthetic,train
9995,synthetic,train
9118,synthetic,train
11285,synthetic,train
7186,synthetic,train
8181,synthetic,train
3825,synthetic,train
12170,synthetic,train
11013,synthetic,train
8142,synthetic,train
1869,synthetic,train
3356,synthetic,train
8273,synthetic,train
2675,synthetic,train
2277,synthetic,train
3231,synthetic,train
6684,synthetic,train
4385,synthetic,train
6106,synthetic,train
5635,synthetic,train
12018,synthetic,train
11761,synthetic,train
3506,synthetic,train
384,synthetic,train
1366,synthetic,train
11462,synthetic,train
8384,synthetic,train
1100,synthetic,train
6654,synthetic,train
12124,synthetic,train
5909,synthetic,train
11239,synthetic,train
3601,synthetic,train
858,synthetic,train
2383,synthetic,train
5772,synthetic,train
8674,synthetic,train
9700,synthetic,train
10399,synthetic,train
9378,synthetic,train
11853,synthetic,train
6259,synthetic,train
2457,synthetic,train
4311,synthetic,train
1476,synthetic,train
3622,synthetic,train
2761,synthetic,train
985,synthetic,train
7396,synthetic,train
1238,synthetic,train
1068,synthetic,train
7598,synthetic,train
1735,synthetic,train
9269,synthetic,train
7594,synthetic,train
8269,synthetic,train
5166,synthetic,train
11064,synthetic,train
11089,synthetic,train
5190,synthetic,train
4802,synthetic,train
4222,synthetic,train
10388,synthetic,train
2931,synthetic,train
7363,synthetic,train
1495,synthetic,train
1485,synthetic,train
2024,synthetic,train
9960,synthetic,train
7940,synthetic,train
10831,synthetic,train
10009,synthetic,train
9932,synthetic,train
3477,synthetic,train
5997,synthetic,train
547,synthetic,train
7696,synthetic,train
3226,synthetic,train
3424,synthetic,train
11549,synthetic,train
10920,synthetic,train
1917,synthetic,train
2235,synthetic,train
2657,synthetic,train
712,synthetic,train
2970,synthetic,train
11244,synthetic,train
7052,synthetic,train
3941,synthetic,train
6975,synthetic,train
682,synthetic,train
8716,synthetic,train
5576,synthetic,train
917,synthetic,train
3561,synthetic,train
10364,synthetic,train
3105,synthetic,train
4326,synthetic,train
9661,synthetic,train
5504,synthetic,train
1261,synthetic,train
4458,synthetic,train
2678,synthetic,train
1135,synthetic,train
11148,synthetic,train
6986,synthetic,train
4107,synthetic,train
1221,synthetic,train
1840,synthetic,train
9985,synthetic,train
7588,synthetic,train
2466,synthetic,train
4526,synthetic,train
8640,synthetic,train
12161,synthetic,train
4491,synthetic,train
1017,synthetic,train
5126,synthetic,train
5666,synthetic,train
5573,synthetic,train
2544,synthetic,train
9133,synthetic,train
10673,synthetic,train
5767,synthetic,train
5569,synthetic,train
10915,synthetic,train
5087,synthetic,train
9505,synthetic,train
7573,synthetic,train
1067,synthetic,train
4167,synthetic,train
6401,synthetic,train
7719,synthetic,train
10248,synthetic,train
2216,synthetic,train
2705,synthetic,train
8611,synthetic,train
10052,synthetic,train
8777,synthetic,train
12087,synthetic,train
2662,synthetic,train
8904,synthetic,train
1333,synthetic,train
10621,synthetic,train
3658,synthetic,train
4500,synthetic,train
6784,synthetic,train
5696,synthetic,train
7845,synthetic,train
10457,synthetic,train
2351,synthetic,train
4787,synthetic,train
12252,synthetic,train
1958,synthetic,train
9220,synthetic,train
10321,synthetic,train
11264,synthetic,train
8964,synthetic,train
9252,synthetic,train
1263,synthetic,train
11166,synthetic,train
11023,synthetic,train
7956,synthetic,train
4911,synthetic,train
10290,synthetic,train
10272,synthetic,train
6416,synthetic,train
1745,synthetic,train
11329,synthetic,train
5628,synthetic,train
1671,synthetic,train
6549,synthetic,train
11576,synthetic,train
11149,synthetic,train
11100,synthetic,train
969,synthetic,train
9820,synthetic,train
3863,synthetic,train
1245,synthetic,train
3336,synthetic,train
6429,synthetic,train
11785,synthetic,train
8635,synthetic,train
6973,synthetic,train
5337,synthetic,train
4361,synthetic,train
8007,synthetic,train
2982,synthetic,train
11489,synthetic,train
1528,synthetic,train
2722,synthetic,train
12165,synthetic,train
528,synthetic,train
3840,synthetic,train
5010,synthetic,train
8017,synthetic,train
7409,synthetic,train
7735,synthetic,train
7710,synthetic,train
9092,synthetic,train
3081,synthetic,train
8136,synthetic,train
849,synthetic,train
8662,synthetic,train
11033,synthetic,train
8500,synthetic,train
916,synthetic,train
9994,synthetic,train
9757,synthetic,train
2297,synthetic,train
8174,synthetic,train
8943,synthetic,train
4018,synthetic,train
7105,synthetic,train
6411,synthetic,train
11600,synthetic,train
2288,synthetic,train
9236,synthetic,train
937,synthetic,train
8515,synthetic,train
1492,synthetic,train
5714,synthetic,train
7941,synthetic,train
9623,synthetic,train
7818,synthetic,train
7546,synthetic,train
5116,synthetic,train
8154,synthetic,train
2692,synthetic,train
8884,synthetic,train
10411,synthetic,train
4907,synthetic,train
11054,synthetic,train
7576,synthetic,train
1156,synthetic,train
1871,synthetic,train
1847,synthetic,train
6946,synthetic,train
9874,synthetic,train
10170,synthetic,train
1979,synthetic,train
10839,synthetic,train
9722,synthetic,train
4066,synthetic,train
8699,synthetic,train
8282,synthetic,train
4961,synthetic,train
4221,synthetic,train
8113,synthetic,train
5817,synthetic,train
5824,synthetic,train
9576,synthetic,train
10406,synthetic,train
6347,synthetic,train
1150,synthetic,train
10229,synthetic,train
11057,synthetic,train
4266,synthetic,train
5199,synthetic,train
9783,synthetic,train
8374,synthetic,train
6158,synthetic,train
6433,synthetic,train
9311,synthetic,train
6079,synthetic,train
9222,synthetic,train
10086,synthetic,train
3059,synthetic,train
8835,synthetic,train
844,synthetic,train
3528,synthetic,train
4192,synthetic,train
5225,synthetic,train
1520,synthetic,train
8654,synthetic,train
6459,synthetic,train
6952,synthetic,train
570,synthetic,train
1976,synthetic,train
8299,synthetic,train
6269,synthetic,train
2312,synthetic,train
10966,synthetic,train
4928,synthetic,train
4558,synthetic,train
6906,synthetic,train
4043,synthetic,train
1268,synthetic,train
10268,synthetic,train
2445,synthetic,train
3883,synthetic,train
12000,synthetic,train
10064,synthetic,train
11867,synthetic,train
8756,synthetic,train
8283,synthetic,train
5094,synthetic,train
4319,synthetic,train
5016,synthetic,train
7609,synthetic,train
350,synthetic,train
2247,synthetic,train
730,synthetic,train
1586,synthetic,train
12125,synthetic,train
9903,synthetic,train
2377,synthetic,train
3197,synthetic,train
1148,synthetic,train
1243,synthetic,train
7192,synthetic,train
9328,synthetic,train
7961,synthetic,train
10573,synthetic,train
3185,synthetic,train
8059,synthetic,train
3474,synthetic,train
6144,synthetic,train
2601,synthetic,train
8880,synthetic,train
8218,synthetic,train
9372,synthetic,train
8804,synthetic,train
10345,synthetic,train
8381,synthetic,train
887,synthetic,train
8197,synthetic,train
5207,synthetic,train
5340,synthetic,train
4504,synthetic,train
7680,synthetic,train
5025,synthetic,train
1861,synthetic,train
11777,synthetic,train
1529,synthetic,train
388,synthetic,train
9853,synthetic,train
10492,synthetic,train
1971,synthetic,train
4442,synthetic,train
8983,synthetic,train
4495,synthetic,train
7255,synthetic,train
7784,synthetic,train
2658,synthetic,train
10991,synthetic,train
9096,synthetic,train
8133,synthetic,train
8720,synthetic,train
10356,synthetic,train
1446,synthetic,train
8697,synthetic,train
12007,synthetic,train
11918,synthetic,train
2237,synthetic,train
5574,synthetic,train
12122,synthetic,train
4507,synthetic,train
11186,synthetic,train
1175,synthetic,train
1565,synthetic,train
8157,synthetic,train
3309,synthetic,train
8145,synthetic,train
6913,synthetic,train
11680,synthetic,train
1533,synthetic,train
5958,synthetic,train
7205,synthetic,train
9989,synthetic,train
3056,synthetic,train
7057,synthetic,train
1658,synthetic,train
6875,synthetic,train
3618,synthetic,train
443,synthetic,train
7577,synthetic,train
4722,synthetic,train
8960,synthetic,train
7967,synthetic,train
3823,synthetic,train
9348,synthetic,train
11401,synthetic,train
6773,synthetic,train
4827,synthetic,train
9455,synthetic,train
6863,synthetic,train
9980,synthetic,train
2916,synthetic,train
10213,synthetic,train
4565,synthetic,train
2221,synthetic,train
5252,synthetic,train
5151,synthetic,train
6398,synthetic,train
6075,synthetic,train
6129,synthetic,train
8932,synthetic,train
6655,synthetic,train
11629,synthetic,train
6486,synthetic,train
9305,synthetic,train
12226,synthetic,train
8778,synthetic,train
1511,synthetic,train
3436,synthetic,train
5332,synthetic,train
3619,synthetic,train
7510,synthetic,train
8186,synthetic,train
9567,synthetic,train
10477,synthetic,train
11040,synthetic,train
3549,synthetic,train
11082,synthetic,train
10735,synthetic,train
3450,synthetic,train
11808,synthetic,train
9282,synthetic,train
1311,synthetic,train
4329,synthetic,train
9019,synthetic,train
3478,synthetic,train
8300,synthetic,train
532,synthetic,train
2302,synthetic,train
5023,synthetic,train
7460,synthetic,train
7802,synthetic,train
7925,synthetic,train
1346,synthetic,train
1733,synthetic,train
11571,synthetic,train
8180,synthetic,train
9416,synthetic,train
2446,synthetic,train
10882,synthetic,train
4582,synthetic,train
9320,synthetic,train
9812,synthetic,train
6091,synthetic,train
8369,synthetic,train
8250,synthetic,train
11492,synthetic,train
8797,synthetic,train
4969,synthetic,train
8452,synthetic,train
10027,synthetic,train
10763,synthetic,train
10648,synthetic,train
3738,synthetic,train
9417,synthetic,train
4184,synthetic,train
2008,synthetic,train
992,synthetic,train
2813,synthetic,train
10380,synthetic,train
9401,synthetic,train
9141,synthetic,train
10739,synthetic,train
2922,synthetic,train
8134,synthetic,train
11016,synthetic,train
3373,synthetic,train
3563,synthetic,train
6510,synthetic,train
1604,synthetic,train
10812,synthetic,train
1950,synthetic,train
7528,synthetic,train
9857,synthetic,train
5308,synthetic,train
7560,synthetic,train
12181,synthetic,train
3568,synthetic,train
1764,synthetic,train
11237,synthetic,train
2066,synthetic,train
4131,synthetic,train
8040,synthetic,train
4051,synthetic,train
5477,synthetic,train
10181,synthetic,train
11679,synthetic,train
1327,synthetic,train
8636,synthetic,train
11646,synthetic,train
8407,synthetic,train
2956,synthetic,train
6711,synthetic,train
2108,synthetic,train
4772,synthetic,train
9194,synthetic,train
11339,synthetic,train
2691,synthetic,train
12187,synthetic,train
4920,synthetic,train
6882,synthetic,train
3695,synthetic,train
11905,synthetic,train
11758,synthetic,train
402,synthetic,train
10925,synthetic,train
5846,synthetic,train
10774,synthetic,train
7252,synthetic,train
7819,synthetic,train
8272,synthetic,train
7064,synthetic,train
7009,synthetic,train
6360,synthetic,train
5550,synthetic,train
7895,synthetic,train
3669,synthetic,train
1377,synthetic,train
7631,synthetic,train
2016,synthetic,train
757,synthetic,train
7533,synthetic,train
7766,synthetic,train
1130,synthetic,train
3617,synthetic,train
1172,synthetic,train
981,synthetic,train
3065,synthetic,train
12186,synthetic,train
1146,synthetic,train
11775,synthetic,train
9079,synthetic,train
10224,synthetic,train
10310,synthetic,train
1780,synthetic,train
10725,synthetic,train
3006,synthetic,train
10716,synthetic,train
3805,synthetic,train
574,synthetic,train
2059,synthetic,train
587,synthetic,train
8431,synthetic,train
4464,synthetic,train
6110,synthetic,train
6389,synthetic,train
5707,synthetic,train
3389,synthetic,train
2256,synthetic,train
9182,synthetic,train
4228,synthetic,train
10043,synthetic,train
8243,synthetic,train
2233,synthetic,train
596,synthetic,train
3024,synthetic,train
10337,synthetic,train
535,synthetic,train
3245,synthetic,train
8438,synthetic,train
4880,synthetic,train
6791,synthetic,train
3737,synthetic,train
8055,synthetic,train
3818,synthetic,train
8341,synthetic,train
3069,synthetic,train
11185,synthetic,train
5121,synthetic,train
2594,synthetic,train
8969,synthetic,train
5506,synthetic,train
3676,synthetic,train
567,synthetic,train
4168,synthetic,train
9384,synthetic,train
608,synthetic,train
6178,synthetic,train
1086,synthetic,train
5556,synthetic,train
7503,synthetic,train
11658,synthetic,train
9913,synthetic,train
4742,synthetic,train
9069,synthetic,train
3942,synthetic,train
11943,synthetic,train
11131,synthetic,train
2313,synthetic,train
10232,synthetic,train
11790,synthetic,train
331,synthetic,train
8235,synthetic,train
7115,synthetic,train
11169,synthetic,train
11685,synthetic,train
7011,synthetic,train
9360,synthetic,train
8858,synthetic,train
10045,synthetic,train
8205,synthetic,train
5616,synthetic,train
1926,synthetic,train
5830,synthetic,train
8801,synthetic,train
312,synthetic,train
10577,synthetic,train
6523,synthetic,train
1705,synthetic,train
7839,synthetic,train
9525,synthetic,train
8402,synthetic,train
1955,synthetic,train
3152,synthetic,train
12256,synthetic,train
1834,synthetic,train
9170,synthetic,train
3463,synthetic,train
4665,synthetic,train
1890,synthetic,train
10349,synthetic,train
2141,synthetic,train
12159,synthetic,train
5372,synthetic,train
5968,synthetic,train
5334,synthetic,train
5769,synthetic,train
10842,synthetic,train
8350,synthetic,train
1108,synthetic,train
3184,synthetic,train
8802,synthetic,train
8604,synthetic,train
3137,synthetic,train
6627,synthetic,train
9972,synthetic,train
446,synthetic,train
4039,synthetic,train
2090,synthetic,train
9447,synthetic,train
3219,synthetic,train
7445,synthetic,train
11344,synthetic,train
9493,synthetic,train
7164,synthetic,train
5706,synthetic,train
6847,synthetic,train
1494,synthetic,train
8671,synthetic,train
4175,synthetic,train
706,synthetic,train
9169,synthetic,train
6099,synthetic,train
1104,synthetic,train
5461,synthetic,train
10803,synthetic,train
8522,synthetic,train
7753,synthetic,train
8091,synthetic,train
2700,synthetic,train
3363,synthetic,train
10551,synthetic,train
5034,synthetic,train
9078,synthetic,train
7234,synthetic,train
6354,synthetic,train
1554,synthetic,train
9744,synthetic,train
5778,synthetic,train
11634,synthetic,train
5327,synthetic,train
3702,synthetic,train
10382,synthetic,train
9520,synthetic,train
10254,synthetic,train
3097,synthetic,train
1036,synthetic,train
11917,synthetic,train
11399,synthetic,train
6584,synthetic,train
2413,synthetic,train
5818,synthetic,train
5180,synthetic,train
8031,synthetic,train
11648,synthetic,train
8268,synthetic,train
3396,synthetic,train
10362,synthetic,train
5722,synthetic,train
8995,synthetic,train
12079,synthetic,train
3443,synthetic,train
10221,synthetic,train
2203,synthetic,train
9806,synthetic,train
3459,synthetic,train
10661,synthetic,train
1549,synthetic,train
4841,synthetic,train
6595,synthetic,train
2760,synthetic,train
11670,synthetic,train
10972,synthetic,train
11709,synthetic,train
10408,synthetic,train
4366,synthetic,train
4386,synthetic,train
10094,synthetic,train
7193,synthetic,train
4226,synthetic,train
2139,synthetic,train
10439,synthetic,train
11412,synthetic,train
10014,synthetic,train
5717,synthetic,train
7718,synthetic,train
3847,synthetic,train
10802,synthetic,train
4125,synthetic,train
2408,synthetic,train
4391,synthetic,train
1296,synthetic,train
896,synthetic,train
7476,synthetic,train
10085,synthetic,train
4394,synthetic,train
8001,synthetic,train
1343,synthetic,train
6971,synthetic,train
1121,synthetic,train
5472,synthetic,train
1163,synthetic,train
451,synthetic,train
369,synthetic,train
6286,synthetic,train
4715,synthetic,train
2202,synthetic,train
7930,synthetic,train
4591,synthetic,train
10878,synthetic,train
10499,synthetic,train
6187,synthetic,train
2300,synthetic,train
9561,synthetic,train
9259,synthetic,train
8047,synthetic,train
5138,synthetic,train
4919,synthetic,train
8482,synthetic,train
5261,synthetic,train
3035,synthetic,train
4405,synthetic,train
2583,synthetic,train
1022,synthetic,train
6181,synthetic,train
2877,synthetic,train
2671,synthetic,train
1354,synthetic,train
6325,synthetic,train
7525,synthetic,train
1806,synthetic,train
4849,synthetic,train
6294,synthetic,train
8352,synthetic,train
7213,synthetic,train
3395,synthetic,train
4116,synthetic,train
5300,synthetic,train
7695,synthetic,train
11312,synthetic,train
5688,synthetic,train
6783,synthetic,train
6679,synthetic,train
9515,synthetic,train
4065,synthetic,train
1144,synthetic,train
2914,synthetic,train
7960,synthetic,train
7920,synthetic,train
8285,synthetic,train
7034,synthetic,train
10791,synthetic,train
11322,synthetic,train
724,synthetic,train
1517,synthetic,train
12069,synthetic,train
2519,synthetic,train
4534,synthetic,train
7334,synthetic,train
5452,synthetic,train
5890,synthetic,train
11882,synthetic,train
6491,synthetic,train
7642,synthetic,train
5560,synthetic,train
2462,synthetic,train
10962,synthetic,train
10633,synthetic,train
1522,synthetic,train
8006,synthetic,train
7472,synthetic,train
1235,synthetic,train
8862,synthetic,train
6126,synthetic,train
5185,synthetic,train
1201,synthetic,train
5523,synthetic,train
6842,synthetic,train
4983,synthetic,train
2647,synthetic,train
11932,synthetic,train
5281,synthetic,train
7389,synthetic,train
4651,synthetic,train
5408,synthetic,train
10285,synthetic,train
7063,synthetic,train
3481,synthetic,train
4142,synthetic,train
8214,synthetic,train
11584,synthetic,train
1870,synthetic,train
4135,synthetic,train
6213,synthetic,train
3049,synthetic,train
1204,synthetic,train
10941,synthetic,train
2117,synthetic,train
10658,synthetic,train
4368,synthetic,train
5473,synthetic,train
10463,synthetic,train
3515,synthetic,train
7583,synthetic,train
2950,synthetic,train
8516,synthetic,train
7649,synthetic,train
4887,synthetic,train
9221,synthetic,train
1579,synthetic,train
9343,synthetic,train
12115,synthetic,train
5422,synthetic,train
8984,synthetic,train
10373,synthetic,train
9219,synthetic,train
1395,synthetic,train
4789,synthetic,train
3735,synthetic,train
3765,synthetic,train
5009,synthetic,train
2737,synthetic,train
8202,synthetic,train
8418,synthetic,train
7346,synthetic,train
9102,synthetic,train
9571,synthetic,train
4761,synthetic,train
8225,synthetic,train
12098,synthetic,train
6596,synthetic,train
9039,synthetic,train
7242,synthetic,train
7491,synthetic,train
9212,synthetic,train
2134,synthetic,train
10466,synthetic,train
8538,synthetic,train
11583,synthetic,train
5356,synthetic,train
3164,synthetic,train
830,synthetic,train
1708,synthetic,train
3674,synthetic,train
9939,synthetic,train
1199,synthetic,train
9575,synthetic,train
9035,synthetic,train
8287,synthetic,train
10284,synthetic,train
6101,synthetic,train
7097,synthetic,train
9010,synthetic,train
3486,synthetic,train
11949,synthetic,train
6592,synthetic,train
4238,synthetic,train
4643,synthetic,train
6094,synthetic,train
9754,synthetic,train
9449,synthetic,train
3799,synthetic,train
8757,synthetic,train
11002,synthetic,train
10922,synthetic,train
11172,synthetic,train
5941,synthetic,train
3087,synthetic,train
6040,synthetic,train
3894,synthetic,train
5256,synthetic,train
1598,synthetic,train
3522,synthetic,train
8934,synthetic,train
7098,synthetic,train
5349,synthetic,train
6001,synthetic,train
910,synthetic,train
6299,synthetic,train
3162,synthetic,train
2518,synthetic,train
12134,synthetic,train
5655,synthetic,train
7342,synthetic,train
12010,synthetic,train
9782,synthetic,train
3781,synthetic,train
2990,synthetic,train
8217,synthetic,train
4738,synthetic,train
5920,synthetic,train
1856,synthetic,train
327,synthetic,train
2844,synthetic,train
11259,synthetic,train
6541,synthetic,train
3456,synthetic,train
11498,synthetic,train
5587,synthetic,train
9772,synthetic,train
9868,synthetic,train
1518,synthetic,train
7916,synthetic,train
6610,synthetic,train
10473,synthetic,train
7783,synthetic,train
1251,synthetic,train
3764,synthetic,train
373,synthetic,train
1179,synthetic,train
2769,synthetic,train
11542,synthetic,train
425,synthetic,train
7001,synthetic,train
7893,synthetic,train
10503,synthetic,train
8935,synthetic,train
4863,synthetic,train
9095,synthetic,train
10456,synthetic,train
1209,synthetic,train
4854,synthetic,train
10058,synthetic,train
4030,synthetic,train
2766,synthetic,train
5367,synthetic,train
3110,synthetic,train
6260,synthetic,train
9002,synthetic,train
12233,synthetic,train
8033,synthetic,train
10230,synthetic,train
4706,synthetic,train
6054,synthetic,train
10671,synthetic,train
4720,synthetic,train
9229,synthetic,train
2765,synthetic,train
9344,synthetic,train
6883,synthetic,train
1374,synthetic,train
7202,synthetic,train
10322,synthetic,train
558,synthetic,train
1935,synthetic,train
3607,synthetic,train
6430,synthetic,train
2995,synthetic,train
5929,synthetic,train
9850,synthetic,train
5248,synthetic,train
11392,synthetic,train
2638,synthetic,train
7691,synthetic,train
7685,synthetic,train
8609,synthetic,train
4585,synthetic,train
4432,synthetic,train
9480,synthetic,train
4810,synthetic,train
11865,synthetic,train
8870,synthetic,train
9861,synthetic,train
2363,synthetic,train
5596,synthetic,train
8560,synthetic,train
4019,synthetic,train
9631,synthetic,train
2097,synthetic,train
9900,synthetic,train
10225,synthetic,train
12044,synthetic,train
5970,synthetic,train
867,synthetic,train
4760,synthetic,train
7296,synthetic,train
1353,synthetic,train
8121,synthetic,train
6978,synthetic,train
8894,synthetic,train
11006,synthetic,train
4747,synthetic,train
420,synthetic,train
463,synthetic,train
6743,synthetic,train
4200,synthetic,train
8624,synthetic,train
6363,synthetic,train
5193,synthetic,train
3194,synthetic,train
2074,synthetic,train
7907,synthetic,train
2695,synthetic,train
1490,synthetic,train
11582,synthetic,train
11939,synthetic,train
3306,synthetic,train
5965,synthetic,train
11845,synthetic,train
3175,synthetic,train
11141,synthetic,train
7805,synthetic,train
4248,synthetic,train
4511,synthetic,train
6371,synthetic,train
7088,synthetic,train
9516,synthetic,train
8336,synthetic,train
6464,synthetic,train
3553,synthetic,train
4294,synthetic,train
2985,synthetic,train
4550,synthetic,train
4594,synthetic,train
2812,synthetic,train
4137,synthetic,train
6465,synthetic,train
8792,synthetic,train
8411,synthetic,train
7139,synthetic,train
7745,synthetic,train
5013,synthetic,train
5146,synthetic,train
1117,synthetic,train
630,synthetic,train
6799,synthetic,train
10294,synthetic,train
2821,synthetic,train
4061,synthetic,train
2900,synthetic,train
5715,synthetic,train
11376,synthetic,train
4750,synthetic,train
2607,synthetic,train
909,synthetic,train
7119,synthetic,train
3041,synthetic,train
8444,synthetic,train
10501,synthetic,train
10669,synthetic,train
11776,synthetic,train
7467,synthetic,train
6204,synthetic,train
8503,synthetic,train
875,synthetic,train
10379,synthetic,train
2835,synthetic,train
313,synthetic,train
12158,synthetic,train
3600,synthetic,train
10293,synthetic,train
1965,synthetic,train
11120,synthetic,train
8251,synthetic,train
8175,synthetic,train
1753,synthetic,train
6136,synthetic,train
12214,synthetic,train
8419,synthetic,train
1063,synthetic,train
5213,synthetic,train
8003,synthetic,train
2072,synthetic,train
9408,synthetic,train
1250,synthetic,train
3034,synthetic,train
9688,synthetic,train
2708,synthetic,train
3773,synthetic,train
8193,synthetic,train
10325,synthetic,train
479,synthetic,train
8413,synthetic,train
1548,synthetic,train
3423,synthetic,train
4938,synthetic,train
2878,synthetic,train
3872,synthetic,train
303,synthetic,train
9859,synthetic,train
9179,synthetic,train
9034,synthetic,train
4052,synthetic,train
3831,synthetic,train
12234,synthetic,train
1763,synthetic,train
8307,synthetic,train
12054,synthetic,train
7856,synthetic,train
3699,synthetic,train
2152,synthetic,train
11823,synthetic,train
11608,synthetic,train
11258,synthetic,train
5515,synthetic,train
2215,synthetic,train
11561,synthetic,train
5427,synthetic,train
5074,synthetic,train
3835,synthetic,train
6720,synthetic,train
1765,synthetic,train
8730,synthetic,train
930,synthetic,train
6751,synthetic,train
7308,synthetic,train
10095,synthetic,train
10940,synthetic,train
1345,synthetic,train
1157,synthetic,train
3566,synthetic,train
11911,synthetic,train
6499,synthetic,train
2926,synthetic,train
7906,synthetic,train
3453,synthetic,train
3150,synthetic,train
6263,synthetic,train
7999,synthetic,train
10121,synthetic,train
4999,synthetic,train
2881,synthetic,train
8950,synthetic,train
6462,synthetic,train
9526,synthetic,train
9790,synthetic,train
8664,synthetic,train
6073,synthetic,train
262,synthetic,train
6230,synthetic,train
2630,synthetic,train
4064,synthetic,train
2029,synthetic,train
10453,synthetic,train
8701,synthetic,train
6339,synthetic,train
791,synthetic,train
10598,synthetic,train
10634,synthetic,train
6736,synthetic,train
7237,synthetic,train
10952,synthetic,train
11204,synthetic,train
3380,synthetic,train
11074,synthetic,train
6519,synthetic,train
991,synthetic,train
3666,synthetic,train
2599,synthetic,train
6251,synthetic,train
6588,synthetic,train
3058,synthetic,train
8584,synthetic,train
2825,synthetic,train
2841,synthetic,train
10065,synthetic,train
9164,synthetic,train
10443,synthetic,train
9032,synthetic,train
643,synthetic,train
11019,synthetic,train
11619,synthetic,train
1515,synthetic,train
2364,synthetic,train
11505,synthetic,train
10217,synthetic,train
8830,synthetic,train
11518,synthetic,train
5254,synthetic,train
11012,synthetic,train
9253,synthetic,train
5317,synthetic,train
918,synthetic,train
4694,synthetic,train
3744,synthetic,train
11649,synthetic,train
5578,synthetic,train
4076,synthetic,train
7033,synthetic,train
8496,synthetic,train
10936,synthetic,train
2806,synthetic,train
8294,synthetic,train
6739,synthetic,train
1881,synthetic,train
11564,synthetic,train
7520,synthetic,train
4164,synthetic,train
2107,synthetic,train
10935,synthetic,train
1356,synthetic,train
7071,synthetic,train
8917,synthetic,train
11300,synthetic,train
11954,synthetic,train
5759,synthetic,train
11352,synthetic,train
2723,synthetic,train
10857,synthetic,train
3960,synthetic,train
6944,synthetic,train
9436,synthetic,train
12049,synthetic,train
2048,synthetic,train
510,synthetic,train
7964,synthetic,train
6574,synthetic,train
11242,synthetic,train
3905,synthetic,train
2036,synthetic,train
452,synthetic,train
1080,synthetic,train
11812,synthetic,train
8489,synthetic,train
9476,synthetic,train
10571,synthetic,train
9150,synthetic,train
4660,synthetic,train
9375,synthetic,train
5648,synthetic,train
4426,synthetic,train
9689,synthetic,train
11485,synthetic,train
5211,synthetic,train
2947,synthetic,train
4650,synthetic,train
11999,synthetic,train
3648,synthetic,train
5187,synthetic,train
9342,synthetic,train
5812,synthetic,train
2867,synthetic,train
9641,synthetic,train
498,synthetic,train
4275,synthetic,train
11988,synthetic,train
3237,synthetic,train
8485,synthetic,train
11055,synthetic,train
9804,synthetic,train
12145,synthetic,train
5733,synthetic,train
1205,synthetic,train
9685,synthetic,train
9771,synthetic,train
5357,synthetic,train
8949,synthetic,train
6315,synthetic,train
6733,synthetic,train
9228,synthetic,train
8549,synthetic,train
3812,synthetic,train
12221,synthetic,train
3620,synthetic,train
7602,synthetic,train
10903,synthetic,train
5888,synthetic,train
2670,synthetic,train
8011,synthetic,train
6043,synthetic,train
4767,synthetic,train
10397,synthetic,train
4242,synthetic,train
8555,synthetic,train
406,synthetic,train
8471,synthetic,train
7161,synthetic,train
9124,synthetic,train
2554,synthetic,train
8544,synthetic,train
2513,synthetic,train
7438,synthetic,train
3871,synthetic,train
5613,synthetic,train
1996,synthetic,train
8601,synthetic,train
9758,synthetic,train
374,synthetic,train
12209,synthetic,train
6386,synthetic,train
8441,synthetic,train
11626,synthetic,train
10219,synthetic,train
758,synthetic,train
7341,synthetic,train
6819,synthetic,train
6638,synthetic,train
4993,synthetic,train
980,synthetic,train
7841,synthetic,train
4644,synthetic,train
10867,synthetic,train
8497,synthetic,train
5985,synthetic,train
3349,synthetic,train
9469,synthetic,train
9491,synthetic,train
744,synthetic,train
4805,synthetic,train
856,synthetic,train
11158,synthetic,train
8744,synthetic,train
9126,synthetic,train
5424,synthetic,train
11223,synthetic,train
1907,synthetic,train
4850,synthetic,train
7799,synthetic,train
10240,synthetic,train
7075,synthetic,train
2960,synthetic,train
9615,synthetic,train
1960,synthetic,train
10980,synthetic,train
5664,synthetic,train
11599,synthetic,train
3033,synthetic,train
3202,synthetic,train
7228,synthetic,train
6817,synthetic,train
8691,synthetic,train
6479,synthetic,train
2772,synthetic,train
346,synthetic,train
7853,synthetic,train
2568,synthetic,train
2937,synthetic,train
10098,synthetic,train
10074,synthetic,train
10756,synthetic,train
2854,synthetic,train
11632,synthetic,train
9973,synthetic,train
1289,synthetic,train
396,synthetic,train
7232,synthetic,train
1496,synthetic,train
7284,synthetic,train
6500,synthetic,train
8781,synthetic,train
3114,synthetic,train
4669,synthetic,train
7789,synthetic,train
1460,synthetic,train
6381,synthetic,train
4977,synthetic,train
11676,synthetic,train
7816,synthetic,train
9085,synthetic,train
826,synthetic,train
9513,synthetic,train
6193,synthetic,train
5690,synthetic,train
6128,synthetic,train
6556,synthetic,train
4187,synthetic,train
6455,synthetic,train
8719,synthetic,train
9717,synthetic,train
10847,synthetic,train
9067,synthetic,train
9825,synthetic,train
3866,synthetic,train
10946,synthetic,train
10172,synthetic,train
2590,synthetic,train
3775,synthetic,train
2447,synthetic,train
455,synthetic,train
9511,synthetic,train
8456,synthetic,train
5319,synthetic,train
1062,synthetic,train
8022,synthetic,train
5975,synthetic,train
10548,synthetic,train
2928,synthetic,train
8614,synthetic,train
6858,synthetic,train
501,synthetic,train
2328,synthetic,train
9801,synthetic,train
8532,synthetic,train
10754,synthetic,train
904,synthetic,train
11506,synthetic,train
5363,synthetic,train
5720,synthetic,train
7465,synthetic,train
1897,synthetic,train
7812,synthetic,train
380,synthetic,train
6133,synthetic,train
3241,synthetic,train
5329,synthetic,train
3334,synthetic,train
10963,synthetic,train
7556,synthetic,train
3538,synthetic,train
7391,synthetic,train
8263,synthetic,train
2395,synthetic,train
10000,synthetic,train
5230,synthetic,train
9510,synthetic,train
394,synthetic,train
4611,synthetic,train
7641,synthetic,train
7175,synthetic,train
5584,synthetic,train
8663,synthetic,train
11828,synthetic,train
12164,synthetic,train
2819,synthetic,train
8089,synthetic,train
322,synthetic,train
10318,synthetic,train
9811,synthetic,train
12198,synthetic,train
1618,synthetic,train
9050,synthetic,train
8961,synthetic,train
11588,synthetic,train
3957,synthetic,train
2727,synthetic,train
939,synthetic,train
2301,synthetic,train
1001,synthetic,train
5567,synthetic,train
6526,synthetic,train
9186,synthetic,train
3901,synthetic,train
704,synthetic,train
10038,synthetic,train
11428,synthetic,train
3518,synthetic,train
4923,synthetic,train
2133,synthetic,train
5004,synthetic,train
2856,synthetic,train
1977,synthetic,train
3172,synthetic,train
3103,synthetic,train
4287,synthetic,train
5748,synthetic,train
12042,synthetic,train
8284,synthetic,train
8046,synthetic,train
4745,synthetic,train
2816,synthetic,train
11868,synthetic,train
7124,synthetic,train
749,synthetic,train
753,synthetic,train
950,synthetic,train
10343,synthetic,train
4081,synthetic,train
862,synthetic,train
2171,synthetic,train
1274,synthetic,train
8773,synthetic,train
1129,synthetic,train
2253,synthetic,train
2694,synthetic,train
4017,synthetic,train
6907,synthetic,train
10468,synthetic,train
2626,synthetic,train
7870,synthetic,train
5543,synthetic,train
4630,synthetic,train
2946,synthetic,train
1833,synthetic,train
1621,synthetic,train
8898,synthetic,train
1786,synthetic,train
1587,synthetic,train
1889,synthetic,train
11947,synthetic,train
1811,synthetic,train
8849,synthetic,train
11883,synthetic,train
1597,synthetic,train
4161,synthetic,train
3270,synthetic,train
5301,synthetic,train
9041,synthetic,train
5299,synthetic,train
2606,synthetic,train
11393,synthetic,train
5745,synthetic,train
11712,synthetic,train
5954,synthetic,train
5379,synthetic,train
5426,synthetic,train
1394,synthetic,train
4277,synthetic,train
2684,synthetic,train
4398,synthetic,train
1119,synthetic,train
3222,synthetic,train
8349,synthetic,train
9553,synthetic,train
10526,synthetic,train
10431,synthetic,train
1624,synthetic,train
10858,synthetic,train
2039,synthetic,train
8723,synthetic,train
2361,synthetic,train
2078,synthetic,train
629,synthetic,train
5197,synthetic,train
5545,synthetic,train
9986,synthetic,train
7331,synthetic,train
2353,synthetic,train
8077,synthetic,train
2180,synthetic,train
342,synthetic,train
7591,synthetic,train
7564,synthetic,train
1076,synthetic,train
4656,synthetic,train
6384,synthetic,train
4380,synthetic,train
9819,synthetic,train
2073,synthetic,train
1531,synthetic,train
3254,synthetic,train
10218,synthetic,train
6669,synthetic,train
2902,synthetic,train
8819,synthetic,train
2565,synthetic,train
9016,synthetic,train
10312,synthetic,train
4455,synthetic,train
11590,synthetic,train
4109,synthetic,train
12073,synthetic,train
10326,synthetic,train
11745,synthetic,train
3814,synthetic,train
2455,synthetic,train
2860,synthetic,train
6423,synthetic,train
1778,synthetic,train
11977,synthetic,train
6569,synthetic,train
6015,synthetic,train
5893,synthetic,train
11420,synthetic,train
7422,synthetic,train
9332,synthetic,train
9099,synthetic,train
2248,synthetic,train
7997,synthetic,train
777,synthetic,train
6420,synthetic,train
9266,synthetic,train
11146,synthetic,train
9944,synthetic,train
8952,synthetic,train
4716,synthetic,train
3021,synthetic,train
6741,synthetic,train
6171,synthetic,train
11084,synthetic,train
6807,synthetic,train
5115,synthetic,train
7904,synthetic,train
10886,synthetic,train
6618,synthetic,train
2698,synthetic,train
4025,synthetic,train
6692,synthetic,train
8106,synthetic,train
8820,synthetic,train
11018,synthetic,train
6600,synthetic,train
5081,synthetic,train
278,synthetic,train
3820,synthetic,train
4211,synthetic,train
309,synthetic,train
12135,synthetic,train
1147,synthetic,train
6521,synthetic,train
7496,synthetic,train
7249,synthetic,train
6303,synthetic,train
3428,synthetic,train
3209,synthetic,train
1684,synthetic,train
399,synthetic,train
3457,synthetic,train
5391,synthetic,train
372,synthetic,train
8420,synthetic,train
10667,synthetic,train
4819,synthetic,train
4855,synthetic,train
4950,synthetic,train
8211,synthetic,train
3537,synthetic,train
4328,synthetic,train
4668,synthetic,train
8785,synthetic,train
10554,synthetic,train
711,synthetic,train
7522,synthetic,train
3991,synthetic,train
7516,synthetic,train
10993,synthetic,train
5246,synthetic,train
3923,synthetic,train
3023,synthetic,train
9132,synthetic,train
2115,synthetic,train
1259,synthetic,train
649,synthetic,train
6686,synthetic,train
1736,synthetic,train
2500,synthetic,train
11338,synthetic,train
8372,synthetic,train
1252,synthetic,train
7292,synthetic,train
5257,synthetic,train
4182,synthetic,train
3232,synthetic,train
7131,synthetic,train
9330,synthetic,train
5029,synthetic,train
1553,synthetic,train
4433,synthetic,train
2795,synthetic,train
11209,synthetic,train
2167,synthetic,train
10207,synthetic,train
11647,synthetic,train
6293,synthetic,train
7879,synthetic,train
1411,synthetic,train
1827,synthetic,train
3431,synthetic,train
7366,synthetic,train
4420,synthetic,train
4547,synthetic,train
2490,synthetic,train
434,synthetic,train
2163,synthetic,train
9084,synthetic,train
3668,synthetic,train
1798,synthetic,train
2552,synthetic,train
1623,synthetic,train
4617,synthetic,train
5520,synthetic,train
9233,synthetic,train
9381,synthetic,train
940,synthetic,train
9753,synthetic,train
3924,synthetic,train
1921,synthetic,train
768,synthetic,train
426,synthetic,train
10201,synthetic,train
10266,synthetic,train
7625,synthetic,train
2174,synthetic,train
7523,synthetic,train
11819,synthetic,train
11956,synthetic,train
7621,synthetic,train
1364,synthetic,train
9676,synthetic,train
5570,synthetic,train
10586,synthetic,train
6014,synthetic,train
412,synthetic,train
9798,synthetic,train
5939,synthetic,train
11213,synthetic,train
3811,synthetic,train
3982,synthetic,train
4798,synthetic,train
9209,synthetic,train
2251,synthetic,train
10820,synthetic,train
5401,synthetic,train
4071,synthetic,train
10699,synthetic,train
3710,synthetic,train
4851,synthetic,train
7612,synthetic,train
465,synthetic,train
6940,synthetic,train
3009,synthetic,train
2109,synthetic,train
11128,synthetic,train
3500,synthetic,train
9796,synthetic,train
3369,synthetic,train
6194,synthetic,train
6070,synthetic,train
5894,synthetic,train
4567,synthetic,train
3416,synthetic,train
6794,synthetic,train
10680,synthetic,train
11354,synthetic,train
4092,synthetic,train
10706,synthetic,train
5036,synthetic,train
8257,synthetic,train
4536,synthetic,train
8794,synthetic,train
11772,synthetic,train
538,synthetic,train
7031,synthetic,train
7675,synthetic,train
3512,synthetic,train
8841,synthetic,train
11535,synthetic,train
549,synthetic,train
3335,synthetic,train
8946,synthetic,train
8766,synthetic,train
530,synthetic,train
4830,synthetic,train
10783,synthetic,train
6956,synthetic,train
4576,synthetic,train
3440,synthetic,train
1682,synthetic,train
8535,synthetic,train
9741,synthetic,train
4817,synthetic,train
8072,synthetic,train
6557,synthetic,train
9059,synthetic,train
11891,synthetic,train
1392,synthetic,train
6502,synthetic,train
9376,synthetic,train
11494,synthetic,train
7683,synthetic,train
9008,synthetic,train
8914,synthetic,train
5780,synthetic,train
10696,synthetic,train
11910,synthetic,train
4046,synthetic,train
9199,synthetic,train
8605,synthetic,train
2421,synthetic,train
3268,synthetic,train
1365,synthetic,train
9128,synthetic,train
952,synthetic,train
5216,synthetic,train
8567,synthetic,train
4629,synthetic,train
3025,synthetic,train
4189,synthetic,train
9430,synthetic,train
12046,synthetic,train
8038,synthetic,train
888,synthetic,train
2711,synthetic,train
4084,synthetic,train
11024,synthetic,train
4003,synthetic,train
2436,synthetic,train
6949,synthetic,train
3578,synthetic,train
8978,synthetic,train
7692,synthetic,train
3047,synthetic,train
1456,synthetic,train
1936,synthetic,train
4207,synthetic,train
7878,synthetic,train
4704,synthetic,train
5982,synthetic,train
10424,synthetic,train
2629,synthetic,train
5227,synthetic,train
2477,synthetic,train
8408,synthetic,train
3586,synthetic,train
10488,synthetic,train
3843,synthetic,train
11985,synthetic,train
12047,synthetic,train
3879,synthetic,train
6477,synthetic,train
2728,synthetic,train
8537,synthetic,train
11114,synthetic,train
6233,synthetic,train
3927,synthetic,train
5418,synthetic,train
7854,synthetic,train
7236,synthetic,train
3683,synthetic,train
8459,synthetic,train
2669,synthetic,train
3472,synthetic,train
5626,synthetic,train
9200,synthetic,train
6853,synthetic,train
3155,synthetic,train
10753,synthetic,train
11307,synthetic,train
3902,synthetic,train
9116,synthetic,train
10324,synthetic,train
11884,synthetic,train
12194,synthetic,train
12146,synthetic,train
5711,synthetic,train
7420,synthetic,train
8126,synthetic,train
3003,synthetic,train
5218,synthetic,train
6734,synthetic,train
8148,synthetic,train
752,synthetic,train
1376,synthetic,train
5897,synthetic,train
10790,synthetic,train
12102,synthetic,train
9160,synthetic,train
10582,synthetic,train
6849,synthetic,train
11132,synthetic,train
7817,synthetic,train
9862,synthetic,train
5501,synthetic,train
11343,synthetic,train
3043,synthetic,train
9105,synthetic,train
1956,synthetic,train
5945,synthetic,train
2555,synthetic,train
6199,synthetic,train
8023,synthetic,train
3573,synthetic,train
5041,synthetic,train
8610,synthetic,train
9211,synthetic,train
7865,synthetic,train
475,synthetic,train
6967,synthetic,train
10147,synthetic,train
11211,synthetic,train
3743,synthetic,train
7266,synthetic,train
5362,synthetic,train
6859,synthetic,train
4024,synthetic,train
6670,synthetic,train
9367,synthetic,train
285,synthetic,train
7919,synthetic,train
11704,synthetic,train
11296,synthetic,train
10594,synthetic,train
6943,synthetic,train
10129,synthetic,train
9535,synthetic,train
11835,synthetic,train
10198,synthetic,train
1362,synthetic,train
3536,synthetic,train
5605,synthetic,train
11139,synthetic,train
8646,synthetic,train
8982,synthetic,train
12250,synthetic,train
2467,synthetic,train
4812,synthetic,train
4662,synthetic,train
7655,synthetic,train
3978,synthetic,train
1232,synthetic,train
4839,synthetic,train
6776,synthetic,train
979,synthetic,train
6415,synthetic,train
11574,synthetic,train
3063,synthetic,train
2826,synthetic,train
4285,synthetic,train
6458,synthetic,train
8484,synthetic,train
10853,synthetic,train
4323,synthetic,train
3052,synthetic,train
2482,synthetic,train
6078,synthetic,train
4126,synthetic,train
8954,synthetic,train
10649,synthetic,train
3487,synthetic,train
4474,synthetic,train
4183,synthetic,train
9231,synthetic,train
1661,synthetic,train
7963,synthetic,train
5239,synthetic,train
3513,synthetic,train
10607,synthetic,train
2921,synthetic,train
2418,synthetic,train
8838,synthetic,train
8348,synthetic,train
934,synthetic,train
9400,synthetic,train
7271,synthetic,train
9087,synthetic,train
4101,synthetic,train
2075,synthetic,train
10247,synthetic,train
12063,synthetic,train
2360,synthetic,train
10826,synthetic,train
6968,synthetic,train
1933,synthetic,train
4473,synthetic,train
8999,synthetic,train
1808,synthetic,train
8947,synthetic,train
8807,synthetic,train
5444,synthetic,train
1721,synthetic,train
11912,synthetic,train
3480,synthetic,train
11243,synthetic,train
7430,synthetic,train
7690,synthetic,train
2011,synthetic,train
4236,synthetic,train
8613,synthetic,train
2032,synthetic,train
2276,synthetic,train
2265,synthetic,train
4153,synthetic,train
3497,synthetic,train
4684,synthetic,train
8848,synthetic,train
2517,synthetic,train
4332,synthetic,train
5834,synthetic,train
11664,synthetic,train
5615,synthetic,train
8678,synthetic,train
6353,synthetic,train
8195,synthetic,train
9983,synthetic,train
1779,synthetic,train
10073,synthetic,train
1638,synthetic,train
5932,synthetic,train
2847,synthetic,train
11974,synthetic,train
5881,synthetic,train
9743,synthetic,train
10145,synthetic,train
6102,synthetic,train
7382,synthetic,train
6092,synthetic,train
5148,synthetic,train
6164,synthetic,train
782,synthetic,train
8303,synthetic,train
3867,synthetic,train
494,synthetic,train
4056,synthetic,train
6578,synthetic,train
7354,synthetic,train
2208,synthetic,train
6621,synthetic,train
11536,synthetic,train
6351,synthetic,train
11154,synthetic,train
2484,synthetic,train
5831,synthetic,train
4783,synthetic,train
6053,synthetic,train
10797,synthetic,train
5998,synthetic,train
2884,synthetic,train
4988,synthetic,train
8078,synthetic,train
12155,synthetic,train
11193,synthetic,train
10423,synthetic,train
2697,synthetic,train
6316,synthetic,train
6612,synthetic,train
3427,synthetic,train
2069,synthetic,train
9978,synthetic,train
7421,synthetic,train
5346,synthetic,train
9933,synthetic,train
7276,synthetic,train
9628,synthetic,train
5205,synthetic,train
6306,synthetic,train
11364,synthetic,train
7179,synthetic,train
5850,synthetic,train
7486,synthetic,train
1488,synthetic,train
9517,synthetic,train
7106,synthetic,train
8504,synthetic,train
6815,synthetic,train
419,synthetic,train
1849,synthetic,train
12066,synthetic,train
11637,synthetic,train
11616,synthetic,train
11453,synthetic,train
6947,synthetic,train
11466,synthetic,train
9310,synthetic,train
7740,synthetic,train
11367,synthetic,train
1816,synthetic,train
3088,synthetic,train
696,synthetic,train
6049,synthetic,train
11299,synthetic,train
1848,synthetic,train
7658,synthetic,train
3040,synthetic,train
11029,synthetic,train
5946,synthetic,train
4225,synthetic,train
4987,synthetic,train
1498,synthetic,train
3211,synthetic,train
11227,synthetic,train
9546,synthetic,train
1757,synthetic,train
6725,synthetic,train
7615,synthetic,train
8083,synthetic,train
7807,synthetic,train
8173,synthetic,train
11311,synthetic,train
5445,synthetic,train
5907,synthetic,train
11529,synthetic,train
5502,synthetic,train
2390,synthetic,train
2352,synthetic,train
5669,synthetic,train
447,synthetic,train
8198,synthetic,train
3915,synthetic,train
3686,synthetic,train
9475,synthetic,train
1641,synthetic,train
9643,synthetic,train
8865,synthetic,train
7687,synthetic,train
5297,synthetic,train
5157,synthetic,train
3435,synthetic,train
9838,synthetic,train
8708,synthetic,train
12136,synthetic,train
11421,synthetic,train
2495,synthetic,train
8328,synthetic,train
4496,synthetic,train
9176,synthetic,train
10203,synthetic,train
284,synthetic,train
3623,synthetic,train
1348,synthetic,train
8993,synthetic,train
11238,synthetic,train
3101,synthetic,train
7797,synthetic,train
7730,synthetic,train
11436,synthetic,train
4412,synthetic,train
955,synthetic,train
11265,synthetic,train
6597,synthetic,train
1487,synthetic,train
2259,synthetic,train
536,synthetic,train
6189,synthetic,train
3213,synthetic,train
3897,synthetic,train
4166,synthetic,train
5038,synthetic,train
6105,synthetic,train
11895,synthetic,train
4377,synthetic,train
1397,synthetic,train
3027,synthetic,train
8442,synthetic,train
9792,synthetic,train
7921,synthetic,train
9195,synthetic,train
2750,synthetic,train
11874,synthetic,train
8002,synthetic,train
4195,synthetic,train
2644,synthetic,train
8276,synthetic,train
7344,synthetic,train
375,synthetic,train
2123,synthetic,train
3379,synthetic,train
4518,synthetic,train
11331,synthetic,train
3079,synthetic,train
9421,synthetic,train
9285,synthetic,train
11155,synthetic,train
4959,synthetic,train
4062,synthetic,train
6328,synthetic,train
3796,synthetic,train
4085,synthetic,train
6902,synthetic,train
10625,synthetic,train
2206,synthetic,train
10729,synthetic,train
9431,synthetic,train
10263,synthetic,train
7529,synthetic,train
9637,synthetic,train
8189,synthetic,train
7426,synthetic,train
7223,synthetic,train
6127,synthetic,train
5021,synthetic,train
1142,synthetic,train
817,synthetic,train
9997,synthetic,train
1467,synthetic,train
7944,synthetic,train
9545,synthetic,train
6798,synthetic,train
3471,synthetic,train
3890,synthetic,train
1968,synthetic,train
8718,synthetic,train
1400,synthetic,train
3422,synthetic,train
6467,synthetic,train
3990,synthetic,train
2920,synthetic,train
9108,synthetic,train
1567,synthetic,train
2827,synthetic,train
3094,synthetic,train
11742,synthetic,train
2411,synthetic,train
9635,synthetic,train
4095,synthetic,train
11892,synthetic,train
9471,synthetic,train
10119,synthetic,train
5264,synthetic,train
6886,synthetic,train
1887,synthetic,train
9869,synthetic,train
12027,synthetic,train
618,synthetic,train
398,synthetic,train
8751,synthetic,train
642,synthetic,train
12118,synthetic,train
5117,synthetic,train
11405,synthetic,train
1699,synthetic,train
1206,synthetic,train
5758,synthetic,train
5176,synthetic,train
8816,synthetic,train
2192,synthetic,train
2612,synthetic,train
3496,synthetic,train
10189,synthetic,train
4067,synthetic,train
2196,synthetic,train
11920,synthetic,train
4414,synthetic,train
2676,synthetic,train
9458,synthetic,train
6399,synthetic,train
1045,synthetic,train
7049,synthetic,train
8296,synthetic,train
8575,synthetic,train
11609,synthetic,train
5928,synthetic,train
2432,synthetic,train
2429,synthetic,train
6888,synthetic,train
4269,synthetic,train
4600,synthetic,train
1170,synthetic,train
6528,synthetic,train
2569,synthetic,train
6851,synthetic,train
4718,synthetic,train
7857,synthetic,train
9739,synthetic,train
11454,synthetic,train
4912,synthetic,train
6478,synthetic,train
702,synthetic,train
3675,synthetic,train
10747,synthetic,train
9470,synthetic,train
9677,synthetic,train
6004,synthetic,train
1314,synthetic,train
3959,synthetic,train
1189,synthetic,train
6728,synthetic,train
9027,synthetic,train
2089,synthetic,train
9552,synthetic,train
10150,synthetic,train
2271,synthetic,train
1173,synthetic,train
7871,synthetic,train
11672,synthetic,train
9514,synthetic,train
2866,synthetic,train
5188,synthetic,train
6824,synthetic,train
10032,synthetic,train
266,synthetic,train
8095,synthetic,train
6843,synthetic,train
3621,synthetic,train
9630,synthetic,train
1895,synthetic,train
1401,synthetic,train
619,synthetic,train
2330,synthetic,train
3394,synthetic,train
5420,synthetic,train
7250,synthetic,train
3503,synthetic,train
2502,synthetic,train
1734,synthetic,train
10556,synthetic,train
3519,synthetic,train
4280,synthetic,train
10852,synthetic,train
8826,synthetic,train
3760,synthetic,train
2918,synthetic,train
10391,synthetic,train
1390,synthetic,train
2079,synthetic,train
7721,synthetic,train
9686,synthetic,train
9653,synthetic,train
10061,synthetic,train
7324,synthetic,train
4578,synthetic,train
4929,synthetic,train
5736,synthetic,train
12061,synthetic,train
11274,synthetic,train
2116,synthetic,train
2542,synthetic,train
10692,synthetic,train
4268,synthetic,train
6661,synthetic,train
12168,synthetic,train
11379,synthetic,train
646,synthetic,train
1888,synthetic,train
10365,synthetic,train
11442,synthetic,train
7978,synthetic,train
9490,synthetic,train
12220,synthetic,train
2102,synthetic,train
2757,synthetic,train
461,synthetic,train
9902,synthetic,train
4128,synthetic,train
5314,synthetic,train
6149,synthetic,train
2962,synthetic,train
8182,synthetic,train
591,synthetic,train
4068,synthetic,train
1195,synthetic,train
2034,synthetic,train
9718,synthetic,train
8871,synthetic,train
11228,synthetic,train
1249,synthetic,train
5703,synthetic,train
10596,synthetic,train
7253,synthetic,train
10877,synthetic,train
6066,synthetic,train
10742,synthetic,train
10698,synthetic,train
6834,synthetic,train
3312,synthetic,train
10620,synthetic,train
8625,synthetic,train
4875,synthetic,train
3581,synthetic,train
9389,synthetic,train
6506,synthetic,train
6308,synthetic,train
3571,synthetic,train
9609,synthetic,train
11510,synthetic,train
8470,synthetic,train
3888,synthetic,train
10889,synthetic,train
1616,synthetic,train
5262,synthetic,train
11889,synthetic,train
6083,synthetic,train
11659,synthetic,train
5930,synthetic,train
3372,synthetic,train
442,synthetic,train
10884,synthetic,train
1115,synthetic,train
10950,synthetic,train
5172,synthetic,train
10500,synthetic,train
2060,synthetic,train
11359,synthetic,train
5742,synthetic,train
10259,synthetic,train
2228,synthetic,train
10252,synthetic,train
10039,synthetic,train
4957,synthetic,train
5247,synthetic,train
4910,synthetic,train
1419,synthetic,train
9564,synthetic,train
1585,synthetic,train
9710,synthetic,train
5056,synthetic,train
7056,synthetic,train
6068,synthetic,train
12099,synthetic,train
1715,synthetic,train
5670,synthetic,train
8593,synthetic,train
3060,synthetic,train
7876,synthetic,train
10990,synthetic,train
8075,synthetic,train
4638,synthetic,train
9181,synthetic,train
9813,synthetic,train
6976,synthetic,train
3996,synthetic,train
2521,synthetic,train
7689,synthetic,train
4265,synthetic,train
2654,synthetic,train
1445,synthetic,train
2267,synthetic,train
453,synthetic,train
9030,synthetic,train
5785,synthetic,train
1031,synthetic,train
1738,synthetic,train
2106,synthetic,train
4000,synthetic,train
8246,synthetic,train
665,synthetic,train
11702,synthetic,train
10512,synthetic,train
6577,synthetic,train
6841,synthetic,train
1707,synthetic,train
602,synthetic,train
7728,synthetic,train
987,synthetic,train
4837,synthetic,train
3776,synthetic,train
10923,synthetic,train
9942,synthetic,train
7416,synthetic,train
8111,synthetic,train
1608,synthetic,train
920,synthetic,train
1752,synthetic,train
10484,synthetic,train
5414,synthetic,train
12076,synthetic,train
2784,synthetic,train
9512,synthetic,train
10418,synthetic,train
5634,synthetic,train
3458,synthetic,train
5977,synthetic,train
9409,synthetic,train
11170,synthetic,train
10126,synthetic,train
8519,synthetic,train
9911,synthetic,train
300,synthetic,train
10860,synthetic,train
7076,synthetic,train
9492,synthetic,train
10054,synthetic,train
2983,synthetic,train
12203,synthetic,train
10543,synthetic,train
11940,synthetic,train
7415,synthetic,train
9488,synthetic,train
11321,synthetic,train
7490,synthetic,train
5335,synthetic,train
8140,synthetic,train
5654,synthetic,train
10514,synthetic,train
8049,synthetic,train
11461,synthetic,train
4348,synthetic,train
2227,synthetic,train
11038,synthetic,train
10819,synthetic,train
11767,synthetic,train
7259,synthetic,train
683,synthetic,train
11375,synthetic,train
11662,synthetic,train
10545,synthetic,train
6402,synthetic,train
5921,synthetic,train
9291,synthetic,train
4856,synthetic,train
2919,synthetic,train
401,synthetic,train
2857,synthetic,train
6961,synthetic,train
1637,synthetic,train
3934,synthetic,train
12133,synthetic,train
6622,synthetic,train
11491,synthetic,train
5001,synthetic,train
1398,synthetic,train
7634,synthetic,train
2047,synthetic,train
9899,synthetic,train
4906,synthetic,train
7828,synthetic,train
719,synthetic,train
6375,synthetic,train
8439,synthetic,train
1208,synthetic,train
6630,synthetic,train
4888,synthetic,train
7618,synthetic,train
6185,synthetic,train
6300,synthetic,train
701,synthetic,train
6919,synthetic,train
9091,synthetic,train
9306,synthetic,train
4090,synthetic,train
11530,synthetic,train
6404,synthetic,train
11110,synthetic,train
6604,synthetic,train
2218,synthetic,train
415,synthetic,train
9827,synthetic,train
4838,synthetic,train
1349,synthetic,train
6309,synthetic,train
11240,synthetic,train
9382,synthetic,train
8210,synthetic,train
1934,synthetic,train
7023,synthetic,train
10311,synthetic,train
6676,synthetic,train
11731,synthetic,train
2586,synthetic,train
7356,synthetic,train
10558,synthetic,train
9711,synthetic,train
6710,synthetic,train
1975,synthetic,train
9432,synthetic,train
8641,synthetic,train
4091,synthetic,train
6559,synthetic,train
3608,synthetic,train
11677,synthetic,train
9437,synthetic,train
847,synthetic,train
11681,synthetic,train
3250,synthetic,train
11639,synthetic,train
9751,synthetic,train
10899,synthetic,train
524,synthetic,train
9773,synthetic,train
7048,synthetic,train
10467,synthetic,train
4124,synthetic,train
6534,synthetic,train
12019,synthetic,train
3971,synthetic,train
8698,synthetic,train
1789,synthetic,train
10106,synthetic,train
1183,synthetic,train
9696,synthetic,train
7589,synthetic,train
4624,synthetic,train
929,synthetic,train
3864,synthetic,train
5368,synthetic,train
11059,synthetic,train
5508,synthetic,train
7443,synthetic,train
2851,synthetic,train
6166,synthetic,train
6769,synthetic,train
7393,synthetic,train
2567,synthetic,train
9064,synthetic,train
3950,synthetic,train
947,synthetic,train
872,synthetic,train
7427,synthetic,train
9746,synthetic,train
3460,synthetic,train
6889,synthetic,train
4395,synthetic,train
2158,synthetic,train
542,synthetic,train
518,synthetic,train
11566,synthetic,train
5203,synthetic,train
3082,synthetic,train
3785,synthetic,train
11847,synthetic,train
5483,synthetic,train
2545,synthetic,train
6323,synthetic,train
8338,synthetic,train
4914,synthetic,train
5260,synthetic,train
6970,synthetic,train
11447,synthetic,train
8936,synthetic,train
5676,synthetic,train
735,synthetic,train
2815,synthetic,train
8347,synthetic,train
267,synthetic,train
6671,synthetic,train
11249,synthetic,train
10949,synthetic,train
5806,synthetic,train
2686,synthetic,train
7004,synthetic,train
11810,synthetic,train
2534,synthetic,train
9463,synthetic,train
1837,synthetic,train
7524,synthetic,train
9519,synthetic,train
4230,synthetic,train
6139,synthetic,train
10360,synthetic,train
12045,synthetic,train
7453,synthetic,train
4127,synthetic,train
11931,synthetic,train
7083,synthetic,train
7808,synthetic,train
1041,synthetic,train
2009,synthetic,train
6779,synthetic,train
6034,synthetic,train
9543,synthetic,train
2584,synthetic,train
5315,synthetic,train
11072,synthetic,train
1987,synthetic,train
870,synthetic,train
4926,synthetic,train
5673,synthetic,train
8363,synthetic,train
8434,synthetic,train
8795,synthetic,train
4010,synthetic,train
357,synthetic,train
7245,synthetic,train
3397,synthetic,train
1797,synthetic,train
3908,synthetic,train
1777,synthetic,train
11478,synthetic,train
4884,synthetic,train
6826,synthetic,train
2350,synthetic,train
7357,synthetic,train
6431,synthetic,train
7781,synthetic,train
832,synthetic,train
11135,synthetic,train
3322,synthetic,train
857,synthetic,train
6893,synthetic,train
11760,synthetic,train
8135,synthetic,train
7605,synthetic,train
6564,synthetic,train
9898,synthetic,train
11585,synthetic,train
6236,synthetic,train
8822,synthetic,train
2198,synthetic,train
8360,synthetic,train
2013,synthetic,train
3930,synthetic,train
9904,synthetic,train
2621,synthetic,train
4520,synthetic,train
5692,synthetic,train
6545,synthetic,train
9720,synthetic,train
11614,synthetic,train
9674,synthetic,train
10520,synthetic,train
10206,synthetic,train
5851,synthetic,train
1431,synthetic,train
8187,synthetic,train
9921,synthetic,train
11479,synthetic,train
11691,synthetic,train
11248,synthetic,train
1134,synthetic,train
2557,synthetic,train
11419,synthetic,train
2903,synthetic,train
5607,synthetic,train
9292,synthetic,train
12178,synthetic,train
841,synthetic,train
464,synthetic,train
8156,synthetic,train
2274,synthetic,train
1165,synthetic,train
891,synthetic,train
8721,synthetic,train
11241,synthetic,train
2234,synthetic,train
422,synthetic,train
5258,synthetic,train
4973,synthetic,train
9327,synthetic,train
1691,synthetic,train
7128,synthetic,train
11217,synthetic,train
7970,synthetic,train
7996,synthetic,train
4543,synthetic,train
7791,synthetic,train
9818,synthetic,train
3644,synthetic,train
11734,synthetic,train
10010,synthetic,train
10260,synthetic,train
7722,synthetic,train
3591,synthetic,train
6664,synthetic,train
9155,synthetic,train
2356,synthetic,train
10334,synthetic,train
8259,synthetic,train
5277,synthetic,train
8998,synthetic,train
1709,synthetic,train
7160,synthetic,train
2870,synthetic,train
2160,synthetic,train
8446,synthetic,train
4180,synthetic,train
3017,synthetic,train
6657,synthetic,train
11036,synthetic,train
2357,synthetic,train
8589,synthetic,train
11597,synthetic,train
5884,synthetic,train
9288,synthetic,train
3731,synthetic,train
8526,synthetic,train
2431,synthetic,train
11332,synthetic,train
11273,synthetic,train
8850,synthetic,train
2270,synthetic,train
12005,synthetic,train
1543,synthetic,train
11779,synthetic,train
1279,synthetic,train
8927,synthetic,train
3070,synthetic,train
11295,synthetic,train
1911,synthetic,train
11795,synthetic,train
1429,synthetic,train
9658,synthetic,train
6516,synthetic,train
5729,synthetic,train
10733,synthetic,train
1127,synthetic,train
5353,synthetic,train
5693,synthetic,train
801,synthetic,train
9584,synthetic,train
12062,synthetic,train
6614,synthetic,train
11458,synthetic,train
3650,synthetic,train
9908,synthetic,train
12177,synthetic,train
4219,synthetic,train
6903,synthetic,train
7101,synthetic,train
10199,synthetic,train
3846,synthetic,train
9951,synthetic,train
2823,synthetic,train
5296,synthetic,train
1340,synthetic,train
6151,synthetic,train
5226,synthetic,train
2283,synthetic,train
11035,synthetic,train
8169,synthetic,train
10723,synthetic,train
7581,synthetic,train
486,synthetic,train
1273,synthetic,train
2189,synthetic,train
10317,synthetic,train
5511,synthetic,train
2439,synthetic,train
957,synthetic,train
1384,synthetic,train
7638,synthetic,train
10099,synthetic,train
5370,synthetic,train
8162,synthetic,train
2038,synthetic,train
9831,synthetic,train
2894,synthetic,train
7804,synthetic,train
7864,synthetic,train
3749,synthetic,train
1297,synthetic,train
10066,synthetic,train
8765,synthetic,train
2909,synthetic,train
3239,synthetic,train
2807,synthetic,train
5392,synthetic,train
2419,synthetic,train
9374,synthetic,train
6705,synthetic,train
4227,synthetic,train
1688,synthetic,train
10351,synthetic,train
2780,synthetic,train
8293,synthetic,train
11293,synthetic,train
12103,synthetic,train
708,synthetic,train
10432,synthetic,train
9736,synthetic,train
6255,synthetic,train
11957,synthetic,train
3987,synthetic,train
7613,synthetic,train
8813,synthetic,train
6539,synthetic,train
10979,synthetic,train
7555,synthetic,train
9756,synthetic,train
6511,synthetic,train
6186,synthetic,train
2720,synthetic,train
282,synthetic,train
2326,synthetic,train
1913,synthetic,train
9154,synthetic,train
8966,synthetic,train
1636,synthetic,train
1984,synthetic,train
4014,synthetic,train
8912,synthetic,train
4443,synthetic,train
4342,synthetic,train
8734,synthetic,train
6839,synthetic,train
4818,synthetic,train
3797,synthetic,train
7263,synthetic,train
11621,synthetic,train
10128,synthetic,train
9049,synthetic,train
906,synthetic,train
6641,synthetic,train
7787,synthetic,train
11894,synthetic,train
7425,synthetic,train
10398,synthetic,train
7957,synthetic,train
11545,synthetic,train
5135,synthetic,train
10562,synthetic,train
5601,synthetic,train
7291,synthetic,train
2420,synthetic,train
945,synthetic,train
2721,synthetic,train
7388,synthetic,train
6527,synthetic,train
5201,synthetic,train
6206,synthetic,train
4843,synthetic,train
6044,synthetic,train
7829,synthetic,train
10474,synthetic,train
781,synthetic,train
8974,synthetic,train
10970,synthetic,train
4243,synthetic,train
11730,synthetic,train
1040,synthetic,train
10115,synthetic,train
5867,synthetic,train
6238,synthetic,train
9103,synthetic,train
4007,synthetic,train
2456,synthetic,train
8821,synthetic,train
12119,synthetic,train
4545,synthetic,train
8829,synthetic,train
7239,synthetic,train
2087,synthetic,train
9414,synthetic,train
11866,synthetic,train
2636,synthetic,train
8811,synthetic,train
4099,synthetic,train
1506,synthetic,train
7764,synthetic,train
6771,synthetic,train
5699,synthetic,train
11346,synthetic,train
9224,synthetic,train
11921,synthetic,train
5770,synthetic,train
5590,synthetic,train
4791,synthetic,train
625,synthetic,train
12237,synthetic,train
407,synthetic,train
1928,synthetic,train
10868,synthetic,train
7910,synthetic,train
8859,synthetic,train
8048,synthetic,train
3716,synthetic,train
3531,synthetic,train
5200,synthetic,train
9483,synthetic,train
6490,synthetic,train
10939,synthetic,train
9988,synthetic,train
9307,synthetic,train
4186,synthetic,train
10505,synthetic,train
8340,synthetic,train
338,synthetic,train
7348,synthetic,train
2507,synthetic,train
10156,synthetic,train
12193,synthetic,train
10195,synthetic,train
7711,synthetic,train
9240,synthetic,train
2539,synthetic,train
8383,synthetic,train
4157,synthetic,train
9925,synthetic,train
7437,synthetic,train
9572,synthetic,train
11603,synthetic,train
3891,synthetic,train
10599,synthetic,train
6532,synthetic,train
8876,synthetic,train
652,synthetic,train
3451,synthetic,train
276,synthetic,train
4460,synthetic,train
2932,synthetic,train
6424,synthetic,train
3753,synthetic,train
7654,synthetic,train
5099,synthetic,train
853,synthetic,train
11432,synthetic,train
8997,synthetic,train
6087,synthetic,train
8221,synthetic,train
6147,synthetic,train
2615,synthetic,train
6296,synthetic,train
5058,synthetic,train
10629,synthetic,train
4852,synthetic,train
8916,synthetic,train
423,synthetic,train
11370,synthetic,train
11578,synthetic,train
11989,synthetic,train
7640,synthetic,train
12205,synthetic,train
6616,synthetic,train
9352,synthetic,train
5802,synthetic,train
6267,synthetic,train
8253,synthetic,train
7898,synthetic,train
7053,synthetic,train
8018,synthetic,train
5097,synthetic,train
2553,synthetic,train
6808,synthetic,train
8158,synthetic,train
4741,synthetic,train
3976,synthetic,train
6400,synthetic,train
1809,synthetic,train
2304,synthetic,train
1027,synthetic,train
5953,synthetic,train
8130,synthetic,train
8117,synthetic,train
3562,synthetic,train
4777,synthetic,train
11140,synthetic,train
11011,synthetic,train
3552,synthetic,train
9271,synthetic,train
1663,synthetic,train
1642,synthetic,train
7188,synthetic,train
5931,synthetic,train
1898,synthetic,train
12012,synthetic,train
7167,synthetic,train
8851,synthetic,train
6666,synthetic,train
9334,synthetic,train
1439,synthetic,train
5708,synthetic,train
5338,synthetic,train
8908,synthetic,train
5435,synthetic,train
949,synthetic,train
10879,synthetic,train
6785,synthetic,train
12041,synthetic,train
6748,synthetic,train
7414,synthetic,train
10992,synthetic,train
6870,synthetic,train
10530,synthetic,train
4609,synthetic,train
2144,synthetic,train
10622,synthetic,train
2754,synthetic,train
6207,synthetic,train
3296,synthetic,train
6037,synthetic,train
1105,synthetic,train
8994,synthetic,train
8227,synthetic,train
11281,synthetic,train
7600,synthetic,train
11058,synthetic,train
10190,synthetic,train
7397,synthetic,train
3224,synthetic,train
2789,synthetic,train
6032,synthetic,train
1308,synthetic,train
7305,synthetic,train
2220,synthetic,train
2790,synthetic,train
8689,synthetic,train
5177,synthetic,train
9585,synthetic,train
6161,synthetic,train
8546,synthetic,train
4519,synthetic,train
10538,synthetic,train
5916,synthetic,train
6357,synthetic,train
6167,synthetic,train
7633,synthetic,train
3238,synthetic,train
10888,synthetic,train
11416,synthetic,train
6981,synthetic,train
8102,synthetic,train
8524,synthetic,train
10781,synthetic,train
3398,synthetic,train
8585,synthetic,train
12172,synthetic,train
2086,synthetic,train
5808,synthetic,train
9045,synthetic,train
820,synthetic,train
10825,synthetic,train
8695,synthetic,train
5695,synthetic,train
4697,synthetic,train
8857,synthetic,train
1702,synthetic,train
8713,synthetic,train
4666,synthetic,train
11695,synthetic,train
1949,synthetic,train
12101,synthetic,train
11043,synthetic,train
6222,synthetic,train
2756,synthetic,train
10079,synthetic,train
600,synthetic,train
2668,synthetic,train
10273,synthetic,train
6042,synthetic,train
4836,synthetic,train
3985,synthetic,train
3045,synthetic,train
9975,synthetic,train
1272,synthetic,train
5540,synthetic,train
5155,synthetic,train
7381,synthetic,train
6809,synthetic,train
4297,synthetic,train
408,synthetic,train
545,synthetic,train
11842,synthetic,train
8815,synthetic,train
10338,synthetic,train
9992,synthetic,train
7030,synthetic,train
4703,synthetic,train
7706,synthetic,train
496,synthetic,train
12092,synthetic,train
7383,synthetic,train
11650,synthetic,train
3343,synthetic,train
892,synthetic,train
7073,synthetic,train
2753,synthetic,train
2925,synthetic,train
10611,synthetic,train
10506,synthetic,train
10354,synthetic,train
10413,synthetic,train
4471,synthetic,train
9946,synthetic,train
4134,synthetic,train
9684,synthetic,train
3077,synthetic,train
10162,synthetic,train
12034,synthetic,train
11028,synthetic,train
7686,synthetic,train
10572,synthetic,train
10416,synthetic,train
11297,synthetic,train
10037,synthetic,train
1995,synthetic,train
7657,synthetic,train
4515,synthetic,train
10187,synthetic,train
2735,synthetic,train
12238,synthetic,train
3973,synthetic,train
11025,synthetic,train
2064,synthetic,train
967,synthetic,train
11286,synthetic,train
5449,synthetic,train
5732,synthetic,train
332,synthetic,train
8103,synthetic,train
5361,synthetic,train
7024,synthetic,train
9642,synthetic,train
1385,synthetic,train
1501,synthetic,train
10186,synthetic,train
2609,synthetic,train
6862,synthetic,train
7040,synthetic,train
10029,synthetic,train
4618,synthetic,train
1603,synthetic,train
12243,synthetic,train
10674,synthetic,train
11751,synthetic,train
8892,synthetic,train
6912,synthetic,train
1360,synthetic,train
9420,synthetic,train
9101,synthetic,train
9998,synthetic,train
7587,synthetic,train
7882,synthetic,train
1247,synthetic,train
3112,synthetic,train
9113,synthetic,train
890,synthetic,train
1509,synthetic,train
3439,synthetic,train
742,synthetic,train
10036,synthetic,train
9914,synthetic,train
3300,synthetic,train
5270,synthetic,train
10736,synthetic,train
7260,synthetic,train
3533,synthetic,train
7487,synthetic,train
3943,synthetic,train
6934,synthetic,train
7067,synthetic,train
11942,synthetic,train
1576,synthetic,train
3485,synthetic,train
1332,synthetic,train
5075,synthetic,train
10394,synthetic,train
10112,synthetic,train
6012,synthetic,train
12129,synthetic,train
4876,synthetic,train
3357,synthetic,train
11575,synthetic,train
7129,synthetic,train
1560,synthetic,train
7545,synthetic,train
6544,synthetic,train
10894,synthetic,train
5755,synthetic,train
5551,synthetic,train
9860,synthetic,train
2058,synthetic,train
9927,synthetic,train
5463,synthetic,train
8487,synthetic,train
5307,synthetic,train
6701,synthetic,train
8896,synthetic,train
8365,synthetic,train
2619,synthetic,train
11513,synthetic,train
3914,synthetic,train
7312,synthetic,train
1546,synthetic,train
11201,synthetic,train
4705,synthetic,train
2397,synthetic,train
7047,synthetic,train
10133,synthetic,train
11958,synthetic,train
10460,synthetic,train
11009,synthetic,train
7154,synthetic,train
10144,synthetic,train
10532,synthetic,train
8824,synthetic,train
7411,synthetic,train
1223,synthetic,train
6272,synthetic,train
5142,synthetic,train
400,synthetic,train
11085,synthetic,train
9166,synthetic,train
7196,synthetic,train
6802,synthetic,train
5503,synthetic,train
4691,synthetic,train
10282,synthetic,train
666,synthetic,train
8472,synthetic,train
9456,synthetic,train
10295,synthetic,train
11157,synthetic,train
9395,synthetic,train
8494,synthetic,train
4659,synthetic,train
5512,synthetic,train
271,synthetic,train
5020,synthetic,train
1437,synthetic,train
3123,synthetic,train
6731,synthetic,train
6488,synthetic,train
9478,synthetic,train
3249,synthetic,train
9413,synthetic,train
7377,synthetic,train
7270,synthetic,train
10518,synthetic,train
9187,synthetic,train
1700,synthetic,train
11952,synthetic,train
3135,synthetic,train
9368,synthetic,train
11165,synthetic,train
10806,synthetic,train
7492,synthetic,train
3986,synthetic,train
3032,synthetic,train
10076,synthetic,train
714,synthetic,train
9273,synthetic,train
8449,synthetic,train
1627,synthetic,train
3972,synthetic,train
12081,synthetic,train
1648,synthetic,train
9302,synthetic,train
1260,synthetic,train
8021,synthetic,train
3813,synthetic,train
4374,synthetic,train
10089,synthetic,train
1927,synthetic,train
3433,synthetic,train
9799,synthetic,train
11534,synthetic,train
748,synthetic,train
3490,synthetic,train
4088,synthetic,train
10636,synthetic,train
5468,synthetic,train
8108,synthetic,train
5964,synthetic,train
11827,synthetic,train
8393,synthetic,train
963,synthetic,train
5365,synthetic,train
10926,synthetic,train
3551,synthetic,train
8385,synthetic,train
9779,synthetic,train
11816,synthetic,train
11180,synthetic,train
5169,synthetic,train
4700,synthetic,train
1246,synthetic,train
11337,synthetic,train
11122,synthetic,train
7965,synthetic,train
6517,synthetic,train
6349,synthetic,train
5498,synthetic,train
1458,synthetic,train
9970,synthetic,train
11130,synthetic,train
7779,synthetic,train
7072,synthetic,train
10251,synthetic,train
9466,synthetic,train
8580,synthetic,train
9816,synthetic,train
7435,synthetic,train
4730,synthetic,train
1151,synthetic,train
2229,synthetic,train
6017,synthetic,train
6787,synthetic,train
6554,synthetic,train
7855,synthetic,train
9370,synthetic,train
3509,synthetic,train
6830,synthetic,train
6898,synthetic,train
7611,synthetic,train
11257,synthetic,train
9660,synthetic,train
7733,synthetic,train
11304,synthetic,train
10664,synthetic,train
1499,synthetic,train
2549,synthetic,train
3000,synthetic,train
8727,synthetic,train
4845,synthetic,train
9487,synthetic,train
1489,synthetic,train
9460,synthetic,train
7240,synthetic,train
5438,synthetic,train
4553,synthetic,train
1318,synthetic,train
6522,synthetic,train
541,synthetic,train
9495,synthetic,train
9768,synthetic,train
1228,synthetic,train
4213,synthetic,train
2199,synthetic,train
10401,synthetic,train
1534,synthetic,train
879,synthetic,train
10452,synthetic,train
2002,synthetic,train
1650,synthetic,train
2463,synthetic,train
10031,synthetic,train
10107,synthetic,train
3828,synthetic,train
6376,synthetic,train
12222,synthetic,train
6312,synthetic,train
3438,synthetic,train
3452,synthetic,train
9759,synthetic,train
6359,synthetic,train
7289,synthetic,train
835,synthetic,train
6916,synthetic,train
7375,synthetic,train
10821,synthetic,train
6536,synthetic,train
9732,synthetic,train
11032,synthetic,train
6157,synthetic,train
5984,synthetic,train
529,synthetic,train
889,synthetic,train
3341,synthetic,train
3726,synthetic,train
6690,synthetic,train
11430,synthetic,train
7322,synthetic,train
11929,synthetic,train
5803,synthetic,train
4616,synthetic,train
11189,synthetic,train
2373,synthetic,train
8479,synthetic,train
3476,synthetic,train
4074,synthetic,train
8581,synthetic,train
10555,synthetic,train
2538,synthetic,train
4859,synthetic,train
273,synthetic,train
11326,synthetic,train
1785,synthetic,train
2625,synthetic,train
4908,synthetic,train
634,synthetic,train
10471,synthetic,train
6737,synthetic,train
785,synthetic,train
9391,synthetic,train
7155,synthetic,train
3851,synthetic,train
8164,synthetic,train
3218,synthetic,train
789,synthetic,train
3974,synthetic,train
4992,synthetic,train
9721,synthetic,train
1654,synthetic,train
10249,synthetic,train
9893,synthetic,train
5891,synthetic,train
9725,synthetic,train
6823,synthetic,train
4963,synthetic,train
1972,synthetic,train
11963,synthetic,train
1215,synthetic,train
6935,synthetic,train
3713,synthetic,train
9839,synthetic,train
8855,synthetic,train
2331,synthetic,train
11944,synthetic,train
418,synthetic,train
7265,synthetic,train
9354,synthetic,train
612,synthetic,train
6338,synthetic,train
6496,synthetic,train
9206,synthetic,train
12230,synthetic,train
3180,synthetic,train
8763,synthetic,train
4904,synthetic,train
921,synthetic,train
7317,synthetic,train
3925,synthetic,train
8239,synthetic,train
566,synthetic,train
5050,synthetic,train
2616,synthetic,train
2187,synthetic,train
11456,synthetic,train
3687,synthetic,train
9201,synthetic,train
3898,synthetic,train
1526,synthetic,train
1820,synthetic,train
7439,synthetic,train
4369,synthetic,train
8127,synthetic,train
5164,synthetic,train
7554,synthetic,train
774,synthetic,train
1154,synthetic,train
8861,synthetic,train
281,synthetic,train
1159,synthetic,train
467,synthetic,train
718,synthetic,train
2690,synthetic,train
8702,synthetic,train
9559,synthetic,train
3649,synthetic,train
10165,synthetic,train
4171,synthetic,train
5643,synthetic,train
9167,synthetic,train
812,synthetic,train
9891,synthetic,train
3404,synthetic,train
7177,synthetic,train
2316,synthetic,train
2185,synthetic,train
894,synthetic,train
6342,synthetic,train
8768,synthetic,train
11380,synthetic,train
11873,synthetic,train
8879,synthetic,train
10722,synthetic,train
365,synthetic,train
3301,synthetic,train
1969,synthetic,train
349,synthetic,train
7274,synthetic,train
3434,synthetic,train
1177,synthetic,train
8093,synthetic,train
6992,synthetic,train
2209,synthetic,train
6628,synthetic,train
261,synthetic,train
8292,synthetic,train
6307,synthetic,train
9387,synthetic,train
11310,synthetic,train
2980,synthetic,train
9043,synthetic,train
12030,synthetic,train
3377,synthetic,train
11617,synthetic,train
10028,synthetic,train
4022,synthetic,train
473,synthetic,train
1038,synthetic,train
3756,synthetic,train
10837,synthetic,train
2303,synthetic,train
9180,synthetic,train
5680,synthetic,train
6414,synthetic,train
10019,synthetic,train
8617,synthetic,train
10708,synthetic,train
10465,synthetic,train
8725,synthetic,train
4427,synthetic,train
4048,synthetic,train
8846,synthetic,train
843,synthetic,train
12150,synthetic,train
12240,synthetic,train
376,synthetic,train
6904,synthetic,train
11086,synthetic,train
12196,synthetic,train
11976,synthetic,train
11000,synthetic,train
8972,synthetic,train
2023,synthetic,train
2135,synthetic,train
3484,synthetic,train
786,synthetic,train
7985,synthetic,train
3206,synthetic,train
4733,synthetic,train
5915,synthetic,train
9144,synthetic,train
6319,synthetic,train
1219,synthetic,train
6602,synthetic,train
3893,synthetic,train
1310,synthetic,train
9042,synthetic,train
8971,synthetic,train
3640,synthetic,train
3936,synthetic,train
6036,synthetic,train
11099,synthetic,train
6833,synthetic,train
5439,synthetic,train
1867,synthetic,train
3870,synthetic,train
11966,synthetic,train
6895,synthetic,train
12257,synthetic,train
10261,synthetic,train
1051,synthetic,train
9244,synthetic,train
3316,synthetic,train
10307,synthetic,train
2240,synthetic,train
3858,synthetic,train
1193,synthetic,train
7684,synthetic,train
5886,synthetic,train
1942,synthetic,train
4439,synthetic,train
6706,synthetic,train
4376,synthetic,train
1248,synthetic,train
3156,synthetic,train
4038,synthetic,train
5918,synthetic,train
3353,synthetic,train
3415,synthetic,train
2083,synthetic,train
11807,synthetic,train
1358,synthetic,train
3104,synthetic,train
9338,synthetic,train
3602,synthetic,train
298,synthetic,train
6800,synthetic,train
11476,synthetic,train
8967,synthetic,train
3616,synthetic,train
9905,synthetic,train
8073,synthetic,train
9358,synthetic,train
8480,synthetic,train
11328,synthetic,train
2688,synthetic,train
5303,synthetic,train
5606,synthetic,train
9214,synthetic,train
5071,synthetic,train
8736,synthetic,train
946,synthetic,train
5059,synthetic,train
7697,synthetic,train
2613,synthetic,train
6613,synthetic,train
4829,synthetic,train
8473,synthetic,train
3012,synthetic,train
9337,synthetic,train
8333,synthetic,train
9369,synthetic,train
1300,synthetic,train
7751,synthetic,train
1525,synthetic,train
11374,synthetic,train
7319,synthetic,train
537,synthetic,train
5344,synthetic,train
10536,synthetic,train
9697,synthetic,train
2642,synthetic,train
831,synthetic,train
1695,synthetic,train
9699,synthetic,train
5612,synthetic,train
5705,synthetic,train
1267,synthetic,train
4803,synthetic,train
10836,synthetic,train
2324,synthetic,train
1396,synthetic,train
10142,synthetic,train
5603,synthetic,train
10437,synthetic,train
554,synthetic,train
9999,synthetic,train
10464,synthetic,train
9040,synthetic,train
2663,synthetic,train
10581,synthetic,train
4258,synthetic,train
11446,synthetic,train
4001,synthetic,train
11323,synthetic,train
2979,synthetic,train
11298,synthetic,train
5410,synthetic,train
3068,synthetic,train
9277,synthetic,train
816,synthetic,train
10961,synthetic,train
5055,synthetic,train
2729,synthetic,train
3998,synthetic,train
4546,synthetic,train
10168,synthetic,train
2864,synthetic,train
622,synthetic,train
7184,synthetic,train
1964,synthetic,train
2399,synthetic,train
3499,synthetic,train
2643,synthetic,train
7574,synthetic,train
4571,synthetic,train
9737,synthetic,train
1572,synthetic,train
11565,synthetic,train
4190,synthetic,train
6443,synthetic,train
1851,synthetic,train
11700,synthetic,train
2422,synthetic,train
2656,synthetic,train
577,synthetic,train
9776,synthetic,train
5493,synthetic,train
5328,synthetic,train
4296,synthetic,train
9247,synthetic,train
3280,synthetic,train
10163,synthetic,train
8488,synthetic,train
9365,synthetic,train
5555,synthetic,train
4232,synthetic,train
5630,synthetic,train
4393,synthetic,train
1234,synthetic,train
7551,synthetic,train
9435,synthetic,train
1214,synthetic,train
9870,synthetic,train
10012,synthetic,train
9807,synthetic,train
11423,synthetic,train
5276,synthetic,train
11934,synthetic,train
9439,synthetic,train
7750,synthetic,train
1900,synthetic,train
1550,synthetic,train
1640,synthetic,train
2193,synthetic,train
4935,synthetic,train
10482,synthetic,train
1152,synthetic,train
7547,synthetic,train
5136,synthetic,train
8166,synthetic,train
8454,synthetic,train
12086,synthetic,train
10561,synthetic,train
9301,synthetic,train
2726,synthetic,train
7917,synthetic,train
10366,synthetic,train
10048,synthetic,train
2173,synthetic,train
2996,synthetic,train
986,synthetic,train
7474,synthetic,train
8505,synthetic,train
2056,synthetic,train
4105,synthetic,train
6662,synthetic,train
1196,synthetic,train
2525,synthetic,train
1084,synthetic,train
7534,synthetic,train
1649,synthetic,train
3824,synthetic,train
9336,synthetic,train
5689,synthetic,train
8087,synthetic,train
5950,synthetic,train
8138,synthetic,train
2128,synthetic,train
8462,synthetic,train
7746,synthetic,train
9915,synthetic,train
1066,synthetic,train
5065,synthetic,train
10846,synthetic,train
10560,synthetic,train
11233,synthetic,train
12204,synthetic,train
10686,synthetic,train
9415,synthetic,train
7771,synthetic,train
8316,synthetic,train
4754,synthetic,train
2892,synthetic,train
10933,synthetic,train
9156,synthetic,train
8883,synthetic,train
8092,synthetic,train
4648,synthetic,train
405,synthetic,train
6727,synthetic,train
2293,synthetic,train
11202,synthetic,train
1425,synthetic,train
2310,synthetic,train
4020,synthetic,train
4695,synthetic,train
3690,synthetic,train
8450,synthetic,train
10767,synthetic,train
7329,synthetic,train
4621,synthetic,train
9714,synthetic,train
2031,synthetic,train
3771,synthetic,train
531,synthetic,train
8696,synthetic,train
2292,synthetic,train
9265,synthetic,train
11856,synthetic,train
4070,synthetic,train
10256,synthetic,train
4606,synthetic,train
805,synthetic,train
3501,synthetic,train
9190,synthetic,train
8762,synthetic,train
9583,synthetic,train
12157,synthetic,train
7824,synthetic,train
1180,synthetic,train
11192,synthetic,train
6900,synthetic,train
7954,synthetic,train
8490,synthetic,train
7386,synthetic,train
4538,synthetic,train
3243,synthetic,train
390,synthetic,train
8240,synthetic,train
2927,synthetic,train
7398,synthetic,train
3483,synthetic,train
9634,synthetic,train
7953,synthetic,train
5652,synthetic,train
874,synthetic,train
12141,synthetic,train
1726,synthetic,train
4757,synthetic,train
3302,synthetic,train
9386,synthetic,train
2679,synthetic,train
5345,synthetic,train
3554,synthetic,train
6997,synthetic,train
1760,synthetic,train
9278,synthetic,train
1781,synthetic,train
11191,synthetic,train
4492,synthetic,train
7946,synthetic,train
9080,synthetic,train
4690,synthetic,train
650,synthetic,train
12091,synthetic,train
7384,synthetic,train
6173,synthetic,train
8852,synthetic,train
5066,synthetic,train
10994,synthetic,train
8498,synthetic,train
8304,synthetic,train
11994,synthetic,train
4253,synthetic,train
11719,synthetic,train
6869,synthetic,train
5579,synthetic,train
12067,synthetic,train
7379,synthetic,train
2681,synthetic,train
5864,synthetic,train
2010,synthetic,train
11067,synthetic,train
11919,synthetic,train
598,synthetic,train
8667,synthetic,train
1601,synthetic,train
11711,synthetic,train
8242,synthetic,train
3900,synthetic,train
589,synthetic,train
10850,synthetic,train
3264,synthetic,train
7220,synthetic,train
4350,synthetic,train
10088,synthetic,train
2582,synthetic,train
6927,synthetic,train
7269,synthetic,train
4457,synthetic,train
3809,synthetic,train
9910,synthetic,train
8623,synthetic,train
4463,synthetic,train
11429,synthetic,train
10973,synthetic,train
6445,synthetic,train
1899,synthetic,train
9390,synthetic,train
320,synthetic,train
1500,synthetic,train
6020,synthetic,train
5396,synthetic,train
2603,synthetic,train
2380,synthetic,train
1784,synthetic,train
7877,synthetic,train
413,synthetic,train
741,synthetic,train
6382,synthetic,train
7934,synthetic,train
7361,synthetic,train
2022,synthetic,train
9202,synthetic,train
7975,synthetic,train
10237,synthetic,train
11145,synthetic,train
7739,synthetic,train
6472,synthetic,train
5113,synthetic,train
2971,synthetic,train
7026,synthetic,train
4410,synthetic,train
1593,synthetic,train
11547,synthetic,train
8638,synthetic,train
9588,synthetic,train
11523,synthetic,train
11906,synthetic,train
10510,synthetic,train
11195,synthetic,train
4110,synthetic,train
8600,synthetic,train
4384,synthetic,train
11005,synthetic,train
5048,synthetic,train
3126,synthetic,train
1646,synthetic,train
6201,synthetic,train
3327,synthetic,train
11118,synthetic,train
3889,synthetic,train
11606,synthetic,train
10988,synthetic,train
3288,synthetic,train
3229,synthetic,train
10160,synthetic,train
8906,synthetic,train
6396,synthetic,train
9061,synthetic,train
4523,synthetic,train
905,synthetic,train
11844,synthetic,train
2334,synthetic,train
601,synthetic,train
8301,synthetic,train
1882,synthetic,train
7401,synthetic,train
6056,synthetic,train
7444,synthetic,train
11449,synthetic,train
8492,synthetic,train
5735,synthetic,train
10541,synthetic,train
10627,synthetic,train
11360,synthetic,train
334,synthetic,train
12131,synthetic,train
10528,synthetic,train
8893,synthetic,train
11330,synthetic,train
2311,synthetic,train
2801,synthetic,train
1561,synthetic,train
6137,synthetic,train
7628,synthetic,train
1564,synthetic,train
8688,synthetic,train
11160,synthetic,train
2859,synthetic,train
2833,synthetic,train
3446,synthetic,train
3028,synthetic,train
5091,synthetic,train
4483,synthetic,train
11840,synthetic,train
2366,synthetic,train
2939,synthetic,train
1647,synthetic,train
10967,synthetic,train
11851,synthetic,train
7343,synthetic,train
1539,synthetic,train
1064,synthetic,train
1815,synthetic,train
11641,synthetic,train
4826,synthetic,train
11862,synthetic,train
5101,synthetic,train
3854,synthetic,train
6295,synthetic,train
7112,synthetic,train
10372,synthetic,train
8965,synthetic,train
4437,synthetic,train
1568,synthetic,train
9366,synthetic,train
3712,synthetic,train
3955,synthetic,train
4502,synthetic,train
2458,synthetic,train
9226,synthetic,train
4685,synthetic,train
6410,synthetic,train
1203,synthetic,train
1082,synthetic,train
5265,synthetic,train
6872,synthetic,train
8616,synthetic,train
5879,synthetic,train
4807,synthetic,train
2798,synthetic,train
9763,synthetic,train
5467,synthetic,train
11673,synthetic,train
11060,synthetic,train
3314,synthetic,train
3935,synthetic,train
8036,synthetic,train
7478,synthetic,train
6982,synthetic,train
3560,synthetic,train
3570,synthetic,train
7481,synthetic,train
8779,synthetic,train
10942,synthetic,train
6214,synthetic,train
1092,synthetic,train
3722,synthetic,train
11450,synthetic,train
7903,synthetic,train
314,synthetic,train
3711,synthetic,train
6565,synthetic,train
10353,synthetic,train
1741,synthetic,train
5133,synthetic,train
8298,synthetic,train
3595,synthetic,train
6276,synthetic,train
5186,synthetic,train
9398,synthetic,train
6057,synthetic,train
10613,synthetic,train
12055,synthetic,train
5343,synthetic,train
6905,synthetic,train
5750,synthetic,train
1028,synthetic,train
2325,synthetic,train
11657,synthetic,train
7571,synthetic,train
8737,synthetic,train
12180,synthetic,train
4784,synthetic,train
10784,synthetic,train
2977,synthetic,train
2339,synthetic,train
9174,synthetic,train
1211,synthetic,train
8318,synthetic,train
2742,synthetic,train
10714,synthetic,train
9441,synthetic,train
2019,synthetic,train
10244,synthetic,train
4682,synthetic,train
6964,synthetic,train
10176,synthetic,train
5442,synthetic,train
8793,synthetic,train
3961,synthetic,train
4503,synthetic,train
948,synthetic,train
3692,synthetic,train
5204,synthetic,train
1226,synthetic,train
11638,synthetic,train
10655,synthetic,train
2973,synthetic,train
5017,synthetic,train
11826,synthetic,train
6580,synthetic,train
6235,synthetic,train
3832,synthetic,train
5559,synthetic,train
2250,synthetic,train
1465,synthetic,train
5231,synthetic,train
11928,synthetic,train
7043,synthetic,train
3860,synthetic,train
6750,synthetic,train
8869,synthetic,train
12231,synthetic,train
8330,synthetic,train
8837,synthetic,train
8233,synthetic,train
11426,synthetic,train
1885,synthetic,train
796,synthetic,train
9026,synthetic,train
8230,synthetic,train
4472,synthetic,train
6716,synthetic,train
3767,synthetic,train
8653,synthetic,train
9784,synthetic,train
7372,synthetic,train
2968,synthetic,train
5291,synthetic,train
6774,synthetic,train
4922,synthetic,train
4281,synthetic,train
2114,synthetic,train
11567,synthetic,train
3132,synthetic,train
3290,synthetic,train
9657,synthetic,train
1905,synthetic,train
3677,synthetic,train
3736,synthetic,train
11720,synthetic,train
2052,synthetic,train
4057,synthetic,train
3628,synthetic,train
7456,synthetic,train
11829,synthetic,train
5369,synthetic,train
6284,synthetic,train
9055,synthetic,train
11406,synthetic,train
386,synthetic,train
6219,synthetic,train
4136,synthetic,train
4711,synthetic,train
7407,synthetic,train
3791,synthetic,train
1087,synthetic,train
10091,synthetic,train
8050,synthetic,train
1244,synthetic,train
8043,synthetic,train
10640,synthetic,train
11756,synthetic,train
2703,synthetic,train
8814,synthetic,train
10801,synthetic,train
605,synthetic,train
1074,synthetic,train
6426,synthetic,train
11138,synthetic,train
6039,synthetic,train
2376,synthetic,train
10286,synthetic,train
1053,synthetic,train
12190,synthetic,train
7158,synthetic,train
2934,synthetic,train
354,synthetic,train
4485,synthetic,train
4016,synthetic,train
3151,synthetic,train
2631,synthetic,train
11522,synthetic,train
3488,synthetic,train
8123,synthetic,train
6619,synthetic,train
11292,synthetic,train
7586,synthetic,train
6288,synthetic,train
2125,synthetic,train
4872,synthetic,train
10309,synthetic,train
2905,synthetic,train
2503,synthetic,train
5633,synthetic,train
2596,synthetic,train
1210,synthetic,train
1380,synthetic,train
11049,synthetic,train
2464,synthetic,train
679,synthetic,train
1182,synthetic,train
9706,synthetic,train
8929,synthetic,train
10487,synthetic,train
5668,synthetic,train
6048,synthetic,train
6002,synthetic,train
7927,synthetic,train
5827,synthetic,train
8395,synthetic,train
1462,synthetic,train
11078,synthetic,train
6025,synthetic,train
8649,synthetic,train
2230,synthetic,train
4278,synthetic,train
10603,synthetic,train
3947,synthetic,train
2257,synthetic,train
4293,synthetic,train
1508,synthetic,train
2452,synthetic,train
2972,synthetic,train
9444,synthetic,train
2450,synthetic,train
4930,synthetic,train
5402,synthetic,train
6244,synthetic,train
6825,synthetic,train
8064,synthetic,train
7203,synthetic,train
9770,synthetic,train
10315,synthetic,train
10795,synthetic,train
10901,synthetic,train
2396,synthetic,train
1325,synthetic,train
860,synthetic,train
4487,synthetic,train
11073,synthetic,train
7837,synthetic,train
337,synthetic,train
7806,synthetic,train
3158,synthetic,train
5080,synthetic,train
9766,synthetic,train
11418,synthetic,train
6673,synthetic,train
9704,synthetic,train
9324,synthetic,train
8267,synthetic,train
5728,synthetic,train
6211,synthetic,train
3651,synthetic,train
5675,synthetic,train
2820,synthetic,train
12127,synthetic,train
8422,synthetic,train
2895,synthetic,train
5516,synthetic,train
3790,synthetic,train
8827,synthetic,train
2168,synthetic,train
11369,synthetic,train
495,synthetic,train
1864,synthetic,train
8244,synthetic,train
9570,synthetic,train
3750,synthetic,train
12078,synthetic,train
2254,synthetic,train
3084,synthetic,train
11396,synthetic,train
10828,synthetic,train
1602,synthetic,train
8772,synthetic,train
1879,synthetic,train
5547,synthetic,train
2320,synthetic,train
12200,synthetic,train
2479,synthetic,train
10125,synthetic,train
6298,synthetic,train
520,synthetic,train
11495,synthetic,train
10491,synthetic,train
9353,synthetic,train
4004,synthetic,train
2286,synthetic,train
7248,synthetic,train
4494,synthetic,train
2177,synthetic,train
2088,synthetic,train
10025,synthetic,train
6493,synthetic,train
11457,synthetic,train
6543,synthetic,train
4468,synthetic,train
484,synthetic,train
9175,synthetic,train
10262,synthetic,train
9593,synthetic,train
6729,synthetic,train
11554,synthetic,train
11214,synthetic,train
1106,synthetic,train
4549,synthetic,train
5820,synthetic,train
2811,synthetic,train
377,synthetic,train
9097,synthetic,train
6226,synthetic,train
8455,synthetic,train
8919,synthetic,train
7749,synthetic,train
265,synthetic,train
5602,synthetic,train
9371,synthetic,train
11047,synthetic,train
4584,synthetic,train
1323,synthetic,train
2850,synthetic,train
8694,synthetic,train
9612,synthetic,train
3995,synthetic,train
10849,synthetic,train
3777,synthetic,train
7246,synthetic,train
11015,synthetic,train
7027,synthetic,train
5882,synthetic,train
1865,synthetic,train
1993,synthetic,train
10776,synthetic,train
11161,synthetic,train
11467,synthetic,train
9764,synthetic,train
4072,synthetic,train
11809,synthetic,train
10814,synthetic,train
10427,synthetic,train
2021,synthetic,train
5661,synthetic,train
2999,synthetic,train
11817,synthetic,train
2732,synthetic,train
6998,synthetic,train
7151,synthetic,train
8203,synthetic,train
9945,synthetic,train
4466,synthetic,train
6631,synthetic,train
10610,synthetic,train
9621,synthetic,train
10608,synthetic,train
492,synthetic,train
8518,synthetic,train
7821,synthetic,train
10055,synthetic,train
6428,synthetic,train
3856,synthetic,train
6548,synthetic,train
4892,synthetic,train
385,synthetic,train
7901,synthetic,train
6489,synthetic,train
1556,synthetic,train
2236,synthetic,train
11633,synthetic,train
11580,synthetic,train
10527,synthetic,train
6010,synthetic,train
8412,synthetic,train
3346,synthetic,train
11386,synthetic,train
7142,synthetic,train
11422,synthetic,train
7933,synthetic,train
3605,synthetic,train
8432,synthetic,train
11562,synthetic,train
6130,synthetic,train
6766,synthetic,train
3057,synthetic,train
1178,synthetic,train
1906,synthetic,train
5382,synthetic,train
5386,synthetic,train
4881,synthetic,train
7069,synthetic,train
624,synthetic,train
2385,synthetic,train
8410,synthetic,train
8977,synthetic,train
315,synthetic,train
898,synthetic,train
562,synthetic,train
11218,synthetic,train
6071,synthetic,train
1536,synthetic,train
10507,synthetic,train
4692,synthetic,train
3904,synthetic,train
4403,synthetic,train
3138,synthetic,train
6753,synthetic,train
10738,synthetic,train
10713,synthetic,train
5500,synthetic,train
11546,synthetic,train
10748,synthetic,train
7197,synthetic,train
7500,synthetic,train
10205,synthetic,train
10420,synthetic,train
2853,synthetic,train
2653,synthetic,train
783,synthetic,train
6636,synthetic,train
7241,synthetic,train
6937,synthetic,train
4160,synthetic,train
11820,synthetic,train
5845,synthetic,train
11490,synthetic,train
8216,synthetic,train
7830,synthetic,train
7037,synthetic,train
10421,synthetic,train
931,synthetic,train
4448,synthetic,train
926,synthetic,train
3526,synthetic,train
2147,synthetic,train
8732,synthetic,train
10171,synthetic,train
9351,synthetic,train
7947,synthetic,train
6291,synthetic,train
6350,synthetic,train
6498,synthetic,train
7610,synthetic,train
8090,synthetic,train
1020,synthetic,train
6514,synthetic,train
2166,synthetic,train
4078,synthetic,train
6529,synthetic,train
4560,synthetic,train
5829,synthetic,train
8201,synthetic,train
11045,synthetic,train
4424,synthetic,train
6231,synthetic,train
3839,synthetic,train
3092,synthetic,train
5709,synthetic,train
3732,synthetic,train
6587,synthetic,train
397,synthetic,train
7303,synthetic,train
5152,synthetic,train
2440,synthetic,train
10580,synthetic,train
7990,synthetic,train
3437,synthetic,train
5114,synthetic,train
4897,synthetic,train
5375,synthetic,train
11417,synthetic,train
7908,synthetic,train
4521,synthetic,train
1591,synthetic,train
10469,synthetic,train
10934,synthetic,train
7262,synthetic,train
9810,synthetic,train
7201,synthetic,train
8277,synthetic,train
6501,synthetic,train
9781,synthetic,train
12241,synthetic,train
7141,synthetic,train
10602,synthetic,train
4790,synthetic,train
10574,synthetic,train
4933,synthetic,train
7256,synthetic,train
1512,synthetic,train
3634,synthetic,train
3074,synthetic,train
4979,synthetic,train
6804,synthetic,train
10300,synthetic,train
5118,synthetic,train
8161,synthetic,train
8840,synthetic,train
8687,synthetic,train
1337,synthetic,train
10436,synthetic,train
4623,synthetic,train
1030,synthetic,train
10617,synthetic,train
9125,synthetic,train
509,synthetic,train
10026,synthetic,train
7499,synthetic,train
3679,synthetic,train
10533,synthetic,train
10275,synthetic,train
5236,synthetic,train
4804,synthetic,train
5825,synthetic,train
8199,synthetic,train
976,synthetic,train
11843,synthetic,train
2308,synthetic,train
6257,synthetic,train
6860,synthetic,train
7505,synthetic,train
4438,synthetic,train
5069,synthetic,train
11176,synthetic,train
11636,synthetic,train
7400,synthetic,train
7450,synthetic,train
1720,synthetic,train
6249,synthetic,train
10120,synthetic,train
11208,synthetic,train
2260,synthetic,train
8435,synthetic,train
664,synthetic,train
644,synthetic,train
11595,synthetic,train
11642,synthetic,train
10604,synthetic,train
1893,synthetic,train
11723,synthetic,train
5044,synthetic,train
11607,synthetic,train
7230,synthetic,train
4185,synthetic,train
4418,synthetic,train
7709,synthetic,train
8675,synthetic,train
2453,synthetic,train
10276,synthetic,train
1275,synthetic,train
5384,synthetic,train
7678,synthetic,train
7669,synthetic,train
9249,synthetic,train
3131,synthetic,train
269,synthetic,train
10396,synthetic,train
2098,synthetic,train
5064,synthetic,train
515,synthetic,train
7286,synthetic,train
5973,synthetic,train
3584,synthetic,train
7974,synthetic,train
1841,synthetic,train
11408,synthetic,train
1184,synthetic,train
3039,synthetic,train
10960,synthetic,train
8151,synthetic,train
6392,synthetic,train
5580,synthetic,train
7572,synthetic,train
7362,synthetic,train
6302,synthetic,train
4035,synthetic,train
5095,synthetic,train
5224,synthetic,train
11231,synthetic,train
799,synthetic,train
7743,synthetic,train
3005,synthetic,train
3979,synthetic,train
7079,synthetic,train
9597,synthetic,train
4728,synthetic,train
927,synthetic,train
7835,synthetic,train
11471,synthetic,train
8809,synthetic,train
5323,synthetic,train
11283,synthetic,train
11235,synthetic,train
1613,synthetic,train
7374,synthetic,train
11984,synthetic,train
8922,synthetic,train
2963,synthetic,train
3590,synthetic,train
8313,synthetic,train
9848,synthetic,train
3844,synthetic,train
11587,synthetic,train
5905,synthetic,train
3636,synthetic,train
1516,synthetic,train
6450,synthetic,train
9702,synthetic,train
5608,synthetic,train
11263,synthetic,train
11385,synthetic,train
4435,synthetic,train
5170,synthetic,train
2112,synthetic,train
6576,synthetic,train
12084,synthetic,train
2365,synthetic,train
393,synthetic,train
5289,synthetic,train
1188,synthetic,train
1083,synthetic,train
7836,synthetic,train
1791,synthetic,train
1474,synthetic,train
764,synthetic,train
10448,synthetic,train
6790,synthetic,train
3332,synthetic,train
10410,synthetic,train
9836,synthetic,train
9346,synthetic,train
8907,synthetic,train
6879,synthetic,train
9533,synthetic,train
3969,synthetic,train
11762,synthetic,train
5109,synthetic,train
5008,synthetic,train
4528,synthetic,train
12113,synthetic,train
9165,synthetic,train
4446,synthetic,train
10666,synthetic,train
5561,synthetic,train
3183,synthetic,train
6848,synthetic,train
2070,synthetic,train
3746,synthetic,train
7679,synthetic,train
3401,synthetic,train
10279,synthetic,train
9607,synthetic,train
1584,synthetic,train
4572,synthetic,train
7754,synthetic,train
8962,synthetic,train
10132,synthetic,train
8951,synthetic,train
11660,synthetic,train
10308,synthetic,train
9840,synthetic,train
10838,synthetic,train
5801,synthetic,train
6432,synthetic,train
1800,synthetic,train
9669,synthetic,train
2941,synthetic,train
12117,synthetic,train
11445,synthetic,train
6573,synthetic,train
1451,synthetic,train
5553,synthetic,train
1802,synthetic,train
7316,synthetic,train
2799,synthetic,train
1213,synthetic,train
7501,synthetic,train
6991,synthetic,train
5106,synthetic,train
7061,synthetic,train
8270,synthetic,train
4590,synthetic,train
9184,synthetic,train
5594,synthetic,train
7590,synthetic,train
9608,synthetic,train
4989,synthetic,train
6801,synthetic,train
11434,synthetic,train
5565,synthetic,train
5421,synthetic,train
8120,synthetic,train
2416,synthetic,train
1322,synthetic,train
11068,synthetic,train
1427,synthetic,train
3896,synthetic,train
7911,synthetic,train
5848,synthetic,train
11390,synthetic,train
7452,synthetic,train
4751,synthetic,train
7526,synthetic,train
11592,synthetic,train
5240,synthetic,train
8595,synthetic,train
12197,synthetic,train
5206,synthetic,train
3042,synthetic,train
977,synthetic,train
10271,synthetic,train
2762,synthetic,train
4620,synthetic,train
4431,synthetic,train
8342,synthetic,train
11969,synthetic,train
655,synthetic,train
7446,synthetic,train
12043,synthetic,train
4752,synthetic,train
1625,synthetic,train
11945,synthetic,train
9047,synthetic,train
6177,synthetic,train
5228,synthetic,train
3174,synthetic,train
10778,synthetic,train
5904,synthetic,train
4026,synthetic,train
3700,synthetic,train
7617,synthetic,train
7066,synthetic,train
10139,synthetic,train
2403,synthetic,train
5364,synthetic,train
5333,synthetic,train
1831,synthetic,train
4339,synthetic,train
1382,synthetic,train
3046,synthetic,train
3227,synthetic,train
2764,synthetic,train
6248,synthetic,train
9127,synthetic,train
11260,synthetic,train
7424,synthetic,train
988,synthetic,train
7847,synthetic,train
7803,synthetic,train
672,synthetic,train
11598,synthetic,train
9968,synthetic,train
6005,synthetic,train
7928,synthetic,train
1085,synthetic,train
3527,synthetic,train
4234,synthetic,train
9068,synthetic,train
8566,synthetic,train
677,synthetic,train
11521,synthetic,train
10077,synthetic,train
7008,synthetic,train
9227,synthetic,train
11348,synthetic,train
11832,synthetic,train
2342,synthetic,train
9205,synthetic,train
10998,synthetic,train
3633,synthetic,train
5986,synthetic,train
4367,synthetic,train
10896,synthetic,train
4640,synthetic,train
7983,synthetic,train
1326,synthetic,train
4173,synthetic,train
5796,synthetic,train
8262,synthetic,train
5647,synthetic,train
5992,synthetic,train
2998,synthetic,train
5312,synthetic,train
4260,synthetic,train
10020,synthetic,train
2687,synthetic,train
7093,synthetic,train
10383,synthetic,train
1947,synthetic,train
1111,synthetic,train
6563,synthetic,train
9347,synthetic,train
6138,synthetic,train
8787,synthetic,train
3099,synthetic,train
11539,synthetic,train
4871,synthetic,train
9800,synthetic,train
9467,synthetic,train
11268,synthetic,train
10083,synthetic,train
2749,synthetic,train
7165,synthetic,train
7650,synthetic,train
11703,synthetic,train
3109,synthetic,train
6925,synthetic,train
6141,synthetic,train
10522,synthetic,train
4712,synthetic,train
10209,synthetic,train
7681,synthetic,train
10087,synthetic,train
6744,synthetic,train
2739,synthetic,train
6877,synthetic,train
10717,synthetic,train
11411,synthetic,train
11511,synthetic,train
2401,synthetic,train
11570,synthetic,train
5448,synthetic,train
11903,synthetic,train
3004,synthetic,train
7513,synthetic,train
3766,synthetic,train
1939,synthetic,train
4509,synthetic,train
3407,synthetic,train
8390,synthetic,train
10746,synthetic,train
7264,synthetic,train
840,synthetic,train
9922,synthetic,train
4330,synthetic,train
3603,synthetic,train
7664,synthetic,train
3932,synthetic,train
819,synthetic,train
5497,synthetic,train
8065,synthetic,train
11301,synthetic,train
772,synthetic,train
1341,synthetic,train
1924,synthetic,train
9464,synthetic,train
2191,synthetic,train
11858,synthetic,train
1410,synthetic,train
3098,synthetic,train
6209,synthetic,train
8568,synthetic,train
9192,synthetic,train
12001,synthetic,train
5437,synthetic,train
1090,synthetic,train
8571,synthetic,train
5012,synthetic,train
11967,synthetic,train
11923,synthetic,train
895,synthetic,train
4725,synthetic,train
7059,synthetic,train
8247,synthetic,train
7339,synthetic,train
7226,synthetic,train
4402,synthetic,train
7287,synthetic,train
9443,synthetic,train
1136,synthetic,train
5129,synthetic,train
5575,synthetic,train
5482,synthetic,train
264,synthetic,train
3311,synthetic,train
5951,synthetic,train
3384,synthetic,train
11112,synthetic,train
2751,synthetic,train
4114,synthetic,train
5037,synthetic,train
10167,synthetic,train
7769,synthetic,train
6717,synthetic,train
6553,synthetic,train
1408,synthetic,train
11713,synthetic,train
834,synthetic,train
4029,synthetic,train
4406,synthetic,train
1113,synthetic,train
10434,synthetic,train
11226,synthetic,train
6179,synthetic,train
9618,synthetic,train
6874,synthetic,train
6262,synthetic,train
9423,synthetic,train
11153,synthetic,train
4755,synthetic,train
8433,synthetic,train
6915,synthetic,train
2628,synthetic,train
5040,synthetic,train
8252,synthetic,train
3210,synthetic,train
5885,synthetic,train
7231,synthetic,train
8976,synthetic,train
10907,synthetic,train
2101,synthetic,train
6246,synthetic,train
797,synthetic,train
3066,synthetic,train
6061,synthetic,train
5856,synthetic,train
7466,synthetic,train
7603,synthetic,train
7820,synthetic,train
8356,synthetic,train
11627,synthetic,train
1044,synthetic,train
1669,synthetic,train
10989,synthetic,train
414,synthetic,train
8066,synthetic,train
3269,synthetic,train
1946,synthetic,train
11353,synthetic,train
4274,synthetic,train
7715,synthetic,train
4123,synthetic,train
2993,synthetic,train
2155,synthetic,train
5702,synthetic,train
829,synthetic,train
6969,synthetic,train
6114,synthetic,train
2076,synthetic,train
10517,synthetic,train
8579,synthetic,train
3654,synthetic,train
3587,synthetic,train
12236,synthetic,train
6362,synthetic,train
3235,synthetic,train
1240,synthetic,train
10752,synthetic,train
450,synthetic,train
9591,synthetic,train
5348,synthetic,train
959,synthetic,train
11968,synthetic,train
866,synthetic,train
561,synthetic,train
3680,synthetic,train
12020,synthetic,train
1320,synthetic,train
11017,synthetic,train
3704,synthetic,train
1329,synthetic,train
10976,synthetic,train
2465,synthetic,train
9695,synthetic,train
7599,synthetic,train
8468,synthetic,train
7939,synthetic,train
11572,synthetic,train
4902,synthetic,train
7943,synthetic,train
9267,synthetic,train
8256,synthetic,train
11519,synthetic,train
5860,synthetic,train
9411,synthetic,train
7282,synthetic,train
5153,synthetic,train
485,synthetic,train
3614,synthetic,train
6155,synthetic,train
10937,synthetic,train
9014,synthetic,train
3696,synthetic,train
1953,synthetic,train
7153,synthetic,train
1305,synthetic,train
3706,synthetic,train
8310,synthetic,train
9406,synthetic,train
12235,synthetic,train
11187,synthetic,train
11556,synthetic,train
4995,synthetic,train
4756,synthetic,train
1478,synthetic,train
6275,synthetic,train
9979,synthetic,train
4247,synthetic,train
5171,synthetic,train
9752,synthetic,train
4753,synthetic,train
7204,synthetic,train
5959,synthetic,train
8612,synthetic,train
1216,synthetic,train
11686,synthetic,train
3129,synthetic,train
4693,synthetic,train
5233,synthetic,train
3221,synthetic,train
2460,synthetic,train
358,synthetic,train
12077,synthetic,train
2817,synthetic,train
11635,synthetic,train
8705,synthetic,train
4459,synthetic,train
9897,synthetic,train
5799,synthetic,train
1908,synthetic,train
10148,synthetic,train
11643,synthetic,train
6457,synthetic,train
6555,synthetic,train
4759,synthetic,train
1414,synthetic,train
2515,synthetic,train
10134,synthetic,train
3430,synthetic,train
7660,synthetic,train
10508,synthetic,train
7418,synthetic,train
3368,synthetic,train
4808,synthetic,train
5683,synthetic,train
2309,synthetic,train
9468,synthetic,train
9075,synthetic,train
12013,synthetic,train
522,synthetic,train
11821,synthetic,train
4321,synthetic,train
5794,synthetic,train
6876,synthetic,train
8380,synthetic,train
8415,synthetic,train
2062,synthetic,train
4996,synthetic,train
12246,synthetic,train
2645,synthetic,train
6954,synthetic,train
6019,synthetic,train
2219,synthetic,train
3236,synthetic,train
8940,synthetic,train
2103,synthetic,train
1994,synthetic,train
3171,synthetic,train
11671,synthetic,train
8598,synthetic,train
2246,synthetic,train
9821,synthetic,train
6806,synthetic,train
7358,synthetic,train
3071,synthetic,train
919,synthetic,train
10246,synthetic,train
2771,synthetic,train
11849,synthetic,train
4542,synthetic,train
9599,synthetic,train
11724,synthetic,train
9060,synthetic,train
6547,synthetic,train
2190,synthetic,train
7385,synthetic,train
457,synthetic,train
8037,synthetic,train
3191,synthetic,train
8264,synthetic,train
2587,synthetic,train
4649,synthetic,train
9218,synthetic,train
4478,synthetic,train
11707,synthetic,train
462,synthetic,train
3770,synthetic,train
5191,synthetic,train
5795,synthetic,train
10185,synthetic,train
6051,synthetic,train
11229,synthetic,train
1967,synthetic,train
5432,synthetic,train
5509,synthetic,train
11926,synthetic,train
6788,synthetic,train
12074,synthetic,train
6115,synthetic,train
8424,synthetic,train
1114,synthetic,train
4997,synthetic,train
10612,synthetic,train
958,synthetic,train
11604,synthetic,train
11451,synthetic,train
3956,synthetic,train
1896,synthetic,train
7540,synthetic,train
7814,synthetic,train
11909,synthetic,train
3841,synthetic,train
1551,synthetic,train
6845,synthetic,train
2113,synthetic,train
5492,synthetic,train
4023,synthetic,train
3564,synthetic,train
1755,synthetic,train
11897,synthetic,train
8254,synthetic,train
2258,synthetic,train
923,synthetic,train
4008,synthetic,train
4673,synthetic,train
5790,synthetic,train
5835,synthetic,train
9161,synthetic,train
7786,synthetic,train
9734,synthetic,train
6124,synthetic,train
11127,synthetic,train
7036,synthetic,train
1566,synthetic,train
7652,synthetic,train
10689,synthetic,train
11754,synthetic,train
5852,synthetic,train
10490,synthetic,train
9981,synthetic,train
1923,synthetic,train
5710,synthetic,train
12175,synthetic,train
12199,synthetic,train
3887,synthetic,train
2953,synthetic,train
11512,synthetic,train
10049,synthetic,train
11181,synthetic,train
11077,synthetic,train
6175,synthetic,train
3417,synthetic,train
11766,synthetic,train
10174,synthetic,train
6928,synthetic,train
1319,synthetic,train
4896,synthetic,train
3502,synthetic,train
1938,synthetic,train
7152,synthetic,train
6634,synthetic,train
7834,synthetic,train
2017,synthetic,train
6279,synthetic,train
5376,synthetic,train
9015,synthetic,train
7668,synthetic,train
3050,synthetic,train
1123,synthetic,train
8118,synthetic,train
1744,synthetic,train
7295,synthetic,train
7981,synthetic,train
6237,synthetic,train
5394,synthetic,train
466,synthetic,train
4748,synthetic,train
7198,synthetic,train
9322,synthetic,train
7170,synthetic,train
762,synthetic,train
7645,synthetic,train
1288,synthetic,train
4100,synthetic,train
11142,synthetic,train
8370,synthetic,train
5316,synthetic,train
10022,synthetic,train
8414,synthetic,train
11225,synthetic,train
2991,synthetic,train
9256,synthetic,train
12097,synthetic,train
2714,synthetic,train
7475,synthetic,train
3364,synthetic,train
8652,synthetic,train
6538,synthetic,train
3359,synthetic,train
6444,synthetic,train
10730,synthetic,train
3821,synthetic,train
6152,synthetic,train
651,synthetic,train
6996,synthetic,train
5878,synthetic,train
5518,synthetic,train
9947,synthetic,train
2955,synthetic,train
2287,synthetic,train
5723,synthetic,train
2828,synthetic,train
8266,synthetic,train
324,synthetic,train
2322,synthetic,train
5536,synthetic,train
7468,synthetic,train
8944,synthetic,train
8831,synthetic,train
6591,synthetic,train
5119,synthetic,train
5147,synthetic,train
9528,synthetic,train
1138,synthetic,train
8789,synthetic,train
8176,synthetic,train
7123,synthetic,train
8152,synthetic,train
6699,synthetic,train
8129,synthetic,train
1276,synthetic,train
9727,synthetic,train
7889,synthetic,train
11794,synthetic,train
1255,synthetic,train
10433,synthetic,train
4557,synthetic,train
421,synthetic,train
5935,synthetic,train
7133,synthetic,train
9952,synthetic,train
8249,synthetic,train
4103,synthetic,train
11065,synthetic,train
11913,synthetic,train
1281,synthetic,train
3333,synthetic,train
7815,synthetic,train
4203,synthetic,train
1845,synthetic,train
10407,synthetic,train
3412,synthetic,train
8486,synthetic,train
1035,synthetic,train
11008,synthetic,train
9930,synthetic,train
7359,synthetic,train
5746,synthetic,train
6495,synthetic,train
9815,synthetic,train
7301,synthetic,train
2872,synthetic,train
7773,synthetic,train
11276,synthetic,train
10493,synthetic,train
8693,synthetic,train
10513,synthetic,train
10815,synthetic,train
9052,synthetic,train
10887,synthetic,train
5653,synthetic,train
11340,synthetic,train
9098,synthetic,train
4150,synthetic,train
3816,synthetic,train
11654,synthetic,train
1788,synthetic,train
1527,synthetic,train
7994,synthetic,train
2159,synthetic,train
4918,synthetic,train
3265,synthetic,train
2994,synthetic,train
449,synthetic,train
10258,synthetic,train
9427,synthetic,train
3007,synthetic,train
2307,synthetic,train
8109,synthetic,train
2818,synthetic,train
9534,synthetic,train
8926,synthetic,train
11356,synthetic,train
6656,synthetic,train
3645,synthetic,train
4815,synthetic,train
1444,synthetic,train
6680,synthetic,train
5311,synthetic,train
5571,synthetic,train
2693,synthetic,train
7209,synthetic,train
10843,synthetic,train
1029,synthetic,train
1945,synthetic,train
8582,synthetic,train
11371,synthetic,train
11623,synthetic,train
11896,synthetic,train
5838,synthetic,train
4686,synthetic,train
726,synthetic,train
6525,synthetic,train
5994,synthetic,train
11544,synthetic,train
12224,synthetic,train
5451,synthetic,train
5650,synthetic,train
1120,synthetic,train
7530,synthetic,train
10131,synthetic,calibration
710,synthetic,calibration
4525,synthetic,calibration
7238,synthetic,calibration
4903,synthetic,calibration
1910,synthetic,calibration
7846,synthetic,calibration
613,synthetic,calibration
7368,synthetic,calibration
4306,synthetic,calibration
9407,synthetic,calibration
4927,synthetic,calibration
6335,synthetic,calibration
7913,synthetic,calibration
636,synthetic,calibration
2674,synthetic,calibration
6726,synthetic,calibration
2130,synthetic,calibration
8191,synthetic,calibration
11996,synthetic,calibration
366,synthetic,calibration
3875,synthetic,calibration
8509,synthetic,calibration
6108,synthetic,calibration
6172,synthetic,calibration
9962,synthetic,calibration
10606,synthetic,calibration
8786,synthetic,calibration
6492,synthetic,calibration
1372,synthetic,calibration
10441,synthetic,calibration
10694,synthetic,calibration
7178,synthetic,calibration
4498,synthetic,calibration
11836,synthetic,calibration
10913,synthetic,calibration
12105,synthetic,calibration
9573,synthetic,calibration
3342,synthetic,calibration
11970,synthetic,calibration
8514,synthetic,calibration
4878,synthetic,calibration
1793,synthetic,calibration
12017,synthetic,calibration
5685,synthetic,calibration
9262,synthetic,calibration
4318,synthetic,calibration
2724,synthetic,calibration
7408,synthetic,calibration
3928,synthetic,calibration
2222,synthetic,calibration
1313,synthetic,calibration
5110,synthetic,calibration
4308,synthetic,calibration
7336,synthetic,calibration
8178,synthetic,calibration
2733,synthetic,calibration
10152,synthetic,calibration
3725,synthetic,calibration
11410,synthetic,calibration
10724,synthetic,calibration
3965,synthetic,calibration
1659,synthetic,calibration
2547,synthetic,calibration
9397,synthetic,calibration
2294,synthetic,calibration
6313,synthetic,calibration
2572,synthetic,calibration
11692,synthetic,calibration
7058,synthetic,calibration
3119,synthetic,calibration
11147,synthetic,calibration
8190,synthetic,calibration
5232,synthetic,calibration
8673,synthetic,calibration
10116,synthetic,calibration
1406,synthetic,calibration
7090,synthetic,calibration
8812,synthetic,calibration
2868,synthetic,calibration
6508,synthetic,calibration
8803,synthetic,calibration
1761,synthetic,calibration
2747,synthetic,calibration
5749,synthetic,calibration
3263,synthetic,calibration
9448,synthetic,calibration
8234,synthetic,calibration
10566,synthetic,calibration
3076,synthetic,calibration
12184,synthetic,calibration
3154,synthetic,calibration
11727,synthetic,calibration
8608,synthetic,calibration
4775,synthetic,calibration
9748,synthetic,calibration
356,synthetic,calibration
1828,synthetic,calibration
5987,synthetic,calibration
3507,synthetic,calibration
8923,synthetic,calibration
11041,synthetic,calibration
4960,synthetic,calibration
802,synthetic,calibration
4726,synthetic,calibration
9499,synthetic,calibration
2898,synthetic,calibration
5600,synthetic,calibration
6700,synthetic,calibration
2715,synthetic,calibration
11959,synthetic,calibration
8258,synthetic,calibration
8990,synthetic,calibration
2001,synthetic,calibration
3589,synthetic,calibration
8057,synthetic,calibration
7888,synthetic,calibration
8551,synthetic,calibration
2243,synthetic,calibration
9373,synthetic,calibration
11324,synthetic,calibration
11975,synthetic,calibration
1704,synthetic,calibration
470,synthetic,calibration
6021,synthetic,calibration
8706,synthetic,calibration
5006,synthetic,calibration
2471,synthetic,calibration
10616,synthetic,calibration
3742,synthetic,calibration
2414,synthetic,calibration
5318,synthetic,calibration
10719,synthetic,calibration
1415,synthetic,calibration
9864,synthetic,calibration
7347,synthetic,calibration
10827,synthetic,calibration
7873,synthetic,calibration
9264,synthetic,calibration
12111,synthetic,calibration
4206,synthetic,calibration
7094,synthetic,calibration
5704,synthetic,calibration
1351,synthetic,calibration
1796,synthetic,calibration
5947,synthetic,calibration
11689,synthetic,calibration
1126,synthetic,calibration
8513,synthetic,calibration
11625,synthetic,calibration
5760,synthetic,calibration
6417,synthetic,calibration
5309,synthetic,calibration
3214,synthetic,calibration
3029,synthetic,calibration
11837,synthetic,calibration
4781,synthetic,calibration
5847,synthetic,calibration
7279,synthetic,calibration
5773,synthetic,calibration
6993,synthetic,calibration
1271,synthetic,calibration
2958,synthetic,calibration
7017,synthetic,calibration
1253,synthetic,calibration
9767,synthetic,calibration
10161,synthetic,calibration
606,synthetic,calibration
5865,synthetic,calibration
4333,synthetic,calibration
5976,synthetic,calibration
5031,synthetic,calibration
6160,synthetic,calibration
310,synthetic,calibration
9586,synthetic,calibration
5674,synthetic,calibration
5423,synthetic,calibration
9148,synthetic,calibration
1853,synthetic,calibration
978,synthetic,calibration
4677,synthetic,calibration
7290,synthetic,calibration
7776,synthetic,calibration
9664,synthetic,calibration
3106,synthetic,calibration
5306,synthetic,calibration
9762,synthetic,calibration
9872,synthetic,calibration
8651,synthetic,calibration
2717,synthetic,calibration
1514,synthetic,calibration
1990,synthetic,calibration
2824,synthetic,calibration
6327,synthetic,calibration
9380,synthetic,calibration
5730,synthetic,calibration
7662,synthetic,calibration
6623,synthetic,calibration
9923,synthetic,calibration
1190,synthetic,calibration
8565,synthetic,calibration
1557,synthetic,calibration
2470,synthetic,calibration
9312,synthetic,calibration
9802,synthetic,calibration
10996,synthetic,calibration
6567,synthetic,calibration
4444,synthetic,calibration
10461,synthetic,calibration
2025,synthetic,calibration
3048,synthetic,calibration
5911,synthetic,calibration
1497,synthetic,calibration
7146,synthetic,calibration
7206,synthetic,calibration
3013,synthetic,calibration
7489,synthetic,calibration
7741,synthetic,calibration
2349,synthetic,calibration
10974,synthetic,calibration
8437,synthetic,calibration
9196,synthetic,calibration
2550,synthetic,calibration
4796,synthetic,calibration
7406,synthetic,calibration
8476,synthetic,calibration
9501,synthetic,calibration
10255,synthetic,calibration
12139,synthetic,calibration
7647,synthetic,calibration
4082,synthetic,calibration
11052,synthetic,calibration
2575,synthetic,calibration
9021,synthetic,calibration
9188,synthetic,calibration
3876,synthetic,calibration
6304,synthetic,calibration
8731,synthetic,calibration
10775,synthetic,calibration
1381,synthetic,calibration
9286,synthetic,calibration
1948,synthetic,calibration
6693,synthetic,calibration
9123,synthetic,calibration
3086,synthetic,calibration
8558,synthetic,calibration
732,synthetic,calibration
8339,synthetic,calibration
4702,synthetic,calibration
2223,synthetic,calibration
8168,synthetic,calibration
10800,synthetic,calibration
4130,synthetic,calibration
1096,synthetic,calibration
1160,synthetic,calibration
8905,synthetic,calibration
10727,synthetic,calibration
3464,synthetic,calibration
2887,synthetic,calibration
1790,synthetic,calibration
5649,synthetic,calibration
8464,synthetic,calibration
9629,synthetic,calibration
3964,synthetic,calibration
6767,synthetic,calibration
10764,synthetic,calibration
2194,synthetic,calibration
1943,synthetic,calibration
6835,synthetic,calibration
1072,synthetic,calibration
10685,synthetic,calibration
7924,synthetic,calibration
7081,synthetic,calibration
6509,synthetic,calibration
340,synthetic,calibration
687,synthetic,calibration
6081,synthetic,calibration
7995,synthetic,calibration
12075,synthetic,calibration
5903,synthetic,calibration
5681,synthetic,calibration
11234,synthetic,calibration
7333,synthetic,calibration
6215,synthetic,calibration
11362,synthetic,calibration
9309,synthetic,calibration
671,synthetic,calibration
823,synthetic,calibration
7447,synthetic,calibration
7494,synthetic,calibration
6145,synthetic,calibration
2852,synthetic,calibration
3535,synthetic,calibration
2487,synthetic,calibration
10928,synthetic,calibration
5388,synthetic,calibration
2782,synthetic,calibration
10136,synthetic,calibration
8379,synthetic,calibration
8626,synthetic,calibration
5528,synthetic,calibration
11531,synthetic,calibration
3555,synthetic,calibration
7822,synthetic,calibration
3284,synthetic,calibration
9851,synthetic,calibration
10412,synthetic,calibration
12255,synthetic,calibration
1405,synthetic,calibration
1116,synthetic,calibration
1367,synthetic,calibration
4388,synthetic,calibration
9213,synthetic,calibration
3728,synthetic,calibration
2348,synthetic,calibration
2627,synthetic,calibration
4354,synthetic,calibration
3118,synthetic,calibration
6434,synthetic,calibration
8478,synthetic,calibration
11255,synthetic,calibration
11164,synthetic,calibration
9245,synthetic,calibration
10647,synthetic,calibration
11493,synthetic,calibration
395,synthetic,calibration
10370,synthetic,calibration
3160,synthetic,calibration
4522,synthetic,calibration
10188,synthetic,calibration
11516,synthetic,calibration
11081,synthetic,calibration
10302,synthetic,calibration
4862,synthetic,calibration
2210,synthetic,calibration
7283,synthetic,calibration
5883,synthetic,calibration
1521,synthetic,calibration
1930,synthetic,calibration
4865,synthetic,calibration
11288,synthetic,calibration
4045,synthetic,calibration
5154,synthetic,calibration
11550,synthetic,calibration
5836,synthetic,calibration
9844,synthetic,calibration
11205,synthetic,calibration
1347,synthetic,calibration
8376,synthetic,calibration
10546,synthetic,calibration
10059,synthetic,calibration
4980,synthetic,calibration
1665,synthetic,calibration
3388,synthetic,calibration
7111,synthetic,calibration
10672,synthetic,calibration
10078,synthetic,calibration
2704,synthetic,calibration
7508,synthetic,calibration
3019,synthetic,calibration
9977,synthetic,calibration
12093,synthetic,calibration
11953,synthetic,calibration
2632,synthetic,calibration
5271,synthetic,calibration
1448,synthetic,calibration
10813,synthetic,calibration
4479,synthetic,calibration
3701,synthetic,calibration
10241,synthetic,calibration
552,synthetic,calibration
4890,synthetic,calibration
6917,synthetic,calibration
3931,synthetic,calibration
2794,synthetic,calibration
2474,synthetic,calibration
10197,synthetic,calibration
7309,synthetic,calibration
10911,synthetic,calibration
4605,synthetic,calibration
9157,synthetic,calibration
3447,synthetic,calibration
6948,synthetic,calibration
5145,synthetic,calibration
4895,synthetic,calibration
2845,synthetic,calibration
10660,synthetic,calibration
6640,synthetic,calibration
7310,synthetic,calibration
9594,synthetic,calibration
2682,synthetic,calibration
7166,synthetic,calibration
1438,synthetic,calibration
9578,synthetic,calibration
1387,synthetic,calibration
8733,synthetic,calibration
5052,synthetic,calibration
4231,synthetic,calibration
11613,synthetic,calibration
9056,synthetic,calibration
2842,synthetic,calibration
508,synthetic,calibration
9602,synthetic,calibration
8525,synthetic,calibration
8741,synthetic,calibration
7351,synthetic,calibration
4647,synthetic,calibration
3638,synthetic,calibration
4655,synthetic,calibration
759,synthetic,calibration
5713,synthetic,calibration
4510,synthetic,calibration
11914,synthetic,calibration
4877,synthetic,calibration
10916,synthetic,calibration
3031,synthetic,calibration
5039,synthetic,calibration
2911,synthetic,calibration
3277,synthetic,calibration
10981,synthetic,calibration
4513,synthetic,calibration
8331,synthetic,calibration
3730,synthetic,calibration
2664,synthetic,calibration
9139,synthetic,calibration
11441,synthetic,calibration
9465,synthetic,calibration
9053,synthetic,calibration
1615,synthetic,calibration
5298,synthetic,calibration
5313,synthetic,calibration
2578,synthetic,calibration
3391,synthetic,calibration
9171,synthetic,calibration
10358,synthetic,calibration
5179,synthetic,calibration
9878,synthetic,calibration
7007,synthetic,calibration
8377,synthetic,calibration
11222,synthetic,calibration
2873,synthetic,calibration
11246,synthetic,calibration
4079,synthetic,calibration
5294,synthetic,calibration
8062,synthetic,calibration
7607,synthetic,calibration
9018,synthetic,calibration
5943,synthetic,calibration
9314,synthetic,calibration
7544,synthetic,calibration
4264,synthetic,calibration
3216,synthetic,calibration
2874,synthetic,calibration
3130,synthetic,calibration
1545,synthetic,calibration
2548,synthetic,calibration
5788,synthetic,calibration
12219,synthetic,calibration
6208,synthetic,calibration
8897,synthetic,calibration
3576,synthetic,calibration
6391,synthetic,calibration
9198,synthetic,calibration
10997,synthetic,calibration
6123,synthetic,calibration
5761,synthetic,calibration
11106,synthetic,calibration
339,synthetic,calibration
7016,synthetic,calibration
12100,synthetic,calibration
7688,synthetic,calibration
305,synthetic,calibration
4087,synthetic,calibration
4356,synthetic,calibration
11253,synthetic,calibration
6065,synthetic,calibration
10042,synthetic,calibration
4714,synthetic,calibration
1886,synthetic,calibration
8322,synthetic,calibration
11811,synthetic,calibration
1455,synthetic,calibration
306,synthetic,calibration
11481,synthetic,calibration
3523,synthetic,calibration
1021,synthetic,calibration
6590,synthetic,calibration
9088,synthetic,calibration
11563,synthetic,calibration
5466,synthetic,calibration
6113,synthetic,calibration
5167,synthetic,calibration
5054,synthetic,calibration
12244,synthetic,calibration
5738,synthetic,calibration
9671,synthetic,calibration
8658,synthetic,calibration
2178,synthetic,calibration
11143,synthetic,calibration
5980,synthetic,calibration
10668,synthetic,calibration
11852,synthetic,calibration
5156,synthetic,calibration
965,synthetic,calibration
507,synthetic,calibration
12068,synthetic,calibration
5476,synthetic,calibration
3220,synthetic,calibration
12095,synthetic,calibration
10969,synthetic,calibration
1961,synthetic,calibration
6074,synthetic,calibration
1056,synthetic,calibration
1717,synthetic,calibration
838,synthetic,calibration
756,synthetic,calibration
3842,synthetic,calibration
9805,synthetic,calibration
5872,synthetic,calibration
4723,synthetic,calibration
6950,synthetic,calibration
11501,synthetic,calibration
9121,synthetic,calibration
12003,synthetic,calibration
5620,synthetic,calibration
4033,synthetic,calibration
2315,synthetic,calibration
7623,synthetic,calibration
9775,synthetic,calibration
7980,synthetic,calibration
790,synthetic,calibration
8632,synthetic,calibration
2093,synthetic,calibration
11978,synthetic,calibration
3873,synthetic,calibration
9894,synthetic,calibration
7116,synthetic,calibration
1866,synthetic,calibration
1963,synthetic,calibration
10264,synthetic,calibration
4315,synthetic,calibration
4847,synthetic,calibration
10296,synthetic,calibration
4612,synthetic,calibration
8206,synthetic,calibration
3612,synthetic,calibration
1575,synthetic,calibration
3868,synthetic,calibration
8660,synthetic,calibration
11877,synthetic,calibration
1619,synthetic,calibration
5826,synthetic,calibration
1484,synthetic,calibration
11517,synthetic,calibration
11747,synthetic,calibration
9073,synthetic,calibration
3678,synthetic,calibration
960,synthetic,calibration
292,synthetic,calibration
9832,synthetic,calibration
8159,synthetic,calibration
10540,synthetic,calibration
5622,synthetic,calibration
5280,synthetic,calibration
7509,synthetic,calibration
5858,synthetic,calibration
10779,synthetic,calibration
7969,synthetic,calibration
1838,synthetic,calibration
11119,synthetic,calibration
4106,synthetic,calibration
6606,synthetic,calibration
10332,synthetic,calibration
4894,synthetic,calibration
1505,synthetic,calibration
11579,synthetic,calibration
8740,synthetic,calibration
10895,synthetic,calibration
487,synthetic,calibration
836,synthetic,calibration
740,synthetic,calibration
3295,synthetic,calibration
11797,synthetic,calibration
2649,synthetic,calibration
9323,synthetic,calibration
8620,synthetic,calibration
9786,synthetic,calibration
4209,synthetic,calibration
2213,synthetic,calibration
1197,synthetic,calibration
7149,synthetic,calibration
11465,synthetic,calibration
10707,synthetic,calibration
7214,synthetic,calibration
3287,synthetic,calibration
9412,synthetic,calibration
367,synthetic,calibration
6633,synthetic,calibration
4680,synthetic,calibration
7809,synthetic,calibration
7148,synthetic,calibration
3318,synthetic,calibration
330,synthetic,calibration
9054,synthetic,calibration
10872,synthetic,calibration
1443,synthetic,calibration
10709,synthetic,calibration
6770,synthetic,calibration
1212,synthetic,calibration
1668,synthetic,calibration
880,synthetic,calibration
2579,synthetic,calibration
1426,synthetic,calibration
4454,synthetic,calibration
5042,synthetic,calibration
4613,synthetic,calibration
9724,synthetic,calibration
8970,synthetic,calibration
2537,synthetic,calibration
1016,synthetic,calibration
1858,synthetic,calibration
11171,synthetic,calibration
8236,synthetic,calibration
10656,synthetic,calibration
5597,synthetic,calibration
2652,synthetic,calibration
3015,synthetic,calibration
274,synthetic,calibration
4353,synthetic,calibration
10330,synthetic,calibration
1830,synthetic,calibration
2398,synthetic,calibration
2362,synthetic,calibration
11488,synthetic,calibration
2935,synthetic,calibration
897,synthetic,calibration
1363,synthetic,calibration
8302,synthetic,calibration
746,synthetic,calibration
7297,synthetic,calibration
1370,synthetic,calibration
1336,synthetic,calibration
3298,synthetic,calibration
8081,synthetic,calibration
639,synthetic,calibration
3745,synthetic,calibration
4589,synthetic,calibration
1378,synthetic,calibration
9598,synthetic,calibration
5564,synthetic,calibration
7774,synthetic,calibration
1217,synthetic,calibration
3348,synthetic,calibration
8968,synthetic,calibration
868,synthetic,calibration
6828,synthetic,calibration
8000,synthetic,calibration
8099,synthetic,calibration
4044,synthetic,calibration
5285,synthetic,calibration
4932,synthetic,calibration
5874,synthetic,calibration
1991,synthetic,calibration
10166,synthetic,calibration
5644,synthetic,calibration
4707,synthetic,calibration
2448,synthetic,calibration
10626,synthetic,calibration
5321,synthetic,calibration
3548,synthetic,calibration
9562,synthetic,calibration
9203,synthetic,calibration
2871,synthetic,calibration
293,synthetic,calibration
474,synthetic,calibration
10378,synthetic,calibration
5821,synthetic,calibration
11093,synthetic,calibration
8309,synthetic,calibration
4670,synthetic,calibration
5494,synthetic,calibration
12247,synthetic,calibration
268,synthetic,calibration
590,synthetic,calibration
3822,synthetic,calibration
6722,synthetic,calibration
1061,synthetic,calibration
2020,synthetic,calibration
4642,synthetic,calibration
1681,synthetic,calibration
10635,synthetic,calibration
11948,synthetic,calibration
4951,synthetic,calibration
9648,synthetic,calibration
8082,synthetic,calibration
5287,synthetic,calibration
2888,synthetic,calibration
6245,synthetic,calibration
7428,synthetic,calibration
2081,synthetic,calibration
4743,synthetic,calibration
8867,synthetic,calibration
1673,synthetic,calibration
11496,synthetic,calibration
11287,synthetic,calibration
9750,synthetic,calibration
6777,synthetic,calibration
5342,synthetic,calibration
722,synthetic,calibration
8808,synthetic,calibration
6060,synthetic,calibration
8588,synthetic,calibration
2461,synthetic,calibration
3588,synthetic,calibration
620,synthetic,calibration
5963,synthetic,calibration
4375,synthetic,calibration
10034,synthetic,calibration
9967,synthetic,calibration
4320,synthetic,calibration
11878,synthetic,calibration
734,synthetic,calibration
7078,synthetic,calibration
2648,synthetic,calibration
7593,synthetic,calibration
11964,synthetic,calibration
3604,synthetic,calibration
10929,synthetic,calibration
1634,synthetic,calibration
3020,synthetic,calibration
6818,synthetic,calibration
3308,synthetic,calibration
4251,synthetic,calibration
4387,synthetic,calibration
5149,synthetic,calibration
10369,synthetic,calibration
8915,synthetic,calibration
4768,synthetic,calibration
10659,synthetic,calibration
11698,synthetic,calibration
3759,synthetic,calibration
6999,synthetic,calibration
5381,synthetic,calibration
7794,synthetic,calibration
307,synthetic,calibration
6570,synthetic,calibration
2699,synthetic,calibration
2085,synthetic,calibration
7761,synthetic,calibration
5259,synthetic,calibration
1225,synthetic,calibration
1294,synthetic,calibration
8576,synthetic,calibration
9551,synthetic,calibration
9392,synthetic,calibration
7134,synthetic,calibration
1836,synthetic,calibration
3779,synthetic,calibration
1187,synthetic,calibration
1620,synthetic,calibration
670,synthetic,calibration
9928,synthetic,calibration
4119,synthetic,calibration
12011,synthetic,calibration
3286,synthetic,calibration
1301,synthetic,calibration
2459,synthetic,calibration
11279,synthetic,calibration
9959,synthetic,calibration
10902,synthetic,calibration
3565,synthetic,calibration
477,synthetic,calibration
3208,synthetic,calibration
4425,synthetic,calibration
4486,synthetic,calibration
3629,synthetic,calibration
2646,synthetic,calibration
667,synthetic,calibration
3855,synthetic,calibration
2369,synthetic,calibration
6197,synthetic,calibration
2716,synthetic,calibration
11404,synthetic,calibration
4488,synthetic,calibration
1862,synthetic,calibration
1480,synthetic,calibration
3626,synthetic,calibration
993,synthetic,calibration
8597,synthetic,calibration
11740,synthetic,calibration
5844,synthetic,calibration
6096,synthetic,calibration
1629,synthetic,calibration
2637,synthetic,calibration
2944,synthetic,calibration
1003,synthetic,calibration
5604,synthetic,calibration
9626,synthetic,calibration
7251,synthetic,calibration
5592,synthetic,calibration
10619,synthetic,calibration
6911,synthetic,calibration
6368,synthetic,calibration
4998,synthetic,calibration
684,synthetic,calibration
3659,synthetic,calibration
2261,synthetic,calibration
8644,synthetic,calibration
3574,synthetic,calibration
6372,synthetic,calibration
3810,synthetic,calibration
5222,synthetic,calibration
8536,synthetic,calibration
7844,synthetic,calibration
8005,synthetic,calibration
2095,synthetic,calibration
5614,synthetic,calibration
6974,synthetic,calibration
371,synthetic,calibration
11395,synthetic,calibration
6011,synthetic,calibration
12048,synthetic,calibration
12038,synthetic,calibration
3697,synthetic,calibration
6965,synthetic,calibration
10385,synthetic,calibration
345,synthetic,calibration
1772,synthetic,calibration
9907,synthetic,calibration
9477,synthetic,calibration
8672,synthetic,calibration
10924,synthetic,calibration
299,synthetic,calibration
6864,synthetic,calibration
11014,synthetic,calibration
6332,synthetic,calibration
429,synthetic,calibration
4060,synthetic,calibration
9791,synthetic,calibration
7212,synthetic,calibration
7096,synthetic,calibration
1502,synthetic,calibration
11474,synthetic,calibration
4147,synthetic,calibration
8552,synthetic,calibration
6050,synthetic,calibration
6856,synthetic,calibration
653,synthetic,calibration
6446,synthetic,calibration
11460,synthetic,calibration
1122,synthetic,calibration
7029,synthetic,calibration
11557,synthetic,calibration
3583,synthetic,calibration
383,synthetic,calibration
6962,synthetic,calibration
10350,synthetic,calibration
9189,synthetic,calibration
7792,synthetic,calibration
3133,synthetic,calibration
4118,synthetic,calibration
4144,synthetic,calibration
3938,synthetic,calibration
2597,synthetic,calibration
10761,synthetic,calibration
7703,synthetic,calibration
842,synthetic,calibration
9074,synthetic,calibration
6283,synthetic,calibration
4452,synthetic,calibration
12210,synthetic,calibration
10430,synthetic,calibration
5892,synthetic,calibration
3406,synthetic,calibration
1239,synthetic,calibration
1097,synthetic,calibration
5687,synthetic,calibration
2837,synthetic,calibration
7667,synthetic,calibration
1679,synthetic,calibration
10874,synthetic,calibration
9453,synthetic,calibration
3733,synthetic,calibration
11433,synthetic,calibration
5173,synthetic,calibration
3339,synthetic,calibration
7976,synthetic,calibration
1227,synthetic,calibration
4555,synthetic,calibration
10404,synthetic,calibration
12148,synthetic,calibration
6062,synthetic,calibration
8116,synthetic,calibration
3861,synthetic,calibration
1951,synthetic,calibration
7567,synthetic,calibration
5049,synthetic,calibration
5067,synthetic,calibration
4477,synthetic,calibration
8041,synthetic,calibration
4780,synthetic,calibration
9106,synthetic,calibration
2524,synthetic,calibration
1231,synthetic,calibration
8527,synthetic,calibration
3246,synthetic,calibration
11167,synthetic,calibration
11998,synthetic,calibration
12189,synthetic,calibration
1803,synthetic,calibration
3748,synthetic,calibration
5122,synthetic,calibration
10623,synthetic,calibration
4041,synthetic,calibration
6533,synthetic,calibration
472,synthetic,calibration
4516,synthetic,calibration
10864,synthetic,calibration
7892,synthetic,calibration
11839,synthetic,calibration
11267,synthetic,calibration
7848,synthetic,calibration
5325,synthetic,calibration
7145,synthetic,calibration
1457,synthetic,calibration
9077,synthetic,calibration
5823,synthetic,calibration
3192,synthetic,calibration
2908,synthetic,calibration
11452,synthetic,calibration
7747,synthetic,calibration
5940,synthetic,calibration
9777,synthetic,calibration
9424,synthetic,calibration
10320,synthetic,calibration
5726,synthetic,calibration
661,synthetic,calibration
5522,synthetic,calibration
6239,synthetic,calibration
7038,synthetic,calibration
4678,synthetic,calibration
2335,synthetic,calibration
11941,synthetic,calibration
364,synthetic,calibration
10067,synthetic,calibration
7665,synthetic,calibration
10691,synthetic,calibration
3918,synthetic,calibration
2758,synthetic,calibration
8223,synthetic,calibration
3319,synthetic,calibration
2055,synthetic,calibration
5991,synthetic,calibration
3830,synthetic,calibration
4170,synthetic,calibration
6754,synthetic,calibration
1970,synthetic,calibration
11391,synthetic,calibration
5577,synthetic,calibration
2718,synthetic,calibration
7712,synthetic,calibration
3159,synthetic,calibration
12144,synthetic,calibration
3283,synthetic,calibration
2149,synthetic,calibration
10445,synthetic,calibration
6687,synthetic,calibration
7258,synthetic,calibration
5194,synthetic,calibration
2564,synthetic,calibration
9393,synthetic,calibration
1409,synthetic,calibration
7682,synthetic,calibration
8562,synthetic,calibration
4948,synthetic,calibration
10705,synthetic,calibration
8143,synthetic,calibration
9104,synthetic,calibration
2796,synthetic,calibration
10524,synthetic,calibration
2244,synthetic,calibration
9595,synthetic,calibration
6140,synthetic,calibration
4343,synthetic,calibration
2040,synthetic,calibration
9938,synthetic,calibration
8704,synthetic,calibration
9031,synthetic,calibration
3792,synthetic,calibration
12143,synthetic,calibration
6253,synthetic,calibration
321,synthetic,calibration
8771,synthetic,calibration
12114,synthetic,calibration
10081,synthetic,calibration
4158,synthetic,calibration
11063,synthetic,calibration
6685,synthetic,calibration
5751,synthetic,calibration
1978,synthetic,calibration
3067,synthetic,calibration
1611,synthetic,calibration
6768,synthetic,calibration
7606,synthetic,calibration
10726,synthetic,calibration
7229,synthetic,calibration
7417,synthetic,calibration
5130,synthetic,calibration
2329,synthetic,calibration
2488,synthetic,calibration
8324,synthetic,calibration
7044,synthetic,calibration
3981,synthetic,calibration
8948,synthetic,calibration
11796,synthetic,calibration
8758,synthetic,calibration
3665,synthetic,calibration
11001,synthetic,calibration
3187,synthetic,calibration
6901,synthetic,calibration
10755,synthetic,calibration
5727,synthetic,calibration
2849,synthetic,calibration
2279,synthetic,calibration
7092,synthetic,calibration
1690,synthetic,calibration
8056,synthetic,calibration
4602,synthetic,calibration
3504,synthetic,calibration
9498,synthetic,calibration
11500,synthetic,calibration
10446,synthetic,calibration
10331,synthetic,calibration
4117,synthetic,calibration
814,synthetic,calibration
1002,synthetic,calibration
4409,synthetic,calibration
928,synthetic,calibration
5488,synthetic,calibration
1023,synthetic,calibration
1069,synthetic,calibration
10387,synthetic,calibration
3664,synthetic,calibration
9788,synthetic,calibration
6377,synthetic,calibration
3037,synthetic,calibration
8501,synthetic,calibration
2278,synthetic,calibration
8577,synthetic,calibration
4341,synthetic,calibration
7457,synthetic,calibration
5043,synthetic,calibration
4575,synthetic,calibration
1450,synthetic,calibration
10340,synthetic,calibration
6280,synthetic,calibration
9394,synthetic,calibration
8475,synthetic,calibration
3392,synthetic,calibration
5952,synthetic,calibration
2593,synthetic,calibration
8769,synthetic,calibration
2382,synthetic,calibration
11302,synthetic,calibration
8547,synthetic,calibration
9692,synthetic,calibration
5158,synthetic,calibration
7880,synthetic,calibration
7140,synthetic,calibration
4573,synthetic,calibration
10489,synthetic,calibration
4635,synthetic,calibration
8288,synthetic,calibration
6397,synthetic,calibration
1162,synthetic,calibration
795,synthetic,calibration
8483,synthetic,calibration
1176,synthetic,calibration
11799,synthetic,calibration
5993,synthetic,calibration
3173,synthetic,calibration
974,synthetic,calibration
10303,synthetic,calibration
1832,synthetic,calibration
5459,synthetic,calibration
2285,synthetic,calibration
11361,synthetic,calibration
1756,synthetic,calibration
10393,synthetic,calibration
11738,synthetic,calibration
7000,synthetic,calibration
4094,synthetic,calibration
1128,synthetic,calibration
5873,synthetic,calibration
8878,synthetic,calibration
5581,synthetic,calibration
8447,synthetic,calibration
3170,synthetic,calibration
7992,synthetic,calibration
3939,synthetic,calibration
9865,synthetic,calibration
8406,synthetic,calibration
9281,synthetic,calibration
6031,synthetic,calibration
4358,synthetic,calibration
1099,synthetic,calibration
7826,synthetic,calibration
954,synthetic,calibration
4465,synthetic,calibration
5235,synthetic,calibration
10883,synthetic,calibration
10908,synthetic,calibration
5896,synthetic,calibration
8782,synthetic,calibration
6868,synthetic,calibration
11937,synthetic,calibration
11801,synthetic,calibration
2744,synthetic,calibration
6358,synthetic,calibration
5725,synthetic,calibration
6837,synthetic,calibration
8403,synthetic,calibration
11256,synthetic,calibration
5355,synthetic,calibration
10486,synthetic,calibration
10390,synthetic,calibration
11440,synthetic,calibration
10348,synthetic,calibration
4709,synthetic,calibration
10695,synthetic,calibration
10565,synthetic,calibration
2855,synthetic,calibration
9854,synthetic,calibration
1981,synthetic,calibration
10978,synthetic,calibration
10204,synthetic,calibration
4889,synthetic,calibration
4151,synthetic,calibration
9136,synthetic,calibration
8150,synthetic,calibration
4102,synthetic,calibration
6435,synthetic,calibration
7349,synthetic,calibration
3403,synthetic,calibration
2156,synthetic,calibration
7108,synthetic,calibration
6290,synthetic,calibration
4011,synthetic,calibration
12110,synthetic,calibration
323,synthetic,calibration
1754,synthetic,calibration
11486,synthetic,calibration
3802,synthetic,calibration
4970,synthetic,calibration
9937,synthetic,calibration
5624,synthetic,calibration
10955,synthetic,calibration
8508,synthetic,calibration
9610,synthetic,calibration
8378,synthetic,calibration
6265,synthetic,calibration
8780,synthetic,calibration
11927,synthetic,calibration
11365,synthetic,calibration
7089,synthetic,calibration
3139,synthetic,calibration
3727,synthetic,calibration
1743,synthetic,calibration
11335,synthetic,calibration
4727,synthetic,calibration
4212,synthetic,calibration
5431,synthetic,calibration
1687,synthetic,calibration
8761,synthetic,calibration
7693,synthetic,calibration
9619,synthetic,calibration
11818,synthetic,calibration
10024,synthetic,calibration
1466,synthetic,calibration
6422,synthetic,calibration
4990,synthetic,calibration
7477,synthetic,calibration
3386,synthetic,calibration
4188,synthetic,calibration
9183,synthetic,calibration
10957,synthetic,calibration
9472,synthetic,calibration
363,synthetic,calibration
9705,synthetic,calibration
10904,synthetic,calibration
2889,synthetic,calibration
3320,synthetic,calibration
2214,synthetic,calibration
1280,synthetic,calibration
11316,synthetic,calibration
7144,synthetic,calibration
7335,synthetic,calibration
822,synthetic,calibration
1749,synthetic,calibration
2266,synthetic,calibration
6683,synthetic,synthetic_test
5086,synthetic,synthetic_test
2673,synthetic,synthetic_test
4701,synthetic,synthetic_test
5777,synthetic,synthetic_test
5350,synthetic,synthetic_test
4822,synthetic,synthetic_test
4627,synthetic,synthetic_test
11872,synthetic,synthetic_test
11247,synthetic,synthetic_test
9887,synthetic,synthetic_test
3073,synthetic,synthetic_test
4758,synthetic,synthetic_test
11765,synthetic,synthetic_test
4303,synthetic,synthetic_test
7622,synthetic,synthetic_test
1049,synthetic,synthetic_test
6029,synthetic,synthetic_test
7575,synthetic,synthetic_test
1852,synthetic,synthetic_test
8014,synthetic,synthetic_test
760,synthetic,synthetic_test
8833,synthetic,synthetic_test
995,synthetic,synthetic_test
10455,synthetic,synthetic_test
10956,synthetic,synthetic_test
5398,synthetic,synthetic_test
5595,synthetic,synthetic_test
10721,synthetic,synthetic_test
8387,synthetic,synthetic_test
11581,synthetic,synthetic_test
3546,synthetic,synthetic_test
3761,synthetic,synthetic_test
9350,synthetic,synthetic_test
6887,synthetic,synthetic_test
6620,synthetic,synthetic_test
10157,synthetic,synthetic_test
1692,synthetic,synthetic_test
7672,synthetic,synthetic_test
7314,synthetic,synthetic_test
8828,synthetic,synthetic_test
1944,synthetic,synthetic_test
4340,synthetic,synthetic_test
2053,synthetic,synthetic_test
9667,synthetic,synthetic_test
2067,synthetic,synthetic_test
2345,synthetic,synthetic_test
4005,synthetic,synthetic_test
1453,synthetic,synthetic_test
4645,synthetic,synthetic_test
792,synthetic,synthetic_test
7942,synthetic,synthetic_test
10044,synthetic,synthetic_test
6715,synthetic,synthetic_test
8569,synthetic,synthetic_test
9817,synthetic,synthetic_test
1266,synthetic,synthetic_test
7597,synthetic,synthetic_test
11334,synthetic,synthetic_test
11098,synthetic,synthetic_test
10389,synthetic,synthetic_test
445,synthetic,synthetic_test
11469,synthetic,synthetic_test
1674,synthetic,synthetic_test
12217,synthetic,synthetic_test
11069,synthetic,synthetic_test
10588,synthetic,synthetic_test
9690,synthetic,synthetic_test
3804,synthetic,synthetic_test
9916,synthetic,synthetic_test
10313,synthetic,synthetic_test
5366,synthetic,synthetic_test
6852,synthetic,synthetic_test
6972,synthetic,synthetic_test
6482,synthetic,synthetic_test
6635,synthetic,synthetic_test
7224,synthetic,synthetic_test
10971,synthetic,synthetic_test
2143,synthetic,synthetic_test
4112,synthetic,synthetic_test
2003,synthetic,synthetic_test
11854,synthetic,synthetic_test
1718,synthetic,synthetic_test
9473,synthetic,synthetic_test
11690,synthetic,synthetic_test
11066,synthetic,synthetic_test
700,synthetic,synthetic_test
3378,synthetic,synthetic_test
2787,synthetic,synthetic_test
7280,synthetic,synthetic_test
5541,synthetic,synthetic_test
9153,synthetic,synthetic_test
1535,synthetic,synthetic_test
4462,synthetic,synthetic_test
6225,synthetic,synthetic_test
1402,synthetic,synthetic_test
1169,synthetic,synthetic_test
8165,synthetic,synthetic_test
1776,synthetic,synthetic_test
8642,synthetic,synthetic_test
4267,synthetic,synthetic_test
1143,synthetic,synthetic_test
4813,synthetic,synthetic_test
11317,synthetic,synthetic_test
3672,synthetic,synthetic_test
5971,synthetic,synthetic_test
8991,synthetic,synthetic_test
5757,synthetic,synthetic_test
2478,synthetic,synthetic_test
8648,synthetic,synthetic_test
9694,synthetic,synthetic_test
2617,synthetic,synthetic_test
5045,synthetic,synthetic_test
8637,synthetic,synthetic_test
3281,synthetic,synthetic_test
6651,synthetic,synthetic_test
5295,synthetic,synthetic_test
2262,synthetic,synthetic_test
973,synthetic,synthetic_test
7442,synthetic,synthetic_test
7738,synthetic,synthetic_test
3734,synthetic,synthetic_test
984,synthetic,synthetic_test
4844,synthetic,synthetic_test
2915,synthetic,synthetic_test
5470,synthetic,synthetic_test
6494,synthetic,synthetic_test
9633,synthetic,synthetic_test
5460,synthetic,synthetic_test
1929,synthetic,synthetic_test
4981,synthetic,synthetic_test
4111,synthetic,synthetic_test
9255,synthetic,synthetic_test
5589,synthetic,synthetic_test
11125,synthetic,synthetic_test
9172,synthetic,synthetic_test
3340,synthetic,synthetic_test
11407,synthetic,synthetic_test
1299,synthetic,synthetic_test
6240,synthetic,synthetic_test
12171,synthetic,synthetic_test
12039,synthetic,synthetic_test
11254,synthetic,synthetic_test
6861,synthetic,synthetic_test
1486,synthetic,synthetic_test
6796,synthetic,synthetic_test
9940,synthetic,synthetic_test
7180,synthetic,synthetic_test
8305,synthetic,synthetic_test
4288,synthetic,synthetic_test
1844,synthetic,synthetic_test
2354,synthetic,synthetic_test
4664,synthetic,synthetic_test
11893,synthetic,synthetic_test
10056,synthetic,synthetic_test
4793,synthetic,synthetic_test
4882,synthetic,synthetic_test
6775,synthetic,synthetic_test
11652,synthetic,synthetic_test
8354,synthetic,synthetic_test
1818,synthetic,synthetic_test
3014,synthetic,synthetic_test
2412,synthetic,synthetic_test
7770,synthetic,synthetic_test
850,synthetic,synthetic_test
6829,synthetic,synthetic_test
12137,synthetic,synthetic_test
555,synthetic,synthetic_test
1131,synthetic,synthetic_test
10549,synthetic,synthetic_test
1701,synthetic,synthetic_test
9726,synthetic,synthetic_test
5969,synthetic,synthetic_test
3390,synthetic,synthetic_test
4786,synthetic,synthetic_test
6047,synthetic,synthetic_test
5219,synthetic,synthetic_test
1454,synthetic,synthetic_test
9223,synthetic,synthetic_test
10773,synthetic,synthetic_test
2035,synthetic,synthetic_test
4172,synthetic,synthetic_test
6098,synthetic,synthetic_test
1988,synthetic,synthetic_test
7243,synthetic,synthetic_test
1416,synthetic,synthetic_test
5849,synthetic,synthetic_test
4313,synthetic,synthetic_test
4006,synthetic,synthetic_test
6897,synthetic,synthetic_test
11589,synthetic,synthetic_test
996,synthetic,synthetic_test
9835,synthetic,synthetic_test
2043,synthetic,synthetic_test
3780,synthetic,synthetic_test
7875,synthetic,synthetic_test
3188,synthetic,synthetic_test
8677,synthetic,synthetic_test
4925,synthetic,synthetic_test
7345,synthetic,synthetic_test
4792,synthetic,synthetic_test
6346,synthetic,synthetic_test
10016,synthetic,synthetic_test
8975,synthetic,synthetic_test
964,synthetic,synthetic_test
10138,synthetic,synthetic_test
6356,synthetic,synthetic_test
10227,synthetic,synthetic_test
4599,synthetic,synthetic_test
8271,synthetic,synthetic_test
8817,synthetic,synthetic_test
12040,synthetic,synthetic_test
2600,synthetic,synthetic_test
5093,synthetic,synthetic_test
7307,synthetic,synthetic_test
7159,synthetic,synthetic_test
7624,synthetic,synthetic_test
3203,synthetic,synthetic_test
4672,synthetic,synthetic_test
3575,synthetic,synthetic_test
2496,synthetic,synthetic_test
10211,synthetic,synthetic_test
9020,synthetic,synthetic_test
593,synthetic,synthetic_test
2514,synthetic,synthetic_test
1544,synthetic,synthetic_test
3096,synthetic,synthetic_test
8561,synthetic,synthetic_test
8375,synthetic,synthetic_test
3297,synthetic,synthetic_test
9747,synthetic,synthetic_test
4719,synthetic,synthetic_test
5014,synthetic,synthetic_test
5783,synthetic,synthetic_test
8692,synthetic,synthetic_test
2512,synthetic,synthetic_test
5898,synthetic,synthetic_test
5089,synthetic,synthetic_test
11309,synthetic,synthetic_test
6531,synthetic,synthetic_test
5339,synthetic,synthetic_test
3881,synthetic,synthetic_test
10103,synthetic,synthetic_test
2051,synthetic,synthetic_test
11860,synthetic,synthetic_test
9326,synthetic,synthetic_test
7277,synthetic,synthetic_test
8463,synthetic,synthetic_test
5090,synthetic,synthetic_test
10544,synthetic,synthetic_test
3420,synthetic,synthetic_test
10591,synthetic,synthetic_test
8394,synthetic,synthetic_test
11468,synthetic,synthetic_test
7704,synthetic,synthetic_test
8511,synthetic,synthetic_test
8776,synthetic,synthetic_test
5917,synthetic,synthetic_test
11973,synthetic,synthetic_test
11470,synthetic,synthetic_test
7039,synthetic,synthetic_test
8436,synthetic,synthetic_test
1417,synthetic,synthetic_test
5786,synthetic,synthetic_test
825,synthetic,synthetic_test
7373,synthetic,synthetic_test
2290,synthetic,synthetic_test
8747,synthetic,synthetic_test
769,synthetic,synthetic_test
6995,synthetic,synthetic_test
907,synthetic,synthetic_test
10768,synthetic,synthetic_test
11184,synthetic,synthetic_test
12227,synthetic,synthetic_test
6749,synthetic,synthetic_test
3853,synthetic,synthetic_test
6880,synthetic,synthetic_test
3258,synthetic,synthetic_test
6672,synthetic,synthetic_test
2499,synthetic,synthetic_test
4054,synthetic,synthetic_test
4149,synthetic,synthetic_test
6811,synthetic,synthetic_test
9290,synthetic,synthetic_test
10367,synthetic,synthetic_test
7569,synthetic,synthetic_test
885,synthetic,synthetic_test
1580,synthetic,synthetic_test
609,synthetic,synthetic_test
1675,synthetic,synthetic_test
7585,synthetic,synthetic_test
9665,synthetic,synthetic_test
8528,synthetic,synthetic_test
5412,synthetic,synthetic_test
1835,synthetic,synthetic_test
1278,synthetic,synthetic_test
6756,synthetic,synthetic_test
2104,synthetic,synthetic_test
8139,synthetic,synthetic_test
689,synthetic,synthetic_test
10359,synthetic,synthetic_test
2731,synthetic,synthetic_test
1563,synthetic,synthetic_test
4801,synthetic,synthetic_test
8931,synthetic,synthetic_test
9679,synthetic,synthetic_test
12031,synthetic,synthetic_test
8426,synthetic,synthetic_test
3782,synthetic,synthetic_test
1112,synthetic,synthetic_test
7823,synthetic,synthetic_test
7394,synthetic,synthetic_test
2712,synthetic,synthetic_test
10822,synthetic,synthetic_test
968,synthetic,synthetic_test
11786,synthetic,synthetic_test
9953,synthetic,synthetic_test
4517,synthetic,synthetic_test
9494,synthetic,synthetic_test
12183,synthetic,synthetic_test
3550,synthetic,synthetic_test
1059,synthetic,synthetic_test
3532,synthetic,synthetic_test
9038,synthetic,synthetic_test
5425,synthetic,synthetic_test
7737,synthetic,synthetic_test
2084,synthetic,synthetic_test
2875,synthetic,synthetic_test
2402,synthetic,synthetic_test
12182,synthetic,synthetic_test
4735,synthetic,synthetic_test
10718,synthetic,synthetic_test
11871,synthetic,synthetic_test
9005,synthetic,synthetic_test
5214,synthetic,synthetic_test
3877,synthetic,synthetic_test
7866,synthetic,synthetic_test
6387,synthetic,synthetic_test
1570,synthetic,synthetic_test
3482,synthetic,synthetic_test
6820,synthetic,synthetic_test
6865,synthetic,synthetic_test
8743,synthetic,synthetic_test
7285,synthetic,synthetic_test
9333,synthetic,synthetic_test
8289,synthetic,synthetic_test
6107,synthetic,synthetic_test
7099,synthetic,synthetic_test
1931,synthetic,synthetic_test
11995,synthetic,synthetic_test
6345,synthetic,synthetic_test
10179,synthetic,synthetic_test
990,synthetic,synthetic_test
10856,synthetic,synthetic_test
4073,synthetic,synthetic_test
6146,synthetic,synthetic_test
12088,synthetic,synthetic_test
721,synthetic,synthetic_test
1218,synthetic,synthetic_test
8477,synthetic,synthetic_test
12028,synthetic,synthetic_test
8398,synthetic,synthetic_test
11341,synthetic,synthetic_test
563,synthetic,synthetic_test
11010,synthetic,synthetic_test
2635,synthetic,synthetic_test
7512,synthetic,synthetic_test
2910,synthetic,synthetic_test
4734,synthetic,synthetic_test
7399,synthetic,synthetic_test
6546,synthetic,synthetic_test
11524,synthetic,synthetic_test
12090,synthetic,synthetic_test
6781,synthetic,synthetic_test
5583,synthetic,synthetic_test
359,synthetic,synthetic_test
10438,synthetic,synthetic_test
4290,synthetic,synthetic_test
7419,synthetic,synthetic_test
4399,synthetic,synthetic_test
2680,synthetic,synthetic_test
5819,synthetic,synthetic_test
4991,synthetic,synthetic_test
10697,synthetic,synthetic_test
11251,synthetic,synthetic_test
11368,synthetic,synthetic_test
1693,synthetic,synthetic_test
5791,synthetic,synthetic_test
1583,synthetic,synthetic_test
4379,synthetic,synthetic_test
733,synthetic,synthetic_test
3958,synthetic,synthetic_test
8986,synthetic,synthetic_test
10159,synthetic,synthetic_test
4898,synthetic,synthetic_test
7095,synthetic,synthetic_test
6131,synthetic,synthetic_test
11569,synthetic,synthetic_test
5383,synthetic,synthetic_test
5771,synthetic,synthetic_test
3951,synthetic,synthetic_test
4037,synthetic,synthetic_test
7046,synthetic,synthetic_test
2834,synthetic,synthetic_test
668,synthetic,synthetic_test
971,synthetic,synthetic_test
7436,synthetic,synthetic_test
7727,synthetic,synthetic_test
5840,synthetic,synthetic_test
1607,synthetic,synthetic_test
7897,synthetic,synthetic_test
9673,synthetic,synthetic_test
1321,synthetic,synthetic_test
9385,synthetic,synthetic_test
9405,synthetic,synthetic_test
9137,synthetic,synthetic_test
10113,synthetic,synthetic_test
9728,synthetic,synthetic_test
11622,synthetic,synthetic_test
4352,synthetic,synthetic_test
4671,synthetic,synthetic_test
2241,synthetic,synthetic_test
4093,synthetic,synthetic_test
715,synthetic,synthetic_test
6617,synthetic,synthetic_test
6966,synthetic,synthetic_test
6550,synthetic,synthetic_test
1922,synthetic,synthetic_test
1992,synthetic,synthetic_test
2358,synthetic,synthetic_test
4978,synthetic,synthetic_test
5665,synthetic,synthetic_test
1532,synthetic,synthetic_test
5617,synthetic,synthetic_test
10108,synthetic,synthetic_test
8823,synthetic,synthetic_test
12065,synthetic,synthetic_test
5098,synthetic,synthetic_test
2449,synthetic,synthetic_test
3367,synthetic,synthetic_test
1876,synthetic,synthetic_test
8220,synthetic,synthetic_test
9991,synthetic,synthetic_test
9107,synthetic,synthetic_test
3008,synthetic,synthetic_test
4982,synthetic,synthetic_test
5484,synthetic,synthetic_test
11696,synthetic,synthetic_test
3051,synthetic,synthetic_test
2161,synthetic,synthetic_test
9146,synthetic,synthetic_test
9858,synthetic,synthetic_test
717,synthetic,synthetic_test
1282,synthetic,synthetic_test
7410,synthetic,synthetic_test
1773,synthetic,synthetic_test
4634,synthetic,synthetic_test
9881,synthetic,synthetic_test
3134,synthetic,synthetic_test
10840,synthetic,synthetic_test
9884,synthetic,synthetic_test
7328,synthetic,synthetic_test
11755,synthetic,synthetic_test
5062,synthetic,synthetic_test
7937,synthetic,synthetic_test
2045,synthetic,synthetic_test
8825,synthetic,synthetic_test
8009,synthetic,synthetic_test
11107,synthetic,synthetic_test
8295,synthetic,synthetic_test
10977,synthetic,synthetic_test
10297,synthetic,synthetic_test
6571,synthetic,synthetic_test
10563,synthetic,synthetic_test
2702,synthetic,synthetic_test
3262,synthetic,synthetic_test
11303,synthetic,synthetic_test
3834,synthetic,synthetic_test
5139,synthetic,synthetic_test
3360,synthetic,synthetic_test
12128,synthetic,synthetic_test
2505,synthetic,synthetic_test
6163,synthetic,synthetic_test
7782,synthetic,synthetic_test
9565,synthetic,synthetic_test
5753,synthetic,synthetic_test
6203,synthetic,synthetic_test
6227,synthetic,synthetic_test
3988,synthetic,synthetic_test
336,synthetic,synthetic_test
6881,synthetic,synthetic_test
409,synthetic,synthetic_test
8746,synthetic,synthetic_test
3524,synthetic,synthetic_test
8989,synthetic,synthetic_test
3358,synthetic,synthetic_test
8630,synthetic,synthetic_test
5619,synthetic,synthetic_test
10772,synthetic,synthetic_test
11644,synthetic,synthetic_test
11463,synthetic,synthetic_test
9062,synthetic,synthetic_test
10298,synthetic,synthetic_test
10848,synthetic,synthetic_test
7320,synthetic,synthetic_test
4698,synthetic,synthetic_test
11688,synthetic,synthetic_test
2763,synthetic,synthetic_test
7952,synthetic,synthetic_test
4860,synthetic,synthetic_test
1706,synthetic,synthetic_test
7973,synthetic,synthetic_test
8428,synthetic,synthetic_test
7507,synthetic,synthetic_test
9742,synthetic,synthetic_test
1008,synthetic,synthetic_test
4654,synthetic,synthetic_test
2126,synthetic,synthetic_test
7639,synthetic,synthetic_test
11768,synthetic,synthetic_test
7233,synthetic,synthetic_test
1855,synthetic,synthetic_test
5371,synthetic,synthetic_test
1230,synthetic,synthetic_test
417,synthetic,synthetic_test
10918,synthetic,synthetic_test
3408,synthetic,synthetic_test
7114,synthetic,synthetic_test
2846,synthetic,synthetic_test
7369,synthetic,synthetic_test
5331,synthetic,synthetic_test
3789,synthetic,synthetic_test
6369,synthetic,synthetic_test
778,synthetic,synthetic_test
11863,synthetic,synthetic_test
3534,synthetic,synthetic_test
9889,synthetic,synthetic_test
1952,synthetic,synthetic_test
11320,synthetic,synthetic_test
11224,synthetic,synthetic_test
11814,synthetic,synthetic_test
8818,synthetic,synthetic_test
7752,synthetic,synthetic_test
6643,synthetic,synthetic_test
10965,synthetic,synthetic_test
2974,synthetic,synthetic_test
3970,synthetic,synthetic_test
5804,synthetic,synthetic_test
410,synthetic,synthetic_test
3911,synthetic,synthetic_test
2476,synthetic,synthetic_test
4146,synthetic,synthetic_test
11971,synthetic,synthetic_test
5642,synthetic,synthetic_test
301,synthetic,synthetic_test
2885,synthetic,synthetic_test
2195,synthetic,synthetic_test
8631,synthetic,synthetic_test
1482,synthetic,synthetic_test
7176,synthetic,synthetic_test
9270,synthetic,synthetic_test
10537,synthetic,synthetic_test
11850,synthetic,synthetic_test
6857,synthetic,synthetic_test
7968,synthetic,synthetic_test
2475,synthetic,synthetic_test
2224,synthetic,synthetic_test
523,synthetic,synthetic_test
6987,synthetic,synthetic_test
9906,synthetic,synthetic_test
3169,synthetic,synthetic_test
3613,synthetic,synthetic_test
1609,synthetic,synthetic_test
8655,synthetic,synthetic_test
2893,synthetic,synthetic_test
7785,synthetic,synthetic_test
5360,synthetic,synthetic_test
9403,synthetic,synthetic_test
2443,synthetic,synthetic_test
8767,synthetic,synthetic_test
8329,synthetic,synthetic_test
1883,synthetic,synthetic_test
5380,synthetic,synthetic_test
7022,synthetic,synthetic_test
5068,synthetic,synthetic_test
4909,synthetic,synthetic_test
11194,synthetic,synthetic_test
2099,synthetic,synthetic_test
12126,synthetic,synthetic_test
5249,synthetic,synthetic_test
10316,synthetic,synthetic_test
11886,synthetic,synthetic_test
11091,synthetic,synthetic_test
8101,synthetic,synthetic_test
1132,synthetic,synthetic_test
1141,synthetic,synthetic_test
7257,synthetic,synthetic_test
11674,synthetic,synthetic_test
10352,synthetic,synthetic_test
10063,synthetic,synthetic_test
2148,synthetic,synthetic_test
8790,synthetic,synthetic_test
11087,synthetic,synthetic_test
7449,synthetic,synthetic_test
943,synthetic,synthetic_test
5288,synthetic,synthetic_test
6305,synthetic,synthetic_test
476,synthetic,synthetic_test
8902,synthetic,synthetic_test
2181,synthetic,synthetic_test
3747,synthetic,synthetic_test
8839,synthetic,synthetic_test
7801,synthetic,synthetic_test
11793,synthetic,synthetic_test
3786,synthetic,synthetic_test
2886,synthetic,synthetic_test
2427,synthetic,synthetic_test
9600,synthetic,synthetic_test
12191,synthetic,synthetic_test
8351,synthetic,synthetic_test
7849,synthetic,synthetic_test
3136,synthetic,synthetic_test
3124,synthetic,synthetic_test
9048,synthetic,synthetic_test
5417,synthetic,synthetic_test
9242,synthetic,synthetic_test
2570,synthetic,synthetic_test
12008,synthetic,synthetic_test
8955,synthetic,synthetic_test
355,synthetic,synthetic_test
8357,synthetic,synthetic_test
9011,synthetic,synthetic_test
5486,synthetic,synthetic_test
2137,synthetic,synthetic_test
9876,synthetic,synthetic_test
6481,synthetic,synthetic_test
4378,synthetic,synthetic_test
5373,synthetic,synthetic_test
4371,synthetic,synthetic_test
10306,synthetic,synthetic_test
7429,synthetic,synthetic_test
1919,synthetic,synthetic_test
11050,synthetic,synthetic_test
5876,synthetic,synthetic_test
9918,synthetic,synthetic_test
4198,synthetic,synthetic_test
2869,synthetic,synthetic_test
10703,synthetic,synthetic_test
8806,synthetic,synthetic_test
12116,synthetic,synthetic_test
2367,synthetic,synthetic_test
3707,synthetic,synthetic_test
448,synthetic,synthetic_test
8942,synthetic,synthetic_test
9976,synthetic,synthetic_test
5455,synthetic,synthetic_test
1590,synthetic,synthetic_test
10075,synthetic,synthetic_test
11394,synthetic,synthetic_test
1459,synthetic,synthetic_test
10096,synthetic,synthetic_test
7035,synthetic,synthetic_test
11503,synthetic,synthetic_test
1714,synthetic,synthetic_test
9316,synthetic,synthetic_test
10046,synthetic,synthetic_test
5640,synthetic,synthetic_test
9524,synthetic,synthetic_test
676,synthetic,synthetic_test
3647,synthetic,synthetic_test
9094,synthetic,synthetic_test
4214,synthetic,synthetic_test
2327,synthetic,synthetic_test
7506,synthetic,synthetic_test
9842,synthetic,synthetic_test
4408,synthetic,synthetic_test
1783,synthetic,synthetic_test
3376,synthetic,synthetic_test
2105,synthetic,synthetic_test
7085,synthetic,synthetic_test
8760,synthetic,synthetic_test
7498,synthetic,synthetic_test
7984,synthetic,synthetic_test
641,synthetic,synthetic_test
9826,synthetic,synthetic_test
6637,synthetic,synthetic_test
11162,synthetic,synthetic_test
482,synthetic,synthetic_test
2410,synthetic,synthetic_test
8548,synthetic,synthetic_test
9731,synthetic,synthetic_test
3724,synthetic,synthetic_test
2767,synthetic,synthetic_test
3479,synthetic,synthetic_test
998,synthetic,synthetic_test
9509,synthetic,synthetic_test
3493,synthetic,synthetic_test
11071,synthetic,synthetic_test
5430,synthetic,synthetic_test
3467,synthetic,synthetic_test
4191,synthetic,synthetic_test
11336,synthetic,synthetic_test
11435,synthetic,synthetic_test
12052,synthetic,synthetic_test
10319,synthetic,synthetic_test
2738,synthetic,synthetic_test
12211,synthetic,synthetic_test
5658,synthetic,synthetic_test
2165,synthetic,synthetic_test
4383,synthetic,synthetic_test
9622,synthetic,synthetic_test
437,synthetic,synthetic_test
6451,synthetic,synthetic_test
9824,synthetic,synthetic_test
7168,synthetic,synthetic_test
8710,synthetic,synthetic_test
7758,synthetic,synthetic_test
6367,synthetic,synthetic_test
6719,synthetic,synthetic_test
1468,synthetic,synthetic_test
1859,synthetic,synthetic_test
5026,synthetic,synthetic_test
3195,synthetic,synthetic_test
4449,synthetic,synthetic_test
3252,synthetic,synthetic_test
2281,synthetic,synthetic_test
8541,synthetic,synthetic_test
6979,synthetic,synthetic_test
1982,synthetic,synthetic_test
5667,synthetic,synthetic_test
7542,synthetic,synthetic_test
6566,synthetic,synthetic_test
9569,synthetic,synthetic_test
2713,synthetic,synthetic_test
8425,synthetic,synthetic_test
3491,synthetic,synthetic_test
9482,synthetic,synthetic_test
5887,synthetic,synthetic_test
6159,synthetic,synthetic_test
427,synthetic,synthetic_test
11706,synthetic,synthetic_test
633,synthetic,synthetic_test
9542,synthetic,synthetic_test
9317,synthetic,synthetic_test
7838,synthetic,synthetic_test
1746,synthetic,synthetic_test
7482,synthetic,synthetic_test
4724,synthetic,synthetic_test
11780,synthetic,synthetic_test
4324,synthetic,synthetic_test
8603,synthetic,synthetic_test
8100,synthetic,synthetic_test
6639,synthetic,synthetic_test
4389,synthetic,synthetic_test
9655,synthetic,synthetic_test
7021,synthetic,synthetic_test
3632,synthetic,synthetic_test
743,synthetic,synthetic_test
2428,synthetic,synthetic_test
9325,synthetic,synthetic_test
5032,synthetic,synthetic_test
8028,synthetic,synthetic_test
5609,synthetic,synthetic_test
12032,synthetic,synthetic_test
3026,synthetic,synthetic_test
263,synthetic,synthetic_test
2661,synthetic,synthetic_test
8796,synthetic,synthetic_test
8461,synthetic,synthetic_test
6082,synthetic,synthetic_test
11351,synthetic,synthetic_test
5210,synthetic,synthetic_test
2370,synthetic,synthetic_test
3276,synthetic,synthetic_test
3691,synthetic,synthetic_test
4428,synthetic,synthetic_test
5901,synthetic,synthetic_test
5330,synthetic,synthetic_test
2665,synthetic,synthetic_test
2404,synthetic,synthetic_test
3984,synthetic,synthetic_test
3294,synthetic,synthetic_test
3244,synthetic,synthetic_test
736,synthetic,synthetic_test
3609,synthetic,synthetic_test
3414,synthetic,synthetic_test
1262,synthetic,synthetic_test
9426,synthetic,synthetic_test
4869,synthetic,synthetic_test
11965,synthetic,synthetic_test
7993,synthetic,synthetic_test
10749,synthetic,synthetic_test
10639,synthetic,synthetic_test
5103,synthetic,synthetic_test
11048,synthetic,synthetic_test
1399,synthetic,synthetic_test
863,synthetic,synthetic_test
10829,synthetic,synthetic_test
11206,synthetic,synthetic_test
2272,synthetic,synthetic_test
5051,synthetic,synthetic_test
553,synthetic,synthetic_test
1328,synthetic,synthetic_test
3967,synthetic,synthetic_test
9083,synthetic,synthetic_test
1510,synthetic,synthetic_test
10701,synthetic,synthetic_test
5406,synthetic,synthetic_test
3385,synthetic,synthetic_test
3557,synthetic,synthetic_test
7608,synthetic,synthetic_test
7905,synthetic,synthetic_test
6681,synthetic,synthetic_test
11075,synthetic,synthetic_test
5443,synthetic,synthetic_test
10684,synthetic,synthetic_test
10927,synthetic,synthetic_test
5411,synthetic,synthetic_test
5974,synthetic,synthetic_test
5178,synthetic,synthetic_test
4968,synthetic,synthetic_test
3968,synthetic,synthetic_test
4779,synthetic,synthetic_test
5024,synthetic,synthetic_test
9117,synthetic,synthetic_test
2588,synthetic,synthetic_test
7570,synthetic,synthetic_test
688,synthetic,synthetic_test
10905,synthetic,synthetic_test
10539,synthetic,synthetic_test
6922,synthetic,synthetic_test
3752,synthetic,synthetic_test
9082,synthetic,synthetic_test
5162,synthetic,synthetic_test
5623,synthetic,synthetic_test
3663,synthetic,synthetic_test
3429,synthetic,synthetic_test
3212,synthetic,synthetic_test
5546,synthetic,synthetic_test
3240,synthetic,synthetic_test
2725,synthetic,synthetic_test
3594,synthetic,synthetic_test
8545,synthetic,synthetic_test
5981,synthetic,synthetic_test
11798,synthetic,synthetic_test
3705,synthetic,synthetic_test
7909,synthetic,synthetic_test
12120,synthetic,synthetic_test
7538,synthetic,synthetic_test
11400,synthetic,synthetic_test
8132,synthetic,synthetic_test
7217,synthetic,synthetic_test
1018,synthetic,synthetic_test
8753,synthetic,synthetic_test
725,synthetic,synthetic_test
12254,synthetic,synthetic_test
7671,synthetic,synthetic_test
669,synthetic,synthetic_test
8071,synthetic,synthetic_test
3966,synthetic,synthetic_test
2779,synthetic,synthetic_test
5389,synthetic,synthetic_test
9532,synthetic,synthetic_test
5752,synthetic,synthetic_test
10873,synthetic,synthetic_test
11109,synthetic,synthetic_test
9168,synthetic,synthetic_test
837,synthetic,synthetic_test
11046,synthetic,synthetic_test
10323,synthetic,synthetic_test
11543,synthetic,synthetic_test
6593,synthetic,synthetic_test
4201,synthetic,synthetic_test
11261,synthetic,synthetic_test
10737,synthetic,synthetic_test
1742,synthetic,synthetic_test
2651,synthetic,synthetic_test
11437,synthetic,synthetic_test
9935,synthetic,synthetic_test
2063,synthetic,synthetic_test
3189,synthetic,synthetic_test
4407,synthetic,synthetic_test
10127,synthetic,synthetic_test
911,synthetic,synthetic_test
4349,synthetic,synthetic_test
4947,synthetic,synthetic_test
5979,synthetic,synthetic_test
10511,synthetic,synthetic_test
7352,synthetic,synthetic_test
10278,synthetic,synthetic_test
1894,synthetic,synthetic_test
7376,synthetic,synthetic_test
4834,synthetic,synthetic_test
2238,synthetic,synthetic_test
6793,synthetic,synthetic_test
9274,synthetic,synthetic_test
8953,synthetic,synthetic_test
10175,synthetic,synthetic_test
391,synthetic,synthetic_test
2388,synthetic,synthetic_test
2791,synthetic,synthetic_test
12223,synthetic,synthetic_test
10386,synthetic,synthetic_test
9076,synthetic,synthetic_test
460,synthetic,synthetic_test
9481,synthetic,synthetic_test
7171,synthetic,synthetic_test
10900,synthetic,synthetic_test
11431,synthetic,synthetic_test
9474,synthetic,synthetic_test
2546,synthetic,synthetic_test
6170,synthetic,synthetic_test
1473,synthetic,synthetic_test
3682,synthetic,synthetic_test
747,synthetic,synthetic_test
2745,synthetic,synthetic_test
10177,synthetic,synthetic_test
6282,synthetic,synthetic_test
6003,synthetic,synthetic_test
7126,synthetic,synthetic_test
5531,synthetic,synthetic_test
11216,synthetic,synthetic_test
3223,synthetic,synthetic_test
4953,synthetic,synthetic_test
8373,synthetic,synthetic_test
2065,synthetic,synthetic_test
10782,synthetic,synthetic_test
2933,synthetic,synthetic_test
10447,synthetic,synthetic_test
8015,synthetic,synthetic_test
645,synthetic,synthetic_test
12218,synthetic,synthetic_test
9377,synthetic,synthetic_test
7150,synthetic,synthetic_test
11890,synthetic,synthetic_test
8208,synthetic,synthetic_test
3002,synthetic,synthetic_test
728,synthetic,synthetic_test
1071,synthetic,synthetic_test
6582,synthetic,synthetic_test
2672,synthetic,synthetic_test
11459,synthetic,synthetic_test
9620,synthetic,synthetic_test
4713,synthetic,synthetic_test
8755,synthetic,synthetic_test
11908,synthetic,synthetic_test
4493,synthetic,synthetic_test
3107,synthetic,synthetic_test
1270,synthetic,synthetic_test
3375,synthetic,synthetic_test
1048,synthetic,synthetic_test
4497,synthetic,synthetic_test
5072,synthetic,synthetic_test
5123,synthetic,synthetic_test
915,synthetic,synthetic_test
10605,synthetic,synthetic_test
11787,synthetic,synthetic_test
6854,synthetic,synthetic_test
5181,synthetic,synthetic_test
12070,synthetic,synthetic_test
2752,synthetic,synthetic_test
5209,synthetic,synthetic_test
2510,synthetic,synthetic_test
7370,synthetic,synthetic_test
1317,synthetic,synthetic_test
11538,synthetic,synthetic_test
5557,synthetic,synthetic_test
9340,synthetic,synthetic_test
3285,synthetic,synthetic_test
1826,synthetic,synthetic_test
12083,synthetic,synthetic_test
10579,synthetic,synthetic_test
10216,synthetic,synthetic_test
5456,synthetic,synthetic_test
5302,synthetic,synthetic_test
9268,synthetic,synthetic_test
9550,synthetic,synthetic_test
5208,synthetic,synthetic_test
6611,synthetic,synthetic_test
6195,synthetic,synthetic_test
11869,synthetic,synthetic_test
3498,synthetic,synthetic_test
3466,synthetic,synthetic_test
12108,synthetic,synthetic_test
6942,synthetic,synthetic_test
3862,synthetic,synthetic_test
296,synthetic,synthetic_test
4357,synthetic,synthetic_test
9536,synthetic,synthetic_test
2530,synthetic,synthetic_test
11308,synthetic,synthetic_test
11116,synthetic,synthetic_test
5924,synthetic,synthetic_test
8245,synthetic,synthetic_test
10809,synthetic,synthetic_test
12202,synthetic,synthetic_test
7413,synthetic,synthetic_test
9251,synthetic,synthetic_test
5415,synthetic,synthetic_test
4658,synthetic,synthetic_test
4940,synthetic,synthetic_test
1470,synthetic,synthetic_test
10766,synthetic,synthetic_test
10425,synthetic,synthetic_test
2183,synthetic,synthetic_test
3903,synthetic,synthetic_test
4653,synthetic,synthetic_test
10502,synthetic,synthetic_test
9596,synthetic,synthetic_test
8367,synthetic,synthetic_test
3723,synthetic,synthetic_test
8397,synthetic,synthetic_test
11899,synthetic,synthetic_test
3328,synthetic,synthetic_test
6575,synthetic,synthetic_test
9065,synthetic,synthetic_test
10663,synthetic,synthetic_test
9822,synthetic,synthetic_test
7087,synthetic,synthetic_test
833,synthetic,synthetic_test
3845,synthetic,synthetic_test
3182,synthetic,synthetic_test
1166,synthetic,synthetic_test
10250,synthetic,synthetic_test
3266,synthetic,synthetic_test
10871,synthetic,synthetic_test
2876,synthetic,synthetic_test
1037,synthetic,synthetic_test
2217,synthetic,synthetic_test
5651,synthetic,synthetic_test
11207,synthetic,synthetic_test
10891,synthetic,synthetic_test
1461,synthetic,synthetic_test
7325,synthetic,synthetic_test
10816,synthetic,synthetic_test
6093,synthetic,synthetic_test
2004,synthetic,synthetic_test
12060,synthetic,synthetic_test
2394,synthetic,synthetic_test
3953,synthetic,synthetic_test
2620,synthetic,synthetic_test
5279,synthetic,synthetic_test
1903,synthetic,synthetic_test
291,synthetic,synthetic_test
2498,synthetic,synthetic_test
656,synthetic,synthetic_test
8928,synthetic,synthetic_test
9707,synthetic,synthetic_test
10818,synthetic,synthetic_test
11726,synthetic,synthetic_test
3544,synthetic,synthetic_test
10269,synthetic,synthetic_test
9954,synthetic,synthetic_test
7796,synthetic,synthetic_test
1344,synthetic,synthetic_test
6374,synthetic,synthetic_test
6097,synthetic,synthetic_test
3836,synthetic,synthetic_test
5868,synthetic,synthetic_test
10277,synthetic,synthetic_test
9568,synthetic,synthetic_test
8192,synthetic,synthetic_test
4416,synthetic,synthetic_test
10023,synthetic,synthetic_test
10704,synthetic,synthetic_test
4050,synthetic,synthetic_test
4451,synthetic,synthetic_test
10547,synthetic,synthetic_test
3630,synthetic,synthetic_test
4309,synthetic,synthetic_test
3115,synthetic,synthetic_test
8204,synthetic,synthetic_test
10001,synthetic,synthetic_test
7464,synthetic,synthetic_test
5566,synthetic,synthetic_test
12140,synthetic,synthetic_test
11774,synthetic,synthetic_test
9749,synthetic,synthetic_test
10519,synthetic,synthetic_test
5102,synthetic,synthetic_test
8749,synthetic,synthetic_test
4764,synthetic,synthetic_test
8034,synthetic,synthetic_test
8521,synthetic,synthetic_test
7886,synthetic,synthetic_test
3251,synthetic,synthetic_test
7912,synthetic,synthetic_test
7459,synthetic,synthetic_test
9540,synthetic,synthetic_test
8183,synthetic,synthetic_test
11278,synthetic,synthetic_test
3671,synthetic,synthetic_test
2007,synthetic,synthetic_test
4156,synthetic,synthetic_test
2803,synthetic,synthetic_test
3880,synthetic,synthetic_test
10841,synthetic,synthetic_test
10792,synthetic,synthetic_test
1373,synthetic,synthetic_test
1915,synthetic,synthetic_test
5070,synthetic,synthetic_test
11560,synthetic,synthetic_test
5385,synthetic,synthetic_test
5784,synthetic,synthetic_test
12094,synthetic,synthetic_test
9554,synthetic,synthetic_test
10403,synthetic,synthetic_test
9379,synthetic,synthetic_test
4450,synthetic,synthetic_test
12213,synthetic,synthetic_test
8184,synthetic,synthetic_test
9662,synthetic,synthetic_test
10583,synthetic,synthetic_test
2707,synthetic,synthetic_test
1829,synthetic,synthetic_test
5183,synthetic,synthetic_test
5646,synthetic,synthetic_test
1004,synthetic,synthetic_test
691,synthetic,synthetic_test
9691,synthetic,synthetic_test
3718,synthetic,synthetic_test
3217,synthetic,synthetic_test
5936,synthetic,synthetic_test
11781,synthetic,synthetic_test
6278,synthetic,synthetic_test
10368,synthetic,synthetic_test
11879,synthetic,synthetic_test
7677,synthetic,synthetic_test
12169,synthetic,synthetic_test
1440,synthetic,synthetic_test
3444,synthetic,synthetic_test
2054,synthetic,synthetic_test
10964,synthetic,synthetic_test
277,synthetic,synthetic_test
4422,synthetic,synthetic_test
3639,synthetic,synthetic_test
5471,synthetic,synthetic_test
7514,synthetic,synthetic_test
8231,synthetic,synthetic_test
10645,synthetic,synthetic_test
6761,synthetic,synthetic_test
6442,synthetic,synthetic_test
8281,synthetic,synthetic_test
793,synthetic,synthetic_test
7121,synthetic,synthetic_test
3337,synthetic,synthetic_test
2026,synthetic,synthetic_test
1822,synthetic,synthetic_test
8709,synthetic,synthetic_test
3807,synthetic,synthetic_test
4133,synthetic,synthetic_test
2509,synthetic,synthetic_test
10865,synthetic,synthetic_test
12201,synthetic,synthetic_test
1542,synthetic,synthetic_test
9719,synthetic,synthetic_test
10376,synthetic,synthetic_test
7210,synthetic,synthetic_test
8012,synthetic,synthetic_test
8105,synthetic,synthetic_test
3361,synthetic,synthetic_test
1024,synthetic,synthetic_test
4942,synthetic,synthetic_test
505,synthetic,synthetic_test
11387,synthetic,synthetic_test
3330,synthetic,synthetic_test
3685,synthetic,synthetic_test
9158,synthetic,synthetic_test
8019,synthetic,synthetic_test
11602,synthetic,synthetic_test
1306,synthetic,synthetic_test
11735,synthetic,synthetic_test
3906,synthetic,synthetic_test
11438,synthetic,synthetic_test
11739,synthetic,synthetic_test
5510,synthetic,synthetic_test
3393,synthetic,synthetic_test
3078,synthetic,synthetic_test
4344,synthetic,synthetic_test
8913,synthetic,synthetic_test
3952,synthetic,synthetic_test
6449,synthetic,synthetic_test
11936,synthetic,synthetic_test
11915,synthetic,synthetic_test
6023,synthetic,synthetic_test
8088,synthetic,synthetic_test
9830,synthetic,synthetic_test
5100,synthetic,synthetic_test
5763,synthetic,synthetic_test
10178,synthetic,synthetic_test
5521,synthetic,synthetic_test
5253,synthetic,synthetic_test
10214,synthetic,synthetic_test
493,synthetic,synthetic_test
12022,synthetic,synthetic_test
5572,synthetic,synthetic_test
10638,synthetic,synthetic_test
4364,synthetic,synthetic_test
5002,synthetic,synthetic_test
5636,synthetic,synthetic_test
7788,synthetic,synthetic_test
8335,synthetic,synthetic_test
1610,synthetic,synthetic_test
2150,synthetic,synthetic_test
5739,synthetic,synthetic_test
295,synthetic,synthetic_test
9886,synthetic,synthetic_test
4058,synthetic,synthetic_test
10435,synthetic,synthetic_test
9193,synthetic,synthetic_test
8423,synthetic,synthetic_test
809,synthetic,synthetic_test
1839,synthetic,synthetic_test
1295,synthetic,synthetic_test
5441,synthetic,synthetic_test
9919,synthetic,synthetic_test
2111,synthetic,synthetic_test
9708,synthetic,synthetic_test
478,synthetic,synthetic_test
6038,synthetic,synthetic_test
5776,synthetic,synthetic_test
8104,synthetic,synthetic_test
5212,synthetic,synthetic_test
10651,synthetic,synthetic_test
7378,synthetic,synthetic_test
7156,synthetic,synthetic_test
5927,synthetic,synthetic_test
1857,synthetic,synthetic_test
10498,synthetic,synthetic_test
5637,synthetic,synthetic_test
4143,synthetic,synthetic_test
1316,synthetic,synthetic_test
1666,synthetic,synthetic_test
4104,synthetic,synthetic_test
8255,synthetic,synthetic_test
5019,synthetic,synthetic_test
1342,synthetic,synthetic_test
8661,synthetic,synthetic_test
7863,synthetic,synthetic_test
7755,synthetic,synthetic_test
9142,synthetic,synthetic_test
10375,synthetic,synthetic_test
1371,synthetic,synthetic_test
5104,synthetic,synthetic_test
9843,synthetic,synthetic_test
7966,synthetic,synthetic_test
3323,synthetic,synthetic_test
4370,synthetic,synthetic_test
9452,synthetic,synthetic_test
803,synthetic,synthetic_test
10741,synthetic,synthetic_test
9500,synthetic,synthetic_test
8325,synthetic,synthetic_test
7448,synthetic,synthetic_test
5995,synthetic,synthetic_test
9446,synthetic,synthetic_test
548,synthetic,synthetic_test
9656,synthetic,synthetic_test
1291,synthetic,synthetic_test
2576,synthetic,synthetic_test
4436,synthetic,synthetic_test
260,synthetic,synthetic_test
4169,synthetic,synthetic_test
2028,synthetic,synthetic_test
1009,synthetic,synthetic_test
7595,synthetic,synthetic_test
5832,synthetic,synthetic_test
12059,synthetic,synthetic_test
8440,synthetic,synthetic_test
6504,synthetic,synthetic_test
11773,synthetic,synthetic_test
3022,synthetic,synthetic_test
1878,synthetic,synthetic_test
9636,synthetic,synthetic_test
8443,synthetic,synthetic_test
2400,synthetic,synthetic_test
10771,synthetic,synthetic_test
5234,synthetic,synthetic_test
10931,synthetic,synthetic_test
9833,synthetic,synthetic_test
2006,synthetic,synthetic_test
1407,synthetic,synthetic_test
5140,synthetic,synthetic_test
12109,synthetic,synthetic_test
10342,synthetic,synthetic_test
3242,synthetic,synthetic_test
1662,synthetic,synthetic_test
6064,synthetic,synthetic_test
8421,synthetic,synthetic_test
4233,synthetic,synthetic_test
9971,synthetic,synthetic_test
11802,synthetic,synthetic_test
9703,synthetic,synthetic_test
11113,synthetic,synthetic_test
770,synthetic,synthetic_test
8590,synthetic,synthetic_test
1751,synthetic,synthetic_test
3949,synthetic,synthetic_test
9293,synthetic,synthetic_test
6601,synthetic,synthetic_test
5487,synthetic,synthetic_test
6941,synthetic,synthetic_test
7010,synthetic,synthetic_test
10347,synthetic,synthetic_test
8495,synthetic,synthetic_test
11137,synthetic,synthetic_test
1846,synthetic,synthetic_test
8054,synthetic,synthetic_test
8583,synthetic,synthetic_test
8874,synthetic,synthetic_test
8764,synthetic,synthetic_test
3689,synthetic,synthetic_test
7702,synthetic,synthetic_test
3468,synthetic,synthetic_test
4430,synthetic,synthetic_test
11800,synthetic,synthetic_test
9920,synthetic,synthetic_test
8956,synthetic,synthetic_test
7051,synthetic,synthetic_test
4295,synthetic,synthetic_test
11210,synthetic,synthetic_test
10222,synthetic,synthetic_test
9681,synthetic,synthetic_test
11991,synthetic,synthetic_test
5694,synthetic,synthetic_test
10414,synthetic,synthetic_test
551,synthetic,synthetic_test
7663,synthetic,synthetic_test
2491,synthetic,synthetic_test
7045,synthetic,synthetic_test
9793,synthetic,synthetic_test
5588,synthetic,synthetic_test
2666,synthetic,synthetic_test
11134,synthetic,synthetic_test
1962,synthetic,synthetic_test
1093,synthetic,synthetic_test
5267,synthetic,synthetic_test
4215,synthetic,synthetic_test
11594,synthetic,synthetic_test
9017,synthetic,synthetic_test
2650,synthetic,synthetic_test
2608,synthetic,synthetic_test
1973,synthetic,synthetic_test
11757,synthetic,synthetic_test
6918,synthetic,synthetic_test
1493,synthetic,synthetic_test
10429,synthetic,synthetic_test
3011,synthetic,synthetic_test
8533,synthetic,synthetic_test
10679,synthetic,synthetic_test
6652,synthetic,synthetic_test
2289,synthetic,synthetic_test
6150,synthetic,synthetic_test
2783,synthetic,synthetic_test
2952,synthetic,synthetic_test
6520,synthetic,synthetic_test
5127,synthetic,synthetic_test
3800,synthetic,synthetic_test
5107,synthetic,synthetic_test
873,synthetic,synthetic_test
11097,synthetic,synthetic_test
8903,synthetic,synthetic_test
4737,synthetic,synthetic_test
8856,synthetic,synthetic_test
6562,synthetic,synthetic_test
6394,synthetic,synthetic_test
6695,synthetic,synthetic_test
3303,synthetic,synthetic_test
8735,synthetic,synthetic_test
729,synthetic,synthetic_test
11596,synthetic,synthetic_test
1220,synthetic,synthetic_test
11357,synthetic,synthetic_test
8008,synthetic,synthetic_test
6084,synthetic,synthetic_test
7962,synthetic,synthetic_test
7125,synthetic,synthetic_test
5724,synthetic,synthetic_test
2940,synthetic,synthetic_test
10395,synthetic,synthetic_test
2945,synthetic,synthetic_test
10521,synthetic,synthetic_test
4604,synthetic,synthetic_test
933,synthetic,synthetic_test
3944,synthetic,synthetic_test
1477,synthetic,synthetic_test
7858,synthetic,synthetic_test
4270,synthetic,synthetic_test
9987,synthetic,synthetic_test
9715,synthetic,synthetic_test
9204,synthetic,synthetic_test
6471,synthetic,synthetic_test
9100,synthetic,synthetic_test
7185,synthetic,synthetic_test
7926,synthetic,synthetic_test
5144,synthetic,synthetic_test
583,synthetic,synthetic_test
10740,synthetic,synthetic_test
10906,synthetic,synthetic_test
6678,synthetic,synthetic_test
7471,synthetic,synthetic_test
5942,synthetic,synthetic_test
6273,synthetic,synthetic_test
893,synthetic,synthetic_test
1420,synthetic,synthetic_test
8889,synthetic,synthetic_test
7050,synthetic,synthetic_test
5527,synthetic,synthetic_test
6850,synthetic,synthetic_test
7635,synthetic,synthetic_test
4809,synthetic,synthetic_test
4040,synthetic,synthetic_test
4272,synthetic,synthetic_test
9028,synthetic,synthetic_test
361,synthetic,synthetic_test
2384,synthetic,synthetic_test
6210,synthetic,synthetic_test
8979,synthetic,synthetic_test
8770,synthetic,synthetic_test
11663,synthetic,synthetic_test
970,synthetic,synthetic_test
1732,synthetic,synthetic_test
5462,synthetic,synthetic_test
7267,synthetic,synthetic_test
6030,synthetic,synthetic_test
5843,synthetic,synthetic_test
8030,synthetic,synthetic_test
4141,synthetic,synthetic_test
7541,synthetic,synthetic_test
10597,synthetic,synthetic_test
2231,synthetic,synthetic_test
12216,synthetic,synthetic_test
4901,synthetic,synthetic_test
1645,synthetic,synthetic_test
4708,synthetic,synthetic_test
3354,synthetic,synthetic_test
6055,synthetic,synthetic_test
8004,synthetic,synthetic_test
8573,synthetic,synthetic_test
5593,synthetic,synthetic_test
10646,synthetic,synthetic_test
1055,synthetic,synthetic_test
4939,synthetic,synthetic_test
8320,synthetic,synthetic_test
4539,synthetic,synthetic_test
10361,synthetic,synthetic_test
5645,synthetic,synthetic_test
1639,synthetic,synthetic_test
5627,synthetic,synthetic_test
8910,synthetic,synthetic_test
1519,synthetic,synthetic_test
924,synthetic,synthetic_test
7323,synthetic,synthetic_test
1768,synthetic,synthetic_test
8599,synthetic,synthetic_test
4867,synthetic,synthetic_test
11221,synthetic,synthetic_test
1302,synthetic,synthetic_test
3940,synthetic,synthetic_test
10008,synthetic,synthetic_test
675,synthetic,synthetic_test
10194,synthetic,synthetic_test
3062,synthetic,synthetic_test
4015,synthetic,synthetic_test
5625,synthetic,synthetic_test
368,synthetic,synthetic_test
3494,synthetic,synthetic_test
4254,synthetic,synthetic_test
4595,synthetic,synthetic_test
2848,synthetic,synthetic_test
1054,synthetic,synthetic_test
564,synthetic,synthetic_test
2082,synthetic,synthetic_test
11179,synthetic,synthetic_test
4307,synthetic,synthetic_test
6929,synthetic,synthetic_test
5120,synthetic,synthetic_test
11737,synthetic,synthetic_test
9650,synthetic,synthetic_test
9147,synthetic,synthetic_test
10759,synthetic,synthetic_test
3910,synthetic,synthetic_test
9135,synthetic,synthetic_test
11402,synthetic,synthetic_test
10932,synthetic,synthetic_test
11101,synthetic,synthetic_test
9399,synthetic,synthetic_test
8860,synthetic,synthetic_test
11484,synthetic,synthetic_test
1854,synthetic,synthetic_test
2444,synthetic,synthetic_test
3260,synthetic,synthetic_test
12071,synthetic,synthetic_test
10405,synthetic,synthetic_test
1079,synthetic,synthetic_test
11983,synthetic,synthetic_test
1174,synthetic,synthetic_test
9808,synthetic,synthetic_test
4257,synthetic,synthetic_test
4382,synthetic,synthetic_test
540,synthetic,synthetic_test
3215,synthetic,synthetic_test
8110,synthetic,synthetic_test
4936,synthetic,synthetic_test
10462,synthetic,synthetic_test
7060,synthetic,synthetic_test
3350,synthetic,synthetic_test
5292,synthetic,synthetic_test
9606,synthetic,synthetic_test
512,synthetic,synthetic_test
9357,synthetic,synthetic_test
3365,synthetic,synthetic_test
3338,synthetic,synthetic_test
9001,synthetic,synthetic_test
2936,synthetic,synthetic_test
2743,synthetic,synthetic_test
6448,synthetic,synthetic_test
9548,synthetic,synthetic_test
6844,synthetic,synthetic_test
7539,synthetic,synthetic_test
10130,synthetic,synthetic_test
8069,synthetic,synthetic_test
7778,synthetic,synthetic_test
2094,synthetic,synthetic_test
1338,synthetic,synthetic_test
9295,synthetic,synthetic_test
8570,synthetic,synthetic_test
3660,synthetic,synthetic_test
9990,synthetic,synthetic_test
10301,synthetic,synthetic_test
9996,synthetic,synthetic_test
9260,synthetic,synthetic_test
2774,synthetic,synthetic_test
2719,synthetic,synthetic_test
628,synthetic,synthetic_test
6045,synthetic,synthetic_test
5404,synthetic,synthetic_test
4874,synthetic,synthetic_test
2387,synthetic,synthetic_test
3755,synthetic,synthetic_test
571,synthetic,synthetic_test
9363,synthetic,synthetic_test
8382,synthetic,synthetic_test
2677,synthetic,synthetic_test
10787,synthetic,synthetic_test
10015,synthetic,synthetic_test
3859,synthetic,synthetic_test
12033,synthetic,synthetic_test
4588,synthetic,synthetic_test
7025,synthetic,synthetic_test
10712,synthetic,synthetic_test
12163,synthetic,synthetic_test
10559,synthetic,synthetic_test
9388,synthetic,synthetic_test
1653,synthetic,synthetic_test
5266,synthetic,synthetic_test
8774,synthetic,synthetic_test
3144,synthetic,synthetic_test
2005,synthetic,synthetic_test
7923,synthetic,synthetic_test
8084,synthetic,synthetic_test
4870,synthetic,synthetic_test
5768,synthetic,synthetic_test
9787,synthetic,synthetic_test
2602,synthetic,synthetic_test
5934,synthetic,synthetic_test
1719,synthetic,synthetic_test
7972,synthetic,synthetic_test
289,synthetic,synthetic_test
11413,synthetic,synthetic_test
8957,synthetic,synthetic_test
4154,synthetic,synthetic_test
1007,synthetic,synthetic_test
6792,synthetic,synthetic_test
846,synthetic,synthetic_test
4661,synthetic,synthetic_test
7772,synthetic,synthetic_test
10118,synthetic,synthetic_test
10808,synthetic,synthetic_test
5805,synthetic,synthetic_test
9215,synthetic,synthetic_test
2018,synthetic,synthetic_test
7896,synthetic,synthetic_test
3161,synthetic,synthetic_test
1655,synthetic,synthetic_test
8553,synthetic,synthetic_test
11509,synthetic,synthetic_test
4162,synthetic,synthetic_test
10110,synthetic,synthetic_test
8260,synthetic,synthetic_test
5273,synthetic,synthetic_test
9359,synthetic,synthetic_test
6908,synthetic,synthetic_test
11079,synthetic,synthetic_test
10102,synthetic,synthetic_test
11094,synthetic,synthetic_test
9442,synthetic,synthetic_test
7627,synthetic,synthetic_test
4012,synthetic,synthetic_test
3271,synthetic,synthetic_test
680,synthetic,synthetic_test
3325,synthetic,synthetic_test
4619,synthetic,synthetic_test
10184,synthetic,synthetic_test
3514,synthetic,synthetic_test
5436,synthetic,synthetic_test
3399,synthetic,synthetic_test
4945,synthetic,synthetic_test
5871,synthetic,synthetic_test
10291,synthetic,synthetic_test
686,synthetic,synthetic_test
3721,synthetic,synthetic_test
4506,synthetic,synthetic_test
10235,synthetic,synthetic_test
5912,synthetic,synthetic_test
7003,synthetic,synthetic_test
4077,synthetic,synthetic_test
10169,synthetic,synthetic_test
9197,synthetic,synthetic_test
9276,synthetic,synthetic_test
12037,synthetic,synthetic_test
2280,synthetic,synthetic_test
9396,synthetic,synthetic_test
1241,synthetic,synthetic_test
3273,synthetic,synthetic_test
10968,synthetic,synthetic_test
8070,synthetic,synthetic_test
6258,synthetic,synthetic_test
10253,synthetic,synthetic_test
8717,synthetic,synthetic_test
7387,synthetic,synthetic_test
12082,synthetic,synthetic_test
4365,synthetic,synthetic_test
1569,synthetic,synthetic_test
6148,synthetic,synthetic_test
5837,synthetic,synthetic_test
7549,synthetic,synthetic_test
7216,synthetic,synthetic_test
12053,synthetic,synthetic_test
7959,synthetic,synthetic_test
578,synthetic,synthetic_test
7338,synthetic,synthetic_test
8291,synthetic,synthetic_test
5659,synthetic,synthetic_test
10057,synthetic,synthetic_test
5076,synthetic,synthetic_test
12174,synthetic,synthetic_test
4740,synthetic,synthetic_test
3525,synthetic,synthetic_test
4974,synthetic,synthetic_test
546,synthetic,synthetic_test
6232,synthetic,synthetic_test
2347,synthetic,synthetic_test
2987,synthetic,synthetic_test
440,synthetic,synthetic_test
7840,synthetic,synthetic_test
10192,synthetic,synthetic_test
499,synthetic,synthetic_test
11935,synthetic,synthetic_test
8098,synthetic,synthetic_test
10400,synthetic,synthetic_test
6407,synthetic,synthetic_test
11715,synthetic,synthetic_test
6344,synthetic,synthetic_test
2492,synthetic,synthetic_test
1769,synthetic,synthetic_test
9086,synthetic,synthetic_test
4577,synthetic,synthetic_test
2585,synthetic,synthetic_test
4633,synthetic,synthetic_test
4181,synthetic,synthetic_test
2622,synthetic,synthetic_test
3653,synthetic,synthetic_test
8670,synthetic,synthetic_test
1678,synthetic,synthetic_test
6361,synthetic,synthetic_test
4524,synthetic,synthetic_test
9537,synthetic,synthetic_test
658,synthetic,synthetic_test
4289,synthetic,synthetic_test
5485,synthetic,synthetic_test
3784,synthetic,synthetic_test
8707,synthetic,synthetic_test
7221,synthetic,synthetic_test
550,synthetic,synthetic_test
5150,synthetic,synthetic_test
7432,synthetic,synthetic_test
9693,synthetic,synthetic_test
1541,synthetic,synthetic_test
9434,synthetic,synthetic_test
6322,synthetic,synthetic_test
10710,synthetic,synthetic_test
2201,synthetic,synthetic_test
865,synthetic,synthetic_test
8137,synthetic,synthetic_test
8868,synthetic,synthetic_test
352,synthetic,synthetic_test
4480,synthetic,synthetic_test
1025,synthetic,synthetic_test
11552,synthetic,synthetic_test
881,synthetic,synthetic_test
2879,synthetic,synthetic_test
5479,synthetic,synthetic_test
8319,synthetic,synthetic_test
6250,synthetic,synthetic_test
3149,synthetic,synthetic_test
9587,synthetic,synthetic_test
11640,synthetic,synthetic_test
4204,synthetic,synthetic_test
9297,synthetic,synthetic_test
2975,synthetic,synthetic_test
2275,synthetic,synthetic_test
9797,synthetic,synthetic_test
10220,synthetic,synthetic_test
8493,synthetic,synthetic_test
1350,synthetic,synthetic_test
9272,synthetic,synthetic_test
8690,synthetic,synthetic_test
9969,synthetic,synthetic_test
9645,synthetic,synthetic_test
3559,synthetic,synthetic_test
7748,synthetic,synthetic_test
4601,synthetic,synthetic_test
4284,synthetic,synthetic_test
10869,synthetic,synthetic_test
10777,synthetic,synthetic_test
11684,synthetic,synthetic_test
10567,synthetic,synthetic_test
6274,synthetic,synthetic_test
581,synthetic,synthetic_test
9713,synthetic,synthetic_test
3709,synthetic,synthetic_test
6028,synthetic,synthetic_test
1286,synthetic,synthetic_test
1110,synthetic,synthetic_test
6746,synthetic,synthetic_test
12173,synthetic,synthetic_test
2146,synthetic,synthetic_test
11443,synthetic,synthetic_test
3585,synthetic,synthetic_test
4900,synthetic,synthetic_test
5322,synthetic,synthetic_test
9774,synthetic,synthetic_test
6625,synthetic,synthetic_test
404,synthetic,synthetic_test
4956,synthetic,synthetic_test
302,synthetic,synthetic_test
11612,synthetic,synthetic_test
2269,synthetic,synthetic_test
4469,synthetic,synthetic_test
4625,synthetic,synthetic_test
9941,synthetic,synthetic_test
333,synthetic,synthetic_test
2528,synthetic,synthetic_test
9627,synthetic,synthetic_test
4965,synthetic,synthetic_test
9909,synthetic,synthetic_test
773,synthetic,synthetic_test
7055,synthetic,synthetic_test
10068,synthetic,synthetic_test
2000,synthetic,synthetic_test
1435,synthetic,synthetic_test
6365,synthetic,synthetic_test
348,synthetic,synthetic_test
11620,synthetic,synthetic_test
3371,synthetic,synthetic_test
2640,synthetic,synthetic_test
6041,synthetic,synthetic_test
5132,synthetic,synthetic_test
12064,synthetic,synthetic_test
4286,synthetic,synthetic_test
433,synthetic,synthetic_test
8506,synthetic,synthetic_test
7674,synthetic,synthetic_test
5519,synthetic,synthetic_test
3916,synthetic,synthetic_test
5537,synthetic,synthetic_test
3962,synthetic,synthetic_test
10578,synthetic,synthetic_test
11661,synthetic,synthetic_test
11848,synthetic,synthetic_test
3948,synthetic,synthetic_test
2151,synthetic,synthetic_test
5358,synthetic,synthetic_test
5822,synthetic,synthetic_test
6988,synthetic,synthetic_test
10270,synthetic,synthetic_test
4866,synthetic,synthetic_test
2437,synthetic,synthetic_test
11815,synthetic,synthetic_test
7013,synthetic,synthetic_test
12167,synthetic,synthetic_test
5305,synthetic,synthetic_test
2481,synthetic,synthetic_test
7080,synthetic,synthetic_test
10040,synthetic,synthetic_test
9683,synthetic,synthetic_test
7949,synthetic,synthetic_test
2175,synthetic,synthetic_test
1643,synthetic,synthetic_test
3838,synthetic,synthetic_test
884,synthetic,synthetic_test
9339,synthetic,synthetic_test
7843,synthetic,synthetic_test
12072,synthetic,synthetic_test
607,synthetic,synthetic_test
3256,synthetic,synthetic_test
1578,synthetic,synthetic_test
854,synthetic,synthetic_test
8044,synthetic,synthetic_test
2225,synthetic,synthetic_test
4255,synthetic,synthetic_test
3768,synthetic,synthetic_test
8714,synthetic,synthetic_test
5513,synthetic,synthetic_test
2145,synthetic,synthetic_test
9329,synthetic,synthetic_test
1052,synthetic,synthetic_test
5189,synthetic,synthetic_test
11151,synthetic,synthetic_test
12051,synthetic,synthetic_test
9335,synthetic,synthetic_test
11007,synthetic,synthetic_test
11537,synthetic,synthetic_test
575,synthetic,synthetic_test
3253,synthetic,synthetic_test
9321,synthetic,synthetic_test
3954,synthetic,synthetic_test
12058,synthetic,synthetic_test
3729,synthetic,synthetic_test
7982,synthetic,synthetic_test
8921,synthetic,synthetic_test
10495,synthetic,synthetic_test
2924,synthetic,synthetic_test
699,synthetic,synthetic_test
7862,synthetic,synthetic_test
1925,synthetic,synthetic_test
6008,synthetic,synthetic_test
10631,synthetic,synthetic_test
4674,synthetic,synthetic_test
511,synthetic,synthetic_test
4392,synthetic,synthetic_test
5719,synthetic,synthetic_test
6760,synthetic,synthetic_test
8523,synthetic,synthetic_test
4710,synthetic,synthetic_test
5782,synthetic,synthetic_test
4966,synthetic,synthetic_test
11487,synthetic,synthetic_test
6561,synthetic,synthetic_test
6403,synthetic,synthetic_test
2317,synthetic,synthetic_test
1034,synthetic,synthetic_test
7601,synthetic,synthetic_test
11021,synthetic,synthetic_test
8634,synthetic,synthetic_test
10780,synthetic,synthetic_test
7717,synthetic,synthetic_test
1713,synthetic,synthetic_test
11788,synthetic,synthetic_test
6558,synthetic,synthetic_test
5028,synthetic,synthetic_test
2961,synthetic,synthetic_test
5223,synthetic,synthetic_test
4821,synthetic,synthetic_test
8353,synthetic,synthetic_test
8147,synthetic,synthetic_test
11388,synthetic,synthetic_test
10687,synthetic,synthetic_test
2683,synthetic,synthetic_test
4857,synthetic,synthetic_test
627,synthetic,synthetic_test
9081,synthetic,synthetic_test
8085,synthetic,synthetic_test
1694,synthetic,synthetic_test
7077,synthetic,synthetic_test
3945,synthetic,synthetic_test
7431,synthetic,synthetic_test
3615,synthetic,synthetic_test
10223,synthetic,synthetic_test
3567,synthetic,synthetic_test
10123,synthetic,synthetic_test
9496,synthetic,synthetic_test
11825,synthetic,synthetic_test
10287,synthetic,synthetic_test
11834,synthetic,synthetic_test
10851,synthetic,synthetic_test
3920,synthetic,synthetic_test
3305,synthetic,synthetic_test
1918,synthetic,synthetic_test
10601,synthetic,synthetic_test
5284,synthetic,synthetic_test
12185,synthetic,synthetic_test
10355,synthetic,synthetic_test
527,synthetic,synthetic_test
8543,synthetic,synthetic_test
7780,synthetic,synthetic_test
11573,synthetic,synthetic_test
2299,synthetic,synthetic_test
6732,synthetic,synthetic_test
6120,synthetic,synthetic_test
6470,synthetic,synthetic_test
4861,synthetic,synthetic_test
7521,synthetic,synthetic_test
8265,synthetic,synthetic_test
9701,synthetic,synthetic_test
2368,synthetic,synthetic_test
7811,synthetic,synthetic_test
3255,synthetic,synthetic_test
707,synthetic,synthetic_test
11039,synthetic,synthetic_test
8362,synthetic,synthetic_test
11026,synthetic,synthetic_test
10267,synthetic,synthetic_test
10509,synthetic,synthetic_test
12251,synthetic,synthetic_test
9926,synthetic,synthetic_test
11250,synthetic,synthetic_test
10943,synthetic,synthetic_test
4113,synthetic,synthetic_test
8131,synthetic,synthetic_test
6540,synthetic,synthetic_test
12004,synthetic,synthetic_test
4360,synthetic,synthetic_test
9006,synthetic,synthetic_test
8185,synthetic,synthetic_test
10817,synthetic,synthetic_test
10917,synthetic,synthetic_test
6184,synthetic,synthetic_test
6122,synthetic,synthetic_test
10470,synthetic,synthetic_test
11163,synthetic,synthetic_test
7107,synthetic,synthetic_test
534,synthetic,synthetic_test
519,synthetic,synthetic_test
7191,synthetic,synthetic_test
392,synthetic,synthetic_test
7136,synthetic,synthetic_test
6994,synthetic,synthetic_test
11104,synthetic,synthetic_test
4598,synthetic,synthetic_test
11759,synthetic,synthetic_test
852,synthetic,synthetic_test
7091,synthetic,synthetic_test
7762,synthetic,synthetic_test
8327,synthetic,synthetic_test
2124,synthetic,synthetic_test
9429,synthetic,synthetic_test
4913,synthetic,synthetic_test
2776,synthetic,synthetic_test
7390,synthetic,synthetic_test
5899,synthetic,synthetic_test
11455,synthetic,synthetic_test
2685,synthetic,synthetic_test
3234,synthetic,synthetic_test
5656,synthetic,synthetic_test
7935,synthetic,synthetic_test
2577,synthetic,synthetic_test
10863,synthetic,synthetic_test
7137,synthetic,synthetic_test
10553,synthetic,synthetic_test
10143,synthetic,synthetic_test
1868,synthetic,synthetic_test
1632,synthetic,synthetic_test
7247,synthetic,synthetic_test
4218,synthetic,synthetic_test
2164,synthetic,synthetic_test
12176,synthetic,synthetic_test
11414,synthetic,synthetic_test
9640,synthetic,synthetic_test
7726,synthetic,synthetic_test
10796,synthetic,synthetic_test
3166,synthetic,synthetic_test
648,synthetic,synthetic_test
6297,synthetic,synthetic_test
4291,synthetic,synthetic_test
4115,synthetic,synthetic_test
1479,synthetic,synthetic_test
5105,synthetic,synthetic_test
11409,synthetic,synthetic_test
5663,synthetic,synthetic_test
5440,synthetic,synthetic_test
2561,synthetic,synthetic_test
3080,synthetic,synthetic_test
11482,synthetic,synthetic_test
594,synthetic,synthetic_test
3542,synthetic,synthetic_test
11051,synthetic,synthetic_test
2212,synthetic,synthetic_test
5336,synthetic,synthetic_test
8836,synthetic,synthetic_test
11716,synthetic,synthetic_test
6878,synthetic,synthetic_test
8466,synthetic,synthetic_test
12153,synthetic,synthetic_test
2969,synthetic,synthetic_test
7958,synthetic,synthetic_test
8930,synthetic,synthetic_test
8086,synthetic,synthetic_test
3061,synthetic,synthetic_test
9663,synthetic,synthetic_test
3673,synthetic,synthetic_test
4899,synthetic,synthetic_test
659,synthetic,synthetic_test
11717,synthetic,synthetic_test
5895,synthetic,synthetic_test
3142,synthetic,synthetic_test
11822,synthetic,synthetic_test
6831,synthetic,synthetic_test
7800,synthetic,synthetic_test
2318,synthetic,synthetic_test
6723,synthetic,synthetic_test
1357,synthetic,synthetic_test
4174,synthetic,synthetic_test
7300,synthetic,synthetic_test
6724,synthetic,synthetic_test
11855,synthetic,synthetic_test
9299,synthetic,synthetic_test
2880,synthetic,synthetic_test
1739,synthetic,synthetic_test
3912,synthetic,synthetic_test
3852,synthetic,synthetic_test
9582,synthetic,synthetic_test
709,synthetic,synthetic_test
1042,synthetic,synthetic_test
10304,synthetic,synthetic_test
975,synthetic,synthetic_test
9931,synthetic,synthetic_test
2938,synthetic,synthetic_test
3321,synthetic,synthetic_test
1891,synthetic,synthetic_test
4263,synthetic,synthetic_test
1902,synthetic,synthetic_test
1537,synthetic,synthetic_test
3179,synthetic,synthetic_test
9778,synthetic,synthetic_test
7455,synthetic,synthetic_test
6453,synthetic,synthetic_test
9506,synthetic,synthetic_test
9814,synthetic,synthetic_test
828,synthetic,synthetic_test
559,synthetic,synthetic_test
972,synthetic,synthetic_test
3694,synthetic,synthetic_test
1513,synthetic,synthetic_test
2667,synthetic,synthetic_test
7315,synthetic,synthetic_test
8160,synthetic,synthetic_test
8401,synthetic,synthetic_test
7971,synthetic,synthetic_test
1010,synthetic,synthetic_test
4300,synthetic,synthetic_test
387,synthetic,synthetic_test
7515,synthetic,synthetic_test
2660,synthetic,synthetic_test
5906,synthetic,synthetic_test
11987,synthetic,synthetic_test
6212,synthetic,synthetic_test
441,synthetic,synthetic_test
8875,synthetic,synthetic_test
4967,synthetic,synthetic_test
5490,synthetic,synthetic_test
9885,synthetic,synthetic_test
283,synthetic,synthetic_test
6438,synthetic,synthetic_test
6579,synthetic,synthetic_test
6605,synthetic,synthetic_test
3895,synthetic,synthetic_test
10215,synthetic,synthetic_test
1758,synthetic,synthetic_test
5926,synthetic,synthetic_test
3207,synthetic,synthetic_test
11366,synthetic,synthetic_test
6285,synthetic,synthetic_test
10793,synthetic,synthetic_test
5525,synthetic,synthetic_test
9929,synthetic,synthetic_test
9823,synthetic,synthetic_test
4031,synthetic,synthetic_test
10496,synthetic,synthetic_test
9527,synthetic,synthetic_test
7813,synthetic,synthetic_test
7756,synthetic,synthetic_test
9283,synthetic,synthetic_test
8810,synthetic,synthetic_test
11117,synthetic,synthetic_test
2891,synthetic,synthetic_test
5678,synthetic,synthetic_test
10568,synthetic,synthetic_test
2405,synthetic,synthetic_test
6945,synthetic,synthetic_test
1523,synthetic,synthetic_test
10665,synthetic,synthetic_test
5053,synthetic,synthetic_test
6735,synthetic,synthetic_test
10688,synthetic,synthetic_test
936,synthetic,synthetic_test
11732,synthetic,synthetic_test
5532,synthetic,synthetic_test
8067,synthetic,synthetic_test
3684,synthetic,synthetic_test
9258,synthetic,synthetic_test
8386,synthetic,synthetic_test
6505,synthetic,synthetic_test
1980,synthetic,synthetic_test
6821,synthetic,synthetic_test
4976,synthetic,synthetic_test
6626,synthetic,synthetic_test
7661,synthetic,synthetic_test
12188,synthetic,synthetic_test
8618,synthetic,synthetic_test
525,synthetic,synthetic_test
6205,synthetic,synthetic_test
10951,synthetic,synthetic_test
6456,synthetic,synthetic_test
1383,synthetic,synthetic_test
10114,synthetic,synthetic_test
11553,synthetic,synthetic_test
7504,synthetic,synthetic_test
1877,synthetic,synthetic_test
6229,synthetic,synthetic_test
4593,synthetic,synthetic_test
7936,synthetic,synthetic_test
11981,synthetic,synthetic_test
11183,synthetic,synthetic_test
8045,synthetic,synthetic_test
5282,synthetic,synthetic_test
3454,synthetic,synthetic_test
6615,synthetic,synthetic_test
9879,synthetic,synthetic_test
8941,synthetic,synthetic_test
4334,synthetic,synthetic_test
5268,synthetic,synthetic_test
9735,synthetic,synthetic_test
353,synthetic,synthetic_test
6926,synthetic,synthetic_test
10328,synthetic,synthetic_test
4002,synthetic,synthetic_test
10097,synthetic,synthetic_test
1192,synthetic,synthetic_test
2948,synthetic,synthetic_test
6758,synthetic,synthetic_test
6797,synthetic,synthetic_test
5243,synthetic,synthetic_test
10866,synthetic,synthetic_test
883,synthetic,synthetic_test
10804,synthetic,synthetic_test
8080,synthetic,synthetic_test
2951,synthetic,synthetic_test
4568,synthetic,synthetic_test
7644,synthetic,synthetic_test
7894,synthetic,synthetic_test
5539,synthetic,synthetic_test
5499,synthetic,synthetic_test
1633,synthetic,synthetic_test
10090,synthetic,synthetic_test
6052,synthetic,synthetic_test
12258,synthetic,synthetic_test
3511,synthetic,synthetic_test
2314,synthetic,synthetic_test
8992,synthetic,synthetic_test
3176,synthetic,synthetic_test
6507,synthetic,synthetic_test
5390,synthetic,synthetic_test
6846,synthetic,synthetic_test
1959,synthetic,synthetic_test
469,synthetic,synthetic_test
8188,synthetic,synthetic_test
7998,synthetic,synthetic_test
1874,synthetic,synthetic_test
5184,synthetic,synthetic_test
8366,synthetic,synthetic_test
5359,synthetic,synthetic_test
2604,synthetic,synthetic_test
8712,synthetic,synthetic_test
3769,synthetic,synthetic_test
8388,synthetic,synthetic_test
8679,synthetic,synthetic_test
4696,synthetic,synthetic_test
10845,synthetic,synthetic_test
2046,synthetic,synthetic_test
1628,synthetic,synthetic_test
7559,synthetic,synthetic_test
5999,synthetic,synthetic_test
7132,synthetic,synthetic_test
11199,synthetic,synthetic_test
8628,synthetic,synthetic_test
6168,synthetic,synthetic_test
11748,synthetic,synthetic_test
10299,synthetic,synthetic_test
2417,synthetic,synthetic_test
8149,synthetic,synthetic_test
1748,synthetic,synthetic_test
11955,synthetic,synthetic_test
2755,synthetic,synthetic_test
1771,synthetic,synthetic_test
3470,synthetic,synthetic_test
5839,synthetic,synthetic_test
379,synthetic,synthetic_test
2611,synthetic,synthetic_test
827,synthetic,synthetic_test
4098,synthetic,synthetic_test
10082,synthetic,synthetic_test
9066,synthetic,synthetic_test
2734,synthetic,synthetic_test
4958,synthetic,synthetic_test
5672,synthetic,synthetic_test
1656,synthetic,synthetic_test
4840,synthetic,synthetic_test
8027,synthetic,synthetic_test
5290,synthetic,synthetic_test
7938,synthetic,synthetic_test
6688,synthetic,synthetic_test
3907,synthetic,synthetic_test
6607,synthetic,synthetic_test
2140,synthetic,synthetic_test
617,synthetic,synthetic_test
6341,synthetic,synthetic_test
1181,synthetic,synthetic_test
8228,synthetic,synthetic_test
8798,synthetic,synthetic_test
7630,synthetic,synthetic_test
11803,synthetic,synthetic_test
5870,synthetic,synthetic_test
11950,synthetic,synthetic_test
9216,synthetic,synthetic_test
6182,synthetic,synthetic_test
8945,synthetic,synthetic_test
1920,synthetic,synthetic_test
9459,synthetic,synthetic_test
5639,synthetic,synthetic_test
9122,synthetic,synthetic_test
727,synthetic,synthetic_test
6552,synthetic,synthetic_test
3441,synthetic,synthetic_test
5744,synthetic,synthetic_test
4179,synthetic,synthetic_test
3291,synthetic,synthetic_test
6405,synthetic,synthetic_test
10381,synthetic,synthetic_test
6419,synthetic,synthetic_test
4036,synthetic,synthetic_test
1168,synthetic,synthetic_test
2520,synthetic,synthetic_test
6000,synthetic,synthetic_test
7020,synthetic,synthetic_test
7332,synthetic,synthetic_test
2964,synthetic,synthetic_test
11520,synthetic,synthetic_test
6608,synthetic,synthetic_test
7861,synthetic,synthetic_test
10702,synthetic,synthetic_test
1233,synthetic,synthetic_test
11611,synthetic,synthetic_test
11497,synthetic,synthetic_test
8885,synthetic,synthetic_test
6165,synthetic,synthetic_test
270,synthetic,synthetic_test
595,synthetic,synthetic_test
1507,synthetic,synthetic_test
2296,synthetic,synthetic_test
6378,synthetic,synthetic_test
1766,synthetic,synthetic_test
1686,synthetic,synthetic_test
5324,synthetic,synthetic_test
9250,synthetic,synthetic_test
3783,synthetic,synthetic_test
6871,synthetic,synthetic_test
7463,synthetic,synthetic_test
8096,synthetic,synthetic_test
8520,synthetic,synthetic_test
3708,synthetic,synthetic_test
2379,synthetic,synthetic_test
8540,synthetic,synthetic_test
6647,synthetic,synthetic_test
279,synthetic,synthetic_test
10402,synthetic,synthetic_test
9217,synthetic,synthetic_test
11306,synthetic,synthetic_test
9846,synthetic,synthetic_test
2800,synthetic,synthetic_test
694,synthetic,synthetic_test
10035,synthetic,synthetic_test
7118,synthetic,synthetic_test
2451,synthetic,synthetic_test
6989,synthetic,synthetic_test
3228,synthetic,synthetic_test
7579,synthetic,synthetic_test
6910,synthetic,synthetic_test
4596,synthetic,synthetic_test
2122,synthetic,synthetic_test
5889,synthetic,synthetic_test
11961,synthetic,synthetic_test
1605,synthetic,synthetic_test
5828,synthetic,synthetic_test
10590,synthetic,synthetic_test
9143,synthetic,synthetic_test
3572,synthetic,synthetic_test
11080,synthetic,synthetic_test
3274,synthetic,synthetic_test
9917,synthetic,synthetic_test
3909,synthetic,synthetic_test
11922,synthetic,synthetic_test
9241,synthetic,synthetic_test
11053,synthetic,synthetic_test
11938,synthetic,synthetic_test
6658,synthetic,synthetic_test
698,synthetic,synthetic_test
7708,synthetic,synthetic_test
10693,synthetic,synthetic_test
4235,synthetic,synthetic_test
3788,synthetic,synthetic_test
7767,synthetic,synthetic_test
5972,synthetic,synthetic_test
12056,synthetic,synthetic_test
1599,synthetic,synthetic_test
9590,synthetic,synthetic_test
4453,synthetic,synthetic_test
616,synthetic,synthetic_test
8053,synthetic,synthetic_test
2531,synthetic,synthetic_test
9675,synthetic,synthetic_test
5960,synthetic,synthetic_test
4283,synthetic,synthetic_test
1000,synthetic,synthetic_test
316,synthetic,synthetic_test
2434,synthetic,synthetic_test
11318,synthetic,synthetic_test
6789,synthetic,synthetic_test
3293,synthetic,synthetic_test
2992,synthetic,synthetic_test
9115,synthetic,synthetic_test
1155,synthetic,synthetic_test
7473,synthetic,synthetic_test
10948,synthetic,synthetic_test
7143,synthetic,synthetic_test
5027,synthetic,synthetic_test
7065,synthetic,synthetic_test
11666,synthetic,synthetic_test
8832,synthetic,synthetic_test
2777,synthetic,synthetic_test
5003,synthetic,synthetic_test
12025,synthetic,synthetic_test
4597,synthetic,synthetic_test
11198,synthetic,synthetic_test
4820,synthetic,synthetic_test
9029,synthetic,synthetic_test
8215,synthetic,synthetic_test
7340,synthetic,synthetic_test
5962,synthetic,synthetic_test
11898,synthetic,synthetic_test
4337,synthetic,synthetic_test
10678,synthetic,synthetic_test
3681,synthetic,synthetic_test
1331,synthetic,synthetic_test
6957,synthetic,synthetic_test
1873,synthetic,synthetic_test
10731,synthetic,synthetic_test
11003,synthetic,synthetic_test
1957,synthetic,synthetic_test
10444,synthetic,synthetic_test
5552,synthetic,synthetic_test
5033,synthetic,synthetic_test
1697,synthetic,synthetic_test
12080,synthetic,synthetic_test
4249,synthetic,synthetic_test
9130,synthetic,synthetic_test
4475,synthetic,synthetic_test
8427,synthetic,synthetic_test
2836,synthetic,synthetic_test
6936,synthetic,synthetic_test
9225,synthetic,synthetic_test
10021,synthetic,synthetic_test
8682,synthetic,synthetic_test
11124,synthetic,synthetic_test
576,synthetic,synthetic_test
9058,synthetic,synthetic_test
10681,synthetic,synthetic_test
7563,synthetic,synthetic_test
5913,synthetic,synthetic_test
9644,synthetic,synthetic_test
716,synthetic,synthetic_test
1324,synthetic,synthetic_test
8980,synthetic,synthetic_test
6780,synthetic,synthetic_test
3233,synthetic,synthetic_test
9237,synthetic,synthetic_test
2306,synthetic,synthetic_test
12239,synthetic,synthetic_test
6689,synthetic,synthetic_test
6292,synthetic,synthetic_test
10377,synthetic,synthetic_test
1730,synthetic,synthetic_test
3370,synthetic,synthetic_test
8900,synthetic,synthetic_test
10930,synthetic,synthetic_test
11042,synthetic,synthetic_test
6483,synthetic,synthetic_test
5022,synthetic,synthetic_test
3929,synthetic,synthetic_test
0,mlperf,external_test
1,mlperf,external_test
2,mlperf,external_test
3,mlperf,external_test
4,mlperf,external_test
5,mlperf,external_test
6,mlperf,external_test
8,mlperf,external_test
9,mlperf,external_test
10,mlperf,external_test
11,mlperf,external_test
12,mlperf,external_test
13,mlperf,external_test
19,mlperf,external_test
20,mlperf,external_test
21,mlperf,external_test
23,mlperf,external_test
24,mlperf,external_test
25,mlperf,external_test
27,mlperf,external_test
28,mlperf,external_test
29,mlperf,external_test
30,mlperf,external_test
31,mlperf,external_test
34,mlperf,external_test
35,mlperf,external_test
36,mlperf,external_test
37,mlperf,external_test
38,mlperf,external_test
40,mlperf,external_test
43,mlperf,external_test
44,mlperf,external_test
45,mlperf,external_test
46,mlperf,external_test
48,mlperf,external_test
54,mlperf,external_test
55,mlperf,external_test
56,mlperf,external_test
57,mlperf,external_test
58,mlperf,external_test
59,mlperf,external_test
60,mlperf,external_test
61,mlperf,external_test
62,mlperf,external_test
63,mlperf,external_test
64,mlperf,external_test
65,mlperf,external_test
66,mlperf,external_test
67,mlperf,external_test
68,mlperf,external_test
69,mlperf,external_test
70,mlperf,external_test
72,mlperf,external_test
76,mlperf,external_test
77,mlperf,external_test
78,mlperf,external_test
81,mlperf,external_test
82,mlperf,external_test
83,mlperf,external_test
84,mlperf,external_test
85,mlperf,external_test
86,mlperf,external_test
87,mlperf,external_test
88,mlperf,external_test
89,mlperf,external_test
90,mlperf,external_test
91,codecarbon,external_test
92,huggingface,external_test
93,huggingface,external_test
94,huggingface,external_test
95,huggingface,external_test
96,huggingface,external_test
97,huggingface,external_test
98,huggingface,external_test
99,huggingface,external_test
100,huggingface,external_test
101,huggingface,external_test
102,huggingface,external_test
103,huggingface,external_test
104,huggingface,external_test
105,huggingface,external_test
106,huggingface,external_test
107,huggingface,external_test
108,huggingface,external_test
109,huggingface,external_test
110,huggingface,external_test
111,huggingface,external_test
112,huggingface,external_test
113,huggingface,external_test
114,huggingface,external_test
115,huggingface,external_test
116,huggingface,external_test
117,huggingface,external_test
118,huggingface,external_test
119,huggingface,external_test
120,huggingface,external_test
121,huggingface,external_test
122,huggingface,external_test
123,huggingface,external_test
124,huggingface,external_test
125,huggingface,external_test
126,huggingface,external_test
127,huggingface,external_test
128,huggingface,external_test
129,huggingface,external_test
130,huggingface,external_test
131,huggingface,external_test
132,huggingface,external_test
133,huggingface,external_test
134,huggingface,external_test
135,huggingface,external_test
136,huggingface,external_test
137,huggingface,external_test
138,huggingface,external_test
139,huggingface,external_test
140,huggingface,external_test
141,huggingface,external_test
142,huggingface,external_test
143,huggingface,external_test
144,huggingface,external_test
145,huggingface,external_test
146,huggingface,external_test
147,huggingface,external_test
148,huggingface,external_test
149,huggingface,external_test
150,huggingface,external_test
151,huggingface,external_test
152,huggingface,external_test
153,huggingface,external_test
154,huggingface,external_test
155,huggingface,external_test
156,huggingface,external_test
157,huggingface,external_test
158,huggingface,external_test
159,huggingface,external_test
160,huggingface,external_test
161,huggingface,external_test
162,huggingface,external_test
163,huggingface,external_test
164,huggingface,external_test
165,huggingface,external_test
166,huggingface,external_test
167,huggingface,external_test
168,huggingface,external_test
169,huggingface,external_test
170,huggingface,external_test
171,huggingface,external_test
172,huggingface,external_test
173,huggingface,external_test
174,huggingface,external_test
175,huggingface,external_test
176,huggingface,external_test
177,huggingface,external_test
178,huggingface,external_test
179,huggingface,external_test
180,huggingface,external_test
181,huggingface,external_test
182,huggingface,external_test
183,huggingface,external_test
184,huggingface,external_test
185,huggingface,external_test
186,huggingface,external_test
187,huggingface,external_test
188,huggingface,external_test
189,huggingface,external_test
190,huggingface,external_test
191,huggingface,external_test
192,huggingface,external_test
193,huggingface,external_test
194,huggingface,external_test
195,huggingface,external_test
196,huggingface,external_test
197,huggingface,external_test
198,huggingface,external_test
199,huggingface,external_test
200,huggingface,external_test
201,huggingface,external_test
202,huggingface,external_test
203,huggingface,external_test
204,huggingface,external_test
205,huggingface,external_test
206,huggingface,external_test
207,huggingface,external_test
208,huggingface,external_test
209,huggingface,external_test
210,huggingface,external_test
211,huggingface,external_test
212,huggingface,external_test
213,huggingface,external_test
214,huggingface,external_test
215,huggingface,external_test
216,huggingface,external_test
217,huggingface,external_test
218,huggingface,external_test
219,huggingface,external_test
220,huggingface,external_test
221,huggingface,external_test
222,huggingface,external_test
223,huggingface,external_test
224,huggingface,external_test
225,huggingface,external_test
226,huggingface,external_test
227,huggingface,external_test
228,huggingface,external_test
229,huggingface,external_test
230,huggingface,external_test
231,huggingface,external_test
232,huggingface,external_test
233,huggingface,external_test
234,huggingface,external_test
235,huggingface,external_test
236,huggingface,external_test
237,huggingface,external_test
238,huggingface,external_test
239,huggingface,external_test
240,huggingface,external_test
241,huggingface,external_test
242,huggingface,external_test
243,huggingface,external_test
244,huggingface,external_test
245,huggingface,external_test
246,huggingface,external_test
247,huggingface,external_test
248,huggingface,external_test
249,huggingface,external_test
250,huggingface,external_test
251,huggingface,external_test
252,huggingface,external_test
253,huggingface,external_test
254,huggingface,external_test
255,huggingface,external_test
256,huggingface,external_test
257,huggingface,external_test
258,huggingface,external_test
259,huggingface,external_test
